asset_id,relative_path,filename,file_size,sha256,width,height,decodable,document_title,document_id,page,section,figure_number,figure_title,family,model,order_number,visual_type,source,verified,qualified,rejection_reasons
ASSET_0001,safeplc_assist_box/frontend/assets/demo_evidence_150/installation_power/page_00003.jpg,page_00003.jpg,261594,c0aefcc1a566b01d889fed4e59470430a1186ab49dac51cb0950ee9b5e6b764c,993,1323,True,S7-1500/ET 200MP Manual Collection,A5E51692496-AD,3,基本信息 > S7-1500/ET 200MP 自动化系统 > 安全和产品符合性说明,,,ET 200MP,ET 200MP,unknown,installation_power_page,real_manual_page,True,True,
ASSET_0002,safeplc_assist_box/frontend/assets/demo_evidence_150/installation_power/page_00004.jpg,page_00004.jpg,231074,31d2e567dbf024ee6ae38967f3f4098f423b616c4c639acc68b61125a3be125f,993,1323,True,S7-1500/ET 200MP Manual Collection,A5E51692496-AD,4,基本信息 > S7-1500/ET 200MP 自动化系统 > 安全和产品符合性说明,,,ET 200MP,ET 200MP,unknown,installation_power_page,real_manual_page,True,True,
ASSET_0003,safeplc_assist_box/frontend/assets/demo_evidence_150/safety/page_00005.jpg,page_00005.jpg,161854,ca4b6311ccb143de1c60be5054b07a6edba552b6e2dc155c11ae98d2a439b1e3,993,1323,True,S7-1500/ET 200MP Manual Collection,A5E51692496-AD,5,基本信息 > S7-1500/ET 200MP 自动化系统 > 安全和产品符合性说明,,,ET 200MP,ET 200MP,unknown,safety_risk_page,real_manual_page,True,True,
ASSET_0004,safeplc_assist_box/frontend/assets/demo_evidence_150/safety/page_00006.jpg,page_00006.jpg,312473,beae9b4c55bd96ac46149a331673bbaabcd0001f2ebcdf65c216b9f75e2aae7f,993,1323,True,S7-1500/ET 200MP Manual Collection,A5E51692496-AD,6,基本信息 > S7-1500/ET 200MP 自动化系统 > 安全和产品符合性说明,,,ET 200MP,ET 200MP,unknown,safety_risk_page,real_manual_page,True,True,
ASSET_0005,safeplc_assist_box/frontend/assets/demo_evidence_150/installation_power/page_00010.jpg,page_00010.jpg,267190,5accd61cf0b0f09cb75e60f71c9ad44f2778a5c30c6481e3bb944df07e0d6761,993,1323,True,S7-1500/ET 200MP Manual Collection,unknown,10,基本信息 > 自动化系统 > 目录,,,unknown,unknown,unknown,installation_power_page,real_manual_page,True,True,
ASSET_0006,safeplc_assist_box/frontend/assets/demo_evidence_150/module_layout/page_00012.jpg,page_00012.jpg,347340,fbf745611bef26c298c13d242f85985d33c6e5be6bbda694eecc8e11e39670d1,993,1323,True,S7-1500/ET 200MP Manual Collection,unknown,12,基本信息 > 自动化系统 > 目录,,,unknown,unknown,unknown,module_cpu_page,real_manual_page,True,True,
ASSET_0007,safeplc_assist_box/frontend/assets/demo_evidence_150/module_layout/page_00013.jpg,page_00013.jpg,305900,0aaac068e9f7f514cc97861014edf986ae8ce5a1a298b45013ee778ad185a46f,993,1323,True,S7-1500/ET 200MP Manual Collection,unknown,13,基本信息 > 自动化系统 > 目录,,,unknown,unknown,unknown,module_cpu_page,real_manual_page,True,True,
ASSET_0008,safeplc_assist_box/frontend/assets/demo_evidence_150/wiring_terminal/page_00014.jpg,page_00014.jpg,311440,a8d6a82549e45df8adfffdbbfcb70b49c600ce90c81cc685c3a6faa84e5371f7,993,1323,True,S7-1500/ET 200MP Manual Collection,unknown,14,基本信息 > 自动化系统 > 目录,,,unknown,unknown,unknown,wiring_or_terminal_page,real_manual_page,True,True,
ASSET_0009,safeplc_assist_box/frontend/assets/demo_evidence_150/module_layout/page_00015.jpg,page_00015.jpg,313571,ec91f921c51d33ffaffe0fbb7614ec04c1d5012dc98decbca1d18edb00af53a1,993,1323,True,S7-1500/ET 200MP Manual Collection,unknown,15,基本信息 > 自动化系统 > 目录,,,unknown,unknown,unknown,module_cpu_page,real_manual_page,True,True,
ASSET_0010,safeplc_assist_box/frontend/assets/demo_evidence_150/parameters/page_00016.jpg,page_00016.jpg,281415,e4ac22163e2281e2a3e0ab9463e105d2c06d90c9adfafbfab6dc7bab4022d208,993,1323,True,S7-1500/ET 200MP Manual Collection,A5E03461186-AN,16,基本信息 > 自动化系统 > 目录,,,unknown,unknown,unknown,table_or_parameter_page,real_manual_page,True,True,
ASSET_0011,safeplc_assist_box/frontend/assets/demo_evidence_150/installation_power/page_00017.jpg,page_00017.jpg,122116,5776478f73a5076497e258095657462c7bd3659c0180d4969f9d664e1ae8df94,993,1323,True,S7-1500/ET 200MP Manual Collection,A5E03461186-AN,17,基本信息 > 自动化系统 > 目录,,,unknown,unknown,unknown,installation_power_page,real_manual_page,True,True,
ASSET_0012,safeplc_assist_box/frontend/assets/demo_evidence_150/module_layout/page_00021.jpg,page_00021.jpg,160226,99430d683b1e37cb72cef61a5c84c10a850e6bcc59439a8c3890bc11f3b5e134,993,1323,True,S7-1500/ET 200MP Manual Collection,A5E03461186-AN,21,基本信息 > 自动化系统 > 1 简介 > 1.2 S7-1500/ET 200MP 文档指南 > 1.2.1 信息类 S7-1500/ET 200MP > 1.2.1.1 S7-1500/ET 200MP 文档指南,,,ET 200MP,ET 200MP,unknown,module_cpu_page,real_manual_page,True,True,
ASSET_0013,safeplc_assist_box/frontend/assets/demo_evidence_150/installation_power/page_00025.jpg,page_00025.jpg,148699,fb574c4095b1e5be71ceb9ec7f7354c5ce46bdab141becc729e25fbceda2a2fe,993,1323,True,S7-1500/ET 200MP Manual Collection,A5E03461186-AN,25,基本信息 > 自动化系统 > 2 安全信息 > 2.2 安全符号 > 2.2.1 无防爆保护的设备,,,unknown,unknown,unknown,installation_power_page,real_manual_page,True,True,
ASSET_0014,safeplc_assist_box/frontend/assets/demo_evidence_150/installation_power/page_00026.jpg,page_00026.jpg,173671,7118f4a3aa664171de19d3270386f80d083aa904644bf73b8f5cd949d53b5755,993,1323,True,S7-1500/ET 200MP Manual Collection,A5E03461186-AN,26,基本信息 > 自动化系统 > 2 安全信息 > 2.2 安全符号 > 2.2.2 有防爆保护的设备,,,unknown,unknown,unknown,installation_power_page,real_manual_page,True,True,
ASSET_0015,safeplc_assist_box/frontend/assets/demo_evidence_150/installation_power/page_00030.jpg,page_00030.jpg,134758,49cc361861353b0aebf60bb235a9e5545e5a73d683068c8ba53a324c77f6fbe4,993,1323,True,S7-1500/ET 200MP Manual Collection,A5E03461186-AN,30,基本信息 > 自动化系统 > 2 安全信息 > 2.9 残余风险 > 2.9.1 带电部件,,,unknown,unknown,unknown,installation_power_page,real_manual_page,True,True,
ASSET_0016,safeplc_assist_box/frontend/assets/demo_evidence_150/installation_power/page_00033.jpg,page_00033.jpg,113981,c120ca6e4f48ec838382e6b9af545bf9d508ea4d3b36fad80c502ae6a684a1b9,993,1323,True,S7-1500/ET 200MP Manual Collection,A5E03461186-AN,33,基本信息 > 自动化系统 > 2 安全信息 > 2.11 材料损坏 > 2.11.2 安装和连接,,,unknown,unknown,unknown,installation_power_page,real_manual_page,True,True,
ASSET_0017,safeplc_assist_box/frontend/assets/demo_evidence_150/safety/page_00049.jpg,page_00049.jpg,179615,746ab789090cce73fefd5aadd0d97474250f69c82e1734e977301af70909e5ad,993,1323,True,S7-1500/ET 200MP Manual Collection,A5E03461186-AN,49,基本信息 > 自动化系统 > 4 工业网络安全 > 4.5 应用操作环境和安全假设 > 4.5.1 预期用途,,,unknown,unknown,unknown,safety_risk_page,real_manual_page,True,True,
ASSET_0018,safeplc_assist_box/frontend/assets/demo_evidence_150/module_layout/page_00093.jpg,page_00093.jpg,165929,04109d8e2121397cda3bc32fe93140f64755c51388ef21b39b7c86211d758542,993,1323,True,S7-1500/ET 200MP Manual Collection,A5E03461186-AN,93,基本信息 > 自动化系统 > 5 系统概述 > 5.2 组态 > 5.2.3 使用 SIMATIC S7-1500 组态故障安全系统,图 1-19,带有故障安全 I/O 模块的 ET 200MP 组态示例,unknown,unknown,unknown,module_cpu_page,real_manual_page,True,True,
ASSET_0019,safeplc_assist_box/frontend/assets/demo_evidence_150/installation_power/page_00095.jpg,page_00095.jpg,199752,c7eff696dd4a90e63a79c7765bc045e4a0ca4bb8be35e6d82724bd42ae867ff0,993,1323,True,S7-1500/ET 200MP Manual Collection,A5E03461186-AN,95,基本信息 > 自动化系统 > 5 系统概述 > 5.3 组件,,,unknown,unknown,unknown,installation_power_page,real_manual_page,True,True,
ASSET_0020,safeplc_assist_box/frontend/assets/demo_evidence_150/wiring_terminal/page_00096.jpg,page_00096.jpg,240179,9545d517747139cc6813c7724cb569d50e5bd63fa2245efcdb2c9943c1d581d6,993,1323,True,S7-1500/ET 200MP Manual Collection,A5E03461186-AN,96,基本信息 > 自动化系统 > 5 系统概述 > 5.3 组件,,,unknown,unknown,unknown,wiring_or_terminal_page,real_manual_page,True,True,
ASSET_0021,safeplc_assist_box/frontend/assets/demo_evidence_150/wiring_terminal/page_00097.jpg,page_00097.jpg,224180,2e4d3edbf9298981f9475dc87085274a76ab71062d2b86a088f3111c6bdf9e3b,993,1323,True,S7-1500/ET 200MP Manual Collection,A5E03461186-AN,97,基本信息 > 自动化系统 > 5 系统概述 > 5.3 组件,,,unknown,unknown,unknown,wiring_or_terminal_page,real_manual_page,True,True,
ASSET_0022,safeplc_assist_box/frontend/assets/demo_evidence_150/installation_power/page_00098.jpg,page_00098.jpg,181275,0884827fc242a520738dd8a7894fceb443d1e67b7d3119eab05d52711fea0333,993,1323,True,S7-1500/ET 200MP Manual Collection,A5E03461186-AN,98,基本信息 > 自动化系统 > 5 系统概述 > 5.3 组件,,,unknown,unknown,unknown,installation_power_page,real_manual_page,True,True,
ASSET_0023,safeplc_assist_box/frontend/assets/demo_evidence_150/installation_power/page_00099.jpg,page_00099.jpg,172033,e24bb4f4f0bccad70b78d3fd191eb1c24182af83f3f79958ddc37340221ce0e3,993,1323,True,S7-1500/ET 200MP Manual Collection,A5E03461186-AN,99,基本信息 > 自动化系统 > 5 系统概述 > 5.4 CPU,图 1-20,控制器,unknown,unknown,unknown,installation_power_page,real_manual_page,True,True,
ASSET_0024,safeplc_assist_box/frontend/assets/demo_evidence_150/parameters/page_00103.jpg,page_00103.jpg,243035,30c915d9e0b0c11b33d813b696357f636ce2f598611f30706dc466fb21eb0f00,993,1323,True,S7-1500/ET 200MP Manual Collection,A5E03461186-AN,103,基本信息 > 自动化系统 > 5 系统概述 > 5.4 CPU > 5.4.2 CPU 的技术规范,,,unknown,unknown,unknown,table_or_parameter_page,real_manual_page,True,True,
ASSET_0025,safeplc_assist_box/frontend/assets/demo_evidence_150/safety/page_00108.jpg,page_00108.jpg,105165,3dd4dde3a708eb1e104d949b3cf6b6bbbfded4f64fdb73dcfb262a1ad68eed66,993,1323,True,S7-1500/ET 200MP Manual Collection,A5E03461186-AN,108,基本信息 > 自动化系统 > 5 系统概述 > 5.4 CPU > 5.4.4 安全性,,,unknown,unknown,unknown,safety_risk_page,real_manual_page,True,True,
ASSET_0026,safeplc_assist_box/frontend/assets/demo_evidence_150/parameters/page_00119.jpg,page_00119.jpg,330207,53ec4f4ab6bb1bb9e3ca0bcf76b85c8eb659a92520fc7fecfd5ec677b170a509,993,1323,True,S7-1500/ET 200MP Manual Collection,A5E03461186-AN,119,基本信息 > 自动化系统 > 5 系统概述 > 5.6 输入和输出模块 > 5.6.3 数字量输出模块,,,unknown,unknown,unknown,table_or_parameter_page,real_manual_page,True,True,
ASSET_0027,safeplc_assist_box/frontend/assets/demo_evidence_150/parameters/page_00121.jpg,page_00121.jpg,341919,c533470811132599e298a664e104312fc555f4373694b1d5daf5494ede407a5d,993,1323,True,S7-1500/ET 200MP Manual Collection,A5E03461186-AN,121,基本信息 > 自动化系统 > 5 系统概述 > 5.6 输入和输出模块 > 5.6.3 数字量输出模块,,,unknown,unknown,unknown,table_or_parameter_page,real_manual_page,True,True,
ASSET_0028,safeplc_assist_box/frontend/assets/demo_evidence_150/parameters/page_00122.jpg,page_00122.jpg,221651,e989fe2c8b0529b294c4f3c9d8b2bdcce8cc377ec6e547be4661e30c88adcd2a,993,1323,True,S7-1500/ET 200MP Manual Collection,A5E03461186-AN,122,基本信息 > 自动化系统 > 5 系统概述 > 5.6 输入和输出模块 > 5.6.4 故障安全数字量模块,,,unknown,unknown,unknown,table_or_parameter_page,real_manual_page,True,True,
ASSET_0029,safeplc_assist_box/frontend/assets/demo_evidence_150/parameters/page_00124.jpg,page_00124.jpg,281125,5403e0d85ea0a7cddd133a49fd5d5699d655b929e620dd67fb12e57d2bb01a23,993,1323,True,S7-1500/ET 200MP Manual Collection,A5E03461186-AN,124,基本信息 > 自动化系统 > 5 系统概述 > 5.6 输入和输出模块 > 5.6.5 模拟量输入模块,,,unknown,unknown,unknown,table_or_parameter_page,real_manual_page,True,True,
ASSET_0030,safeplc_assist_box/frontend/assets/demo_evidence_150/parameters/page_00127.jpg,page_00127.jpg,281929,b7d22ec5251899ef27f71824ba583daaed634e284e2801614f018bd9380781f0,993,1323,True,S7-1500/ET 200MP Manual Collection,A5E03461186-AN,127,基本信息 > 自动化系统 > 5 系统概述 > 5.6 输入和输出模块 > 5.6.6 模拟量输出模块,,,unknown,unknown,unknown,table_or_parameter_page,real_manual_page,True,True,
ASSET_0031,safeplc_assist_box/frontend/assets/demo_evidence_150/module_layout/page_00148.jpg,page_00148.jpg,195475,e4d1bd675fe9aaa2f550fc3ed9a637b2792fab056369eb5d49172cbd113f15f4,993,1323,True,S7-1500/ET 200MP Manual Collection,A5E03461186-AN,148,基本信息 > 自动化系统 > 5 系统概述 > 5.9 电源,图 1-29,电源的完整组态,unknown,unknown,unknown,module_cpu_page,real_manual_page,True,True,
ASSET_0032,safeplc_assist_box/frontend/assets/demo_evidence_150/parameters/page_00149.jpg,page_00149.jpg,332165,46fd99e6fcee44607de7624dda4d0f291dc104b9dad05753d602ed639736561d,993,1323,True,S7-1500/ET 200MP Manual Collection,A5E03461186-AN,149,基本信息 > 自动化系统 > 5 系统概述 > 5.9 电源,,,unknown,unknown,unknown,table_or_parameter_page,real_manual_page,True,True,
ASSET_0033,safeplc_assist_box/frontend/assets/demo_evidence_150/wiring_terminal/page_00150.jpg,page_00150.jpg,241395,ca186ea839d9d93f613ec663fc59f02e0157d50b3f8e70d32d2f66f68c0e08d9,993,1323,True,S7-1500/ET 200MP Manual Collection,A5E03461186-AN,150,基本信息 > 自动化系统 > 5 系统概述 > 5.10 连接元件和系统接线,图 1-30,前连接器的型号（带有/不带屏蔽功能）,unknown,unknown,unknown,wiring_or_terminal_page,real_manual_page,True,True,
ASSET_0034,safeplc_assist_box/frontend/assets/demo_evidence_150/installation_power/page_00155.jpg,page_00155.jpg,173114,8f6a4b5d675ad4b395f3531360a3d973f546ba3b4b401ebeadd07c224104aa94,993,1323,True,S7-1500/ET 200MP Manual Collection,A5E03461186-AN,155,基本信息 > 自动化系统 > 6 应用规划 > 6.1 硬件配置 > 6.1.1 S7-1500 自动化系统的硬件配置,图 1-33,S7-1500 最大组态,unknown,unknown,unknown,installation_power_page,real_manual_page,True,True,
ASSET_0035,safeplc_assist_box/frontend/assets/demo_evidence_150/installation_power/page_00156.jpg,page_00156.jpg,259388,1b1dccabb22e06aef8d5f7fe3ed87d9b583ec5fa365d249b1f7f0d57be24fb6c,993,1323,True,S7-1500/ET 200MP Manual Collection,A5E03461186-AN,156,基本信息 > 自动化系统 > 6 应用规划 > 6.1 硬件配置 > 6.1.2 带有 PROFINET 接口模块的 ET 200MP 分布式 I/O 系统的硬件配置,,,ET 200MP,ET 200MP,unknown,installation_power_page,real_manual_page,True,True,
ASSET_0036,safeplc_assist_box/frontend/assets/demo_evidence_150/installation_power/page_00159.jpg,page_00159.jpg,190111,bd57e0544e9b213fc5e60dafee94cd0c6d4255078042b41a7572b9662d9a2177,993,1323,True,S7-1500/ET 200MP Manual Collection,A5E03461186-AN,159,基本信息 > 自动化系统 > 6 应用规划 > 6.2 系统电源和负载电源,图 1-36,带负载电流电源 (PM) 和系统电源 (PS) 的完整配置,unknown,unknown,unknown,installation_power_page,real_manual_page,True,True,
ASSET_0037,safeplc_assist_box/frontend/assets/demo_evidence_150/installation_power/page_00162.jpg,page_00162.jpg,170997,e22bf27eff3907266464f353ac081be41afcbc5d10baa4672d695105c7fb2a4f,993,1323,True,S7-1500/ET 200MP Manual Collection,A5E03461186-AN,162,基本信息 > 自动化系统 > 6 应用规划 > 6.2 系统电源和负载电源 > 6.2.2 在第一个电源段中使用系统电源的特殊注意事项,图 1-38,仅通过 CPU/接口模块供电,unknown,unknown,unknown,installation_power_page,real_manual_page,True,True,
ASSET_0038,safeplc_assist_box/frontend/assets/demo_evidence_150/installation_power/page_00168.jpg,page_00168.jpg,199294,93e74c4ed3cfdcde5cfd9dbe6188fe36b11e07b908631aa0f5201acbfc9de48f,993,1323,True,S7-1500/ET 200MP Manual Collection,A5E03461186-AN,168,基本信息 > 自动化系统 > 6 应用规划 > 6.3 供电平衡计算,图 1-44,使用 STEP 7 进行供电平衡计算的示例,unknown,unknown,unknown,installation_power_page,real_manual_page,True,True,
ASSET_0039,safeplc_assist_box/frontend/assets/demo_evidence_150/installation_power/page_00170.jpg,page_00170.jpg,190241,a7d6299cbd3d15b5562f343e18614a1a2afe7aa684cb11cd98373dd567973750,993,1323,True,S7-1500/ET 200MP Manual Collection,A5E03461186-AN,170,基本信息 > 自动化系统 > 6 应用规划 > 6.4 负载电源的用途,图 1-45,通过 24 VDC 负载电流电源为各模块供电,unknown,unknown,unknown,installation_power_page,real_manual_page,True,True,
ASSET_0040,safeplc_assist_box/frontend/assets/demo_evidence_150/installation_power/page_00175.jpg,page_00175.jpg,161495,5a301fe35e5f3f64ab1a8b03d20f345697d5b18fa60bc618c6a03ea505515ef5,993,1323,True,S7-1500/ET 200MP Manual Collection,A5E03461186-AN,175,基本信息 > 自动化系统 > 7 安装 > 7.2 安装安装导轨,图 1-47,准备 2000 mm 安装导轨,unknown,unknown,unknown,installation_power_page,real_manual_page,True,True,
ASSET_0041,safeplc_assist_box/frontend/assets/demo_evidence_150/installation_power/page_00176.jpg,page_00176.jpg,102217,aea402478b3ddce08cfddb67a8b11f0315d2838ef85bc10aa63a9540cf9f542d,993,1323,True,S7-1500/ET 200MP Manual Collection,A5E03461186-AN,176,基本信息 > 自动化系统 > 7 安装 > 7.2 安装安装导轨,图 1-48,连接保护性导线（保护接地）,unknown,unknown,unknown,installation_power_page,real_manual_page,True,True,
ASSET_0042,safeplc_assist_box/frontend/assets/demo_evidence_150/installation_power/page_00183.jpg,page_00183.jpg,112671,106949fc3c6c6dd04513318838f510347d08d85b1c8d07742f991dc861192883,993,1323,True,S7-1500/ET 200MP Manual Collection,A5E03461186-AN,183,基本信息 > 自动化系统 > 7 安装 > 7.4 安装系统电源,图 1-54,安装系统电源,unknown,unknown,unknown,installation_power_page,real_manual_page,True,True,
ASSET_0043,safeplc_assist_box/frontend/assets/demo_evidence_150/installation_power/page_00184.jpg,page_00184.jpg,94236,ac4af075bea659647473ba999be58f645582d924b9f91bd3c925de11cc89593e,993,1323,True,S7-1500/ET 200MP Manual Collection,A5E03461186-AN,184,基本信息 > 自动化系统 > 7 安装 > 7.5 安装负载电流电源,,,unknown,unknown,unknown,installation_power_page,real_manual_page,True,True,
ASSET_0044,safeplc_assist_box/frontend/assets/demo_evidence_150/installation_power/page_00186.jpg,page_00186.jpg,90444,35ec7f79e4ecb97c7d1d9ccdfb895f91d705717352d6d617c65544b0dff08abd,993,1323,True,S7-1500/ET 200MP Manual Collection,A5E03461186-AN,186,基本信息 > 自动化系统 > 7 安装 > 7.6 安装 CPU,,,unknown,unknown,unknown,installation_power_page,real_manual_page,True,True,
ASSET_0045,safeplc_assist_box/frontend/assets/demo_evidence_150/installation_power/page_00187.jpg,page_00187.jpg,130693,f82e83c2fba7fd17e4a07b6d67faf7f86dce101fdeac663ae45dabb4d677b6b4,993,1323,True,S7-1500/ET 200MP Manual Collection,A5E03461186-AN,187,基本信息 > 自动化系统 > 7 安装 > 7.6 安装 CPU,图 1-56,安装 CPU,unknown,unknown,unknown,installation_power_page,real_manual_page,True,True,
ASSET_0046,safeplc_assist_box/frontend/assets/demo_evidence_150/installation_power/page_00188.jpg,page_00188.jpg,133644,83b73a5cb8959b2895f8de0cc2efce4c59b14cca1fa9229983df9fdf88cb07b7,993,1323,True,S7-1500/ET 200MP Manual Collection,A5E03461186-AN,188,基本信息 > 自动化系统 > 7 安装 > 7.7 安装接口模块,,,unknown,unknown,unknown,installation_power_page,real_manual_page,True,True,
ASSET_0047,safeplc_assist_box/frontend/assets/demo_evidence_150/installation_power/page_00193.jpg,page_00193.jpg,209686,11795a9158a6715fe52bbeb36c786b2ac9e52d2016e7e4a7ca322ed67a33e990,993,1323,True,S7-1500/ET 200MP Manual Collection,A5E03461186-AN,193,基本信息 > 自动化系统 > 8 接线 > 8.1 操作规则和规定,,,unknown,unknown,unknown,installation_power_page,real_manual_page,True,True,
ASSET_0048,safeplc_assist_box/frontend/assets/demo_evidence_150/installation_power/page_00194.jpg,page_00194.jpg,263603,3906089f057e81aa2dd9bcf0ef2cc90d10f2bbe19a6dca9be3f14e34e53a358f,993,1323,True,S7-1500/ET 200MP Manual Collection,A5E03461186-AN,194,基本信息 > 自动化系统 > 8 接线 > 8.2 有关操作带有故障安全模块的 S7-1500/ET 200MP 的更多规则和规定 > 8.2.1 适用于故障安全模块的安全超低电压（SELV、PELV）,,,ET 200MP,ET 200MP,unknown,installation_power_page,real_manual_page,True,True,
ASSET_0049,safeplc_assist_box/frontend/assets/demo_evidence_150/safety/page_00195.jpg,page_00195.jpg,211188,20ee9e4529d9abfb76a55a9d3beedd19e86f038dc5c8cccd1dbf4f19921cd58c,993,1323,True,S7-1500/ET 200MP Manual Collection,A5E03461186-AN,195,基本信息 > 自动化系统 > 8 接线 > 8.2 有关操作带有故障安全模块的 S7-1500/ET 200MP 的更多规则和规定 > 8.2.2 故障安全模块的传感器和执行器要求,,,ET 200MP,ET 200MP,unknown,safety_risk_page,real_manual_page,True,True,
ASSET_0050,safeplc_assist_box/frontend/assets/demo_evidence_150/installation_power/page_00197.jpg,page_00197.jpg,200366,5a6c27282f5ec74927b1c335cbc5865d53f055df68c4005aecadcd99193ac935,993,1323,True,S7-1500/ET 200MP Manual Collection,A5E03461186-AN,197,基本信息 > 自动化系统 > 8 接线 > 8.3 通过接地馈电系统运行,,,unknown,unknown,unknown,installation_power_page,real_manual_page,True,True,
ASSET_0051,safeplc_assist_box/frontend/assets/demo_evidence_150/installation_power/page_00198.jpg,page_00198.jpg,154690,96ea6f5a183e2731d1abd6c7c9291f61942fc3d35b5cecfa2b0ddc27da84b843,993,1323,True,S7-1500/ET 200MP Manual Collection,A5E03461186-AN,198,基本信息 > 自动化系统 > 8 接线 > 8.3 通过接地馈电系统运行,,,unknown,unknown,unknown,installation_power_page,real_manual_page,True,True,
ASSET_0052,safeplc_assist_box/frontend/assets/demo_evidence_150/installation_power/page_00199.jpg,page_00199.jpg,115377,49761a9ec58917aae002ee4e5cfad38c57c50dba2e2cdc2543514fb8d07ec24d,993,1323,True,S7-1500/ET 200MP Manual Collection,A5E03461186-AN,199,基本信息 > 自动化系统 > 8 接线 > 8.3 通过接地馈电系统运行,图 1-59,参考电位接地时，S7‑1500/ET 200MP 的操作方式,unknown,unknown,unknown,installation_power_page,real_manual_page,True,True,
ASSET_0053,safeplc_assist_box/frontend/assets/demo_evidence_150/wiring_terminal/page_00202.jpg,page_00202.jpg,174601,d720c73c5a0fe4097a12809ec4ff59ab057a1bb21f2bc9e830109d6b4526ef08,993,1323,True,S7-1500/ET 200MP Manual Collection,A5E03461186-AN,202,基本信息 > 自动化系统 > 8 接线 > 8.5 接线规则,,,unknown,unknown,unknown,wiring_or_terminal_page,real_manual_page,True,True,
ASSET_0054,safeplc_assist_box/frontend/assets/demo_evidence_150/wiring_terminal/page_00203.jpg,page_00203.jpg,207297,3392932d793b636ed487fbbf9878461ecd2abb32963b2b955417420d72f3c64a,993,1323,True,S7-1500/ET 200MP Manual Collection,A5E03461186-AN,203,基本信息 > 自动化系统 > 8 接线 > 8.5 接线规则,,,unknown,unknown,unknown,wiring_or_terminal_page,real_manual_page,True,True,
ASSET_0055,safeplc_assist_box/frontend/assets/demo_evidence_150/wiring_terminal/page_00204.jpg,page_00204.jpg,196329,b8b7c50e3684989e59dc8c62d54eee7e6bd8511de760f1101713cc40391e153e,993,1323,True,S7-1500/ET 200MP Manual Collection,A5E03461186-AN,204,基本信息 > 自动化系统 > 8 接线 > 8.5 接线规则,,,unknown,unknown,6ES7592-1AM00-0XB0,wiring_or_terminal_page,real_manual_page,True,True,
ASSET_0056,safeplc_assist_box/frontend/assets/demo_evidence_150/wiring_terminal/page_00215.jpg,page_00215.jpg,131476,5267feaa92621120c478852f9b79e95b72f241154ae3c387826e4a438dd34f3f,993,1323,True,S7-1500/ET 200MP Manual Collection,A5E03461186-AN,215,基本信息 > 自动化系统 > 8 接线 > 8.10 I/O 模块的前连接器 > 8.10.1 对不带屏蔽触点元件的 I/O 模块的前连接器接线,图 1-68,对不带屏蔽触点元件的 I/O 模块的前连接器接线,unknown,unknown,unknown,wiring_or_terminal_page,real_manual_page,True,True,
ASSET_0057,safeplc_assist_box/frontend/assets/demo_evidence_150/wiring_terminal/page_00216.jpg,page_00216.jpg,109352,2caff01377c8f1add59c0c35b60411c586edbbf379b3d5e7c0e534c56d11e838,993,1323,True,S7-1500/ET 200MP Manual Collection,A5E03461186-AN,216,基本信息 > 自动化系统 > 8 接线 > 8.10 I/O 模块的前连接器 > 8.10.2 对带屏蔽端子元件的 I/O 模块的前连接器接线,图 1-69,带屏蔽连接元件的前连接器的详细视图,unknown,unknown,unknown,wiring_or_terminal_page,real_manual_page,True,True,
ASSET_0058,safeplc_assist_box/frontend/assets/demo_evidence_150/wiring_terminal/page_00217.jpg,page_00217.jpg,170054,485a75bc5f711d73144e28ad21f791ed26bf8b6564c94a7a64c410213244914e,993,1323,True,S7-1500/ET 200MP Manual Collection,A5E03461186-AN,217,基本信息 > 自动化系统 > 8 接线 > 8.10 I/O 模块的前连接器 > 8.10.2 对带屏蔽端子元件的 I/O 模块的前连接器接线,图 1,）。,unknown,unknown,unknown,wiring_or_terminal_page,real_manual_page,True,True,
ASSET_0059,safeplc_assist_box/frontend/assets/demo_evidence_150/wiring_terminal/page_00219.jpg,page_00219.jpg,101095,e16cef01207e3766a99644be8da7349356e8efb23018eed47976e029ca19c2e1,993,1323,True,S7-1500/ET 200MP Manual Collection,A5E03461186-AN,219,基本信息 > 自动化系统 > 8 接线 > 8.10 I/O 模块的前连接器 > 8.10.2 对带屏蔽端子元件的 I/O 模块的前连接器接线,图 8,）。,unknown,unknown,unknown,wiring_or_terminal_page,real_manual_page,True,True,
ASSET_0060,safeplc_assist_box/frontend/assets/demo_evidence_150/wiring_terminal/page_00220.jpg,page_00220.jpg,80480,26d559c8a3b7f41d51e24fc5f3f1a3753f4871679ca4230a04786344e2470767,993,1323,True,S7-1500/ET 200MP Manual Collection,A5E03461186-AN,220,基本信息 > 自动化系统 > 8 接线 > 8.10 I/O 模块的前连接器 > 8.10.2 对带屏蔽端子元件的 I/O 模块的前连接器接线,图 2,）。,unknown,unknown,unknown,wiring_or_terminal_page,real_manual_page,True,True,
ASSET_0061,safeplc_assist_box/frontend/assets/demo_evidence_150/wiring_terminal/page_00221.jpg,page_00221.jpg,74090,42e3b9458f0beb5f5190a1b9a65ec07647b58e446554110a66452c5e4b5fa244,993,1323,True,S7-1500/ET 200MP Manual Collection,A5E03461186-AN,221,基本信息 > 自动化系统 > 8 接线 > 8.10 I/O 模块的前连接器 > 8.10.2 对带屏蔽端子元件的 I/O 模块的前连接器接线,图 1-76,屏蔽线夹,unknown,unknown,unknown,wiring_or_terminal_page,real_manual_page,True,True,
ASSET_0062,safeplc_assist_box/frontend/assets/demo_evidence_150/module_layout/page_00290.jpg,page_00290.jpg,217810,d80bb6bcc09a8335bf79b69ea2fe74842258d460d7191953d4cba1037d87ea89,993,1323,True,S7-1500/ET 200MP Manual Collection,A5E03461186-AN,290,基本信息 > 自动化系统 > 12 自动化机制的灵活性 > 12.2 组态控制（选件处理） > 12.2.1 组态,,,unknown,unknown,unknown,module_cpu_page,real_manual_page,True,True,
ASSET_0063,safeplc_assist_box/frontend/assets/demo_evidence_150/module_layout/page_00291.jpg,page_00291.jpg,248663,d562680dab7aee90d80056b349cd05c1ee17673a6f57513a4cd57755774a5cbe,993,1323,True,S7-1500/ET 200MP Manual Collection,A5E03461186-AN,291,基本信息 > 自动化系统 > 12 自动化机制的灵活性 > 12.2 组态控制（选件处理） > 12.2.2 创建控制数据记录,图 1-105,以 S7-1500 CPU 为例，启用组态控制,unknown,unknown,unknown,module_cpu_page,real_manual_page,True,True,
ASSET_0064,safeplc_assist_box/frontend/assets/demo_evidence_150/installation_power/page_00305.jpg,page_00305.jpg,192675,6faf441e308d570931851b91b3a804a695f3a3fdfcbb805c6b0987e69709e8ef,993,1323,True,S7-1500/ET 200MP Manual Collection,A5E03461186-AN,305,基本信息 > 自动化系统 > 13 调试 > 13.2 首次上电前检查,,,unknown,unknown,unknown,installation_power_page,real_manual_page,True,True,
ASSET_0065,safeplc_assist_box/frontend/assets/demo_evidence_150/safety/page_00307.jpg,page_00307.jpg,235602,2ba3c595a5e48f0813e6568259c6b50acee136a0d6ba8e54612682ba4b28bc1a,993,1323,True,S7-1500/ET 200MP Manual Collection,A5E03461186-AN,307,基本信息 > 自动化系统 > 13 调试 > 13.3 S7-1500 自动化系统调试步骤 > 13.3.1 将 SIMATIC 存储卡从 CPU 中拔出/插入 CPU 中,,,unknown,unknown,unknown,safety_risk_page,real_manual_page,True,True,
ASSET_0066,safeplc_assist_box/frontend/assets/demo_evidence_150/indicators/page_00309.jpg,page_00309.jpg,133065,5e46b8944ce3d85d747bd4ab530ffd92083e2d5ad78d03d6b9aa6e459bfa5a62,993,1323,True,S7-1500/ET 200MP Manual Collection,A5E03461186-AN,309,基本信息 > 自动化系统 > 13 调试 > 13.3 S7-1500 自动化系统调试步骤 > 13.3.2 CPU 首次上电,,,unknown,unknown,unknown,front_panel_or_led_page,real_manual_page,True,True,
ASSET_0067,safeplc_assist_box/frontend/assets/demo_evidence_150/safety/page_00345.jpg,page_00345.jpg,125418,436e2e5a348a483500ed832ebad2a7d42af76c5364d3a8bc269baae91abd8bcd,993,1323,True,S7-1500/ET 200MP Manual Collection,A5E03461186-AN,345,基本信息 > 自动化系统 > 15 维护 > 15.1 卸下和插入 I/O 模块,,,unknown,unknown,unknown,safety_risk_page,real_manual_page,True,True,
ASSET_0068,safeplc_assist_box/frontend/assets/demo_evidence_150/indicators/page_00360.jpg,page_00360.jpg,280356,0fd8fee4b8b0c2de31e8b62d2efdfcacb3749c7a8a02c32d527dca84097798ee,993,1323,True,S7-1500/ET 200MP Manual Collection,A5E03461186-AN,360,基本信息 > 自动化系统 > 15 维护 > 15.5 固件更新,,,unknown,unknown,unknown,front_panel_or_led_page,real_manual_page,True,True,
ASSET_0069,safeplc_assist_box/frontend/assets/demo_evidence_150/indicators/page_00373.jpg,page_00373.jpg,224799,32821a1135e6a0b2af1997a530f6d53fc8c5b0bb6e654a101c4afb04dbaccdc2,993,1323,True,S7-1500/ET 200MP Manual Collection,A5E03461186-AN,373,基本信息 > 自动化系统 > 16 测试和维护功能 > 16.1 测试功能,,,unknown,unknown,unknown,front_panel_or_led_page,real_manual_page,True,True,
ASSET_0070,safeplc_assist_box/frontend/assets/demo_evidence_150/safety/page_00378.jpg,page_00378.jpg,228230,063b7ea4c6db1cf87534c1de400905e0057c5cc19d706d21bc956b088d52c72c,993,1323,True,S7-1500/ET 200MP Manual Collection,A5E03461186-AN,378,基本信息 > 自动化系统 > 17 技术规范 > 17.1 标准、认证和安全说明,,,unknown,unknown,unknown,safety_risk_page,real_manual_page,True,True,
ASSET_0071,safeplc_assist_box/frontend/assets/demo_evidence_150/installation_power/page_00391.jpg,page_00391.jpg,184349,366cffaf78a4a720124d7ae7077dc58cb321ca0ced4137a7da650e4cf9f85989,993,1323,True,S7-1500/ET 200MP Manual Collection,A5E03461186-AN,391,基本信息 > 自动化系统 > 17 技术规范 > 17.6 有关绝缘测试、保护类别、防护等级和额定电压的信息,,,unknown,unknown,unknown,installation_power_page,real_manual_page,True,True,
ASSET_0072,safeplc_assist_box/frontend/assets/demo_evidence_150/safety/page_00392.jpg,page_00392.jpg,141534,a43ed25627267e0f8a0cf66ae9e471ba4dcc5b009592115eeb1360e3f986b867,993,1323,True,S7-1500/ET 200MP Manual Collection,A5E03461186-AN,392,基本信息 > 自动化系统 > 17 技术规范 > 17.7 在区域 2 危险区域中使用 S7-1500/ET 200MP,,,ET 200MP,ET 200MP,unknown,safety_risk_page,real_manual_page,True,True,
ASSET_0073,safeplc_assist_box/frontend/assets/demo_evidence_150/wiring_terminal/page_00400.jpg,page_00400.jpg,239911,689007aa702cbd5f65a75a5024d3d008a5cb4a43de8fe0d8b7184c1286f77ef9,993,1323,True,S7-1500/ET 200MP Manual Collection,A5E03461186-AN,400,基本信息 > 自动化系统 > B 附件/备件,,,unknown,unknown,unknown,wiring_or_terminal_page,real_manual_page,True,True,
ASSET_0074,safeplc_assist_box/frontend/assets/demo_evidence_150/module_layout/page_00412.jpg,page_00412.jpg,214188,fc2e570c32d9f78c33dfae0e4f8ed0197dd4dc44e6e2c4fc938b53344ddf730c,993,1323,True,S7-1500/ET 200MP Manual Collection,A5E03461186-AN,412,基本信息 > 自动化系统 > C 在海拔高度超过 2000 m 处以及扩展温度范围内使用 > C.4 ET 200MP,,,ET 200MP,ET 200MP,unknown,module_cpu_page,real_manual_page,True,True,
ASSET_0075,safeplc_assist_box/frontend/assets/demo_evidence_150/module_layout/page_00418.jpg,page_00418.jpg,224693,8432119a694d5763195f8724cfb563eedcdf34955becbd7be9432317417e7bd9,993,1323,True,S7-1500/ET 200MP Manual Collection,A5E03461186-AN,418,基本信息 > 自动化系统 > D SIMATIC S7-1500 数据 > D.2 接口、电源和 I/O 模块的数据,,,unknown,unknown,unknown,module_cpu_page,real_manual_page,True,True,
ASSET_0076,safeplc_assist_box/frontend/assets/demo_evidence_150/installation_power/page_00421.jpg,page_00421.jpg,262052,9c42ed6687c53d0f6adb7cd1ebe0e19bcbf09dba2a5efb9cb8fba894e3654e41,993,1323,True,S7-1500/ET 200MP Manual Collection,unknown,421,基本信息 > S7-1500R/H 冗余系统 > 目录,,,unknown,unknown,unknown,installation_power_page,real_manual_page,True,True,
ASSET_0077,safeplc_assist_box/frontend/assets/demo_evidence_150/topology/page_00423.jpg,page_00423.jpg,351676,65883434b2ef578b271920bc2dbbbd8ecfbf941ceb2c0e9132c893aa63c5d538,993,1323,True,S7-1500/ET 200MP Manual Collection,unknown,423,基本信息 > S7-1500R/H 冗余系统 > 目录,,,unknown,unknown,unknown,network_topology_page,real_manual_page,True,True,
ASSET_0078,safeplc_assist_box/frontend/assets/demo_evidence_150/installation_power/page_00425.jpg,page_00425.jpg,287344,01e1e9e363ddcf18ec2c46b40ef3a8220dd8c03539a19e9ee2c31eccbf9366b0,993,1323,True,S7-1500/ET 200MP Manual Collection,unknown,425,基本信息 > S7-1500R/H 冗余系统 > 目录,,,unknown,unknown,unknown,installation_power_page,real_manual_page,True,True,
ASSET_0079,safeplc_assist_box/frontend/assets/demo_evidence_150/parameters/page_00428.jpg,page_00428.jpg,280186,b4b66d957b55d1745791dd478ccbd9d2e079cfeb22b0fdbbd64212e1c81ac8a6,993,1323,True,S7-1500/ET 200MP Manual Collection,A5E41815205-AH,428,基本信息 > S7-1500R/H 冗余系统 > 目录,,,unknown,unknown,unknown,table_or_parameter_page,real_manual_page,True,True,
ASSET_0080,safeplc_assist_box/frontend/assets/demo_evidence_150/installation_power/page_00436.jpg,page_00436.jpg,149500,75fad416b8c402526460576a2779df546d20e7556e3bfbb60b19188a62685a38,993,1323,True,S7-1500/ET 200MP Manual Collection,A5E41815205-AH,436,基本信息 > S7-1500R/H 冗余系统 > 2 安全信息 > 2.2 安全符号 > 2.2.1 无防爆保护的设备,,,unknown,unknown,unknown,installation_power_page,real_manual_page,True,True,
ASSET_0081,safeplc_assist_box/frontend/assets/demo_evidence_150/installation_power/page_00437.jpg,page_00437.jpg,174473,1cbdc76177edb2717d992094fae32404932d93961f43ecdf2979893a0cfbb837,993,1323,True,S7-1500/ET 200MP Manual Collection,A5E41815205-AH,437,基本信息 > S7-1500R/H 冗余系统 > 2 安全信息 > 2.2 安全符号 > 2.2.2 有防爆保护的设备,,,unknown,unknown,unknown,installation_power_page,real_manual_page,True,True,
ASSET_0082,safeplc_assist_box/frontend/assets/demo_evidence_150/installation_power/page_00441.jpg,page_00441.jpg,135550,97eb728a43c81137492198db2b07ae47df8798e1a2009f80de3f78a6ccb302db,993,1323,True,S7-1500/ET 200MP Manual Collection,A5E41815205-AH,441,基本信息 > S7-1500R/H 冗余系统 > 2 安全信息 > 2.9 残余风险 > 2.9.1 带电部件,,,unknown,unknown,unknown,installation_power_page,real_manual_page,True,True,
ASSET_0083,safeplc_assist_box/frontend/assets/demo_evidence_150/installation_power/page_00445.jpg,page_00445.jpg,108725,5b116f4204659f531808ca7879b0429a9d4aecd3a2394bbee04cd1c3bebb57d4,993,1323,True,S7-1500/ET 200MP Manual Collection,A5E41815205-AH,445,基本信息 > S7-1500R/H 冗余系统 > 2 安全信息 > 2.11 材料损坏 > 2.11.2 安装和连接,,,unknown,unknown,unknown,installation_power_page,real_manual_page,True,True,
ASSET_0084,safeplc_assist_box/frontend/assets/demo_evidence_150/topology/page_00446.jpg,page_00446.jpg,254800,e8906b972e9d3198c450675400bc9e211b9ddc49b7aae22f765794bf16e9e987,993,1323,True,S7-1500/ET 200MP Manual Collection,A5E41815205-AH,446,基本信息 > S7-1500R/H 冗余系统 > 3 新属性/功能,,,unknown,unknown,unknown,network_topology_page,real_manual_page,True,True,
ASSET_0085,safeplc_assist_box/frontend/assets/demo_evidence_150/installation_power/page_00450.jpg,page_00450.jpg,322770,74e37e5a927ad93862026444ccc3ac47a8c6671cf40d1ea263b2b8ce57fd3559,993,1323,True,S7-1500/ET 200MP Manual Collection,A5E41815205-AH,450,基本信息 > S7-1500R/H 冗余系统 > 3 新属性/功能,,,unknown,unknown,unknown,installation_power_page,real_manual_page,True,True,
ASSET_0086,safeplc_assist_box/frontend/assets/demo_evidence_150/safety/page_00460.jpg,page_00460.jpg,184248,3275a6305cc6ca7cab90c5ebf4d8d9f83d3d2df0767c7e5c71d669bf427e2e93,993,1323,True,S7-1500/ET 200MP Manual Collection,A5E41815205-AH,460,基本信息 > S7-1500R/H 冗余系统 > 4 工业网络安全 > 4.5 应用操作环境和安全假设 > 4.5.1 预期用途,,,unknown,unknown,unknown,safety_risk_page,real_manual_page,True,True,
ASSET_0087,safeplc_assist_box/frontend/assets/demo_evidence_150/installation_power/page_00511.jpg,page_00511.jpg,184870,a78d0889d5272ce1015813753ef1c341cb3a60cb9e1da47b55ddf63747c1d3dc,993,1323,True,S7-1500/ET 200MP Manual Collection,A5E41815205-AH,511,基本信息 > S7-1500R/H 冗余系统 > 5 系统概述 > 5.2 组态 > 5.2.6 组件,,,unknown,unknown,unknown,installation_power_page,real_manual_page,True,True,
ASSET_0088,safeplc_assist_box/frontend/assets/demo_evidence_150/installation_power/page_00513.jpg,page_00513.jpg,250143,300577ff3802183f60ed9a7ef0f71b1592607edc1c91c78d45a0ee4bfec5705b,993,1323,True,S7-1500/ET 200MP Manual Collection,A5E41815205-AH,513,基本信息 > S7-1500R/H 冗余系统 > 5 系统概述 > 5.3 S7-1500 R/H-CPU > 5.3.1 CPU 技术规范概述,,,unknown,unknown,unknown,installation_power_page,real_manual_page,True,True,
ASSET_0089,safeplc_assist_box/frontend/assets/demo_evidence_150/safety/page_00523.jpg,page_00523.jpg,241069,aafd8946737651272e7a50a044d2875a94dfa5cf36c146f94ea085023c7462d3,993,1323,True,S7-1500/ET 200MP Manual Collection,A5E41815205-AH,523,基本信息 > S7-1500R/H 冗余系统 > 5 系统概述 > 5.3 S7-1500 R/H-CPU > 5.3.4 安全性,,,unknown,unknown,unknown,safety_risk_page,real_manual_page,True,True,
ASSET_0090,safeplc_assist_box/frontend/assets/demo_evidence_150/safety/page_00524.jpg,page_00524.jpg,191102,f4b1fa8df25337f35b60c599232b34a949c9cac287ed563036b9ec5c204e1a8e,993,1323,True,S7-1500/ET 200MP Manual Collection,A5E41815205-AH,524,基本信息 > S7-1500R/H 冗余系统 > 5 系统概述 > 5.3 S7-1500 R/H-CPU > 5.3.4 安全性,图 1-181,带急停按钮的行李输送系统,unknown,unknown,unknown,safety_risk_page,real_manual_page,True,True,
ASSET_0091,safeplc_assist_box/frontend/assets/demo_evidence_150/safety/page_00525.jpg,page_00525.jpg,181814,a73f42051b7b6ac30e0b5bac080425fd37155ec57d1dc99deb266c96df64f03f,993,1323,True,S7-1500/ET 200MP Manual Collection,A5E41815205-AH,525,基本信息 > S7-1500R/H 冗余系统 > 5 系统概述 > 5.3 S7-1500 R/H-CPU > 5.3.4 安全性,图 1-182,采用 CPU 1518HF-4 PN 和 ET 200SP 并带有故障安全模块的组态,unknown,unknown,unknown,safety_risk_page,real_manual_page,True,True,
ASSET_0092,safeplc_assist_box/frontend/assets/demo_evidence_150/topology/page_00535.jpg,page_00535.jpg,236387,b29b3140875bf0350cec1bc25e2015409f7a4309b03d176d383726411f5deffd,993,1323,True,S7-1500/ET 200MP Manual Collection,A5E41815205-AH,535,基本信息 > S7-1500R/H 冗余系统 > 5 系统概述 > 5.4 通信 > 5.4.2 集成通信接口,,,unknown,unknown,unknown,network_topology_page,real_manual_page,True,True,
ASSET_0093,safeplc_assist_box/frontend/assets/demo_evidence_150/parameters/page_00539.jpg,page_00539.jpg,323219,0b2a81e72209d3c190170d766631f47f46073a19b50f54ee1ea0a4620d357bb8,993,1323,True,S7-1500/ET 200MP Manual Collection,A5E41815205-AH,539,基本信息 > S7-1500R/H 冗余系统 > 5 系统概述 > 5.5 电源,,,unknown,unknown,unknown,table_or_parameter_page,real_manual_page,True,True,
ASSET_0094,safeplc_assist_box/frontend/assets/demo_evidence_150/module_layout/page_00544.jpg,page_00544.jpg,300143,47e8955eaee48f4b6ecf9113e10b1c03920045f8f7128105d36622486ae211f7,993,1323,True,S7-1500/ET 200MP Manual Collection,A5E41815205-AH,544,基本信息 > S7-1500R/H 冗余系统 > 6 应用规划 > 6.1 要求,,,unknown,unknown,unknown,module_cpu_page,real_manual_page,True,True,
ASSET_0095,safeplc_assist_box/frontend/assets/demo_evidence_150/troubleshooting/page_00601.jpg,page_00601.jpg,221841,4faf71d09085a10eef13e2e6f6b936b5a2374c807cc11bc362458265f100520e,993,1323,True,S7-1500/ET 200MP Manual Collection,A5E41815205-AH,601,基本信息 > S7-1500R/H 冗余系统 > 6 应用规划 > 6.4 冗余案例 > 6.4.7 S7-1500H 特定冗余案例 > 6.4.7.5 PROFINET 环网中 R1 设备中的接口模块故障,,,unknown,unknown,unknown,diagnostic_alarm_page,real_manual_page,True,True,
ASSET_0096,safeplc_assist_box/frontend/assets/demo_evidence_150/indicators/page_00612.jpg,page_00612.jpg,147326,2f03defab1457c69947c0ee05c7fc3b04db18df90744ee3aa85dde524d163fbc,993,1323,True,S7-1500/ET 200MP Manual Collection,A5E41815205-AH,612,基本信息 > S7-1500R/H 冗余系统 > 6 应用规划 > 6.5 故障案例 > 6.5.2 PROFINET 环网中的交换机（采用额外的线型拓扑）发生故障,,,unknown,unknown,unknown,front_panel_or_led_page,real_manual_page,True,True,
ASSET_0097,safeplc_assist_box/frontend/assets/demo_evidence_150/indicators/page_00616.jpg,page_00616.jpg,196308,20c8815bfe3e01f85d7b49b2611de9391df27c16a7e24f3133d35790013867b9,993,1323,True,S7-1500/ET 200MP Manual Collection,A5E41815205-AH,616,基本信息 > S7-1500R/H 冗余系统 > 6 应用规划 > 6.5 故障案例 > 6.5.3 S7-1500R 特有的故障案例 > 6.5.3.2 S7-1500R 中的 PROFINET 环网中有两处电缆中断（间隔不超过 1500 ms）,,,unknown,unknown,unknown,front_panel_or_led_page,real_manual_page,True,True,
ASSET_0098,safeplc_assist_box/frontend/assets/demo_evidence_150/topology/page_00641.jpg,page_00641.jpg,219489,ae75e024d41721144bd6a80e51b019d2f1d074ea8c6d424de30e2e6fea647f11,993,1323,True,S7-1500/ET 200MP Manual Collection,A5E41815205-AH,641,基本信息 > S7-1500R/H 冗余系统 > 6 应用规划 > 6.8 使用 HMI 设备,图 1-253,CPU 1518HF‑4 PN 组态示例：通过工业以太网和 PROFINET 环网连接 HMI 设备,unknown,unknown,unknown,network_topology_page,real_manual_page,True,True,
ASSET_0099,safeplc_assist_box/frontend/assets/demo_evidence_150/topology/page_00642.jpg,page_00642.jpg,233290,a6f02c717046a8749b3adceef7fffeeaf6955f94af46a8298cfd4a4915e29031,993,1323,True,S7-1500/ET 200MP Manual Collection,A5E41815205-AH,642,基本信息 > S7-1500R/H 冗余系统 > 6 应用规划 > 6.8 使用 HMI 设备,图 1-254,CPU 1513R‑1 PN 组态示例：通过交换机连接 HMI 设备,unknown,unknown,unknown,network_topology_page,real_manual_page,True,True,
ASSET_0100,safeplc_assist_box/frontend/assets/demo_evidence_150/installation_power/page_00647.jpg,page_00647.jpg,236839,e018b3c214c4a3b9eccf886dd768ee68e2d9e5c78c185adef8f81668e741b378,993,1323,True,S7-1500/ET 200MP Manual Collection,A5E41815205-AH,647,基本信息 > S7-1500R/H 冗余系统 > 6 应用规划 > 6.9 系统电源 > 6.9.2 供电平衡计算,,,unknown,unknown,unknown,installation_power_page,real_manual_page,True,True,
ASSET_0101,safeplc_assist_box/frontend/assets/demo_evidence_150/installation_power/page_00649.jpg,page_00649.jpg,110736,535e3e0ea5e0a585a8c62a863bbffe41b541ab2372b1d35d9e29e7cfe62c3c97,993,1323,True,S7-1500/ET 200MP Manual Collection,A5E41815205-AH,649,基本信息 > S7-1500R/H 冗余系统 > 7 安装 > 7.1 基本知识,图 1-260,控制柜中的最小间隙,unknown,unknown,unknown,installation_power_page,real_manual_page,True,True,
ASSET_0102,safeplc_assist_box/frontend/assets/demo_evidence_150/installation_power/page_00652.jpg,page_00652.jpg,159692,8c2246aedf7cdddd2060dbf7641604406f6e1af6282d7213ee714ee812d577f3,993,1323,True,S7-1500/ET 200MP Manual Collection,A5E41815205-AH,652,基本信息 > S7-1500R/H 冗余系统 > 7 安装 > 7.2 安装安装导轨,图 1-261,准备 2000 mm 安装导轨,unknown,unknown,unknown,installation_power_page,real_manual_page,True,True,
ASSET_0103,safeplc_assist_box/frontend/assets/demo_evidence_150/installation_power/page_00653.jpg,page_00653.jpg,99282,db9ebf3884fcd2e474fac2408a8ad4578a4fb63b035c97161996b2307469f6a9,993,1323,True,S7-1500/ET 200MP Manual Collection,A5E41815205-AH,653,基本信息 > S7-1500R/H 冗余系统 > 7 安装 > 7.2 安装安装导轨,图 1-262,连接保护性导线（保护接地）,unknown,unknown,unknown,installation_power_page,real_manual_page,True,True,
ASSET_0104,safeplc_assist_box/frontend/assets/demo_evidence_150/installation_power/page_00660.jpg,page_00660.jpg,119673,f15003de6a6e680ea649b314bb29a458c8a1230d26b12e2780a6dd008caa9869,993,1323,True,S7-1500/ET 200MP Manual Collection,A5E41815205-AH,660,基本信息 > S7-1500R/H 冗余系统 > 7 安装 > 7.5 安装系统电源,图 1-268,安装系统电源,unknown,unknown,unknown,installation_power_page,real_manual_page,True,True,
ASSET_0105,safeplc_assist_box/frontend/assets/demo_evidence_150/installation_power/page_00663.jpg,page_00663.jpg,96262,c741e2f52960e856e99701ac89fb54e851ec5adc8c87ea48731c48c10e743027,993,1323,True,S7-1500/ET 200MP Manual Collection,A5E41815205-AH,663,基本信息 > S7-1500R/H 冗余系统 > 7 安装 > 7.7 安装 R/H-CPU,,,unknown,unknown,unknown,installation_power_page,real_manual_page,True,True,
ASSET_0106,safeplc_assist_box/frontend/assets/demo_evidence_150/installation_power/page_00668.jpg,page_00668.jpg,190946,e7d15d27e26141f05bb51e707f4db5d2d598e766b5f5428590d0ed1760a7500c,993,1323,True,S7-1500/ET 200MP Manual Collection,A5E41815205-AH,668,基本信息 > S7-1500R/H 冗余系统 > 8 接线 > 8.1 操作规则和规定,,,unknown,unknown,unknown,installation_power_page,real_manual_page,True,True,
ASSET_0107,safeplc_assist_box/frontend/assets/demo_evidence_150/installation_power/page_00669.jpg,page_00669.jpg,199120,924bff3f645469ac72e8b0992ab3495017c83ddd5d757a7cb58ea672d3f57296,993,1323,True,S7-1500/ET 200MP Manual Collection,A5E41815205-AH,669,基本信息 > S7-1500R/H 冗余系统 > 8 接线 > 8.2 通过接地馈电系统运行,,,unknown,unknown,unknown,installation_power_page,real_manual_page,True,True,
ASSET_0108,safeplc_assist_box/frontend/assets/demo_evidence_150/installation_power/page_00670.jpg,page_00670.jpg,191851,2515b8877f93ba9fabc12f83d134440df304c312fa666743a5dbcfed302e2268,993,1323,True,S7-1500/ET 200MP Manual Collection,A5E41815205-AH,670,基本信息 > S7-1500R/H 冗余系统 > 8 接线 > 8.2 通过接地馈电系统运行,,,unknown,unknown,unknown,installation_power_page,real_manual_page,True,True,
ASSET_0109,safeplc_assist_box/frontend/assets/demo_evidence_150/installation_power/page_00671.jpg,page_00671.jpg,144393,ca0039cc0f9ad2cdf2dfafd05d9e38729b58540a07a0f4fa0fcdd416c5860947,993,1323,True,S7-1500/ET 200MP Manual Collection,A5E41815205-AH,671,基本信息 > S7-1500R/H 冗余系统 > 8 接线 > 8.2 通过接地馈电系统运行,图 1-271,参考电位接地时运行 S7‑1500R/H,unknown,unknown,unknown,installation_power_page,real_manual_page,True,True,
ASSET_0110,safeplc_assist_box/frontend/assets/demo_evidence_150/wiring_terminal/page_00673.jpg,page_00673.jpg,160382,dd03fa7941cec3ea4c67b6aa12475f0d399e8e2740b2c268135dec649e6d607b,993,1323,True,S7-1500/ET 200MP Manual Collection,A5E41815205-AH,673,基本信息 > S7-1500R/H 冗余系统 > 8 接线 > 8.4 接线规则,,,unknown,unknown,unknown,wiring_or_terminal_page,real_manual_page,True,True,
ASSET_0111,safeplc_assist_box/frontend/assets/demo_evidence_150/installation_power/page_00674.jpg,page_00674.jpg,150955,da70c509f44d8d4c07195872cf2badcbdceffddb37342efb6bcd1059c2f0a54d,993,1323,True,S7-1500/ET 200MP Manual Collection,A5E41815205-AH,674,基本信息 > S7-1500R/H 冗余系统 > 8 接线 > 8.5 连接电源电压,图 1-273,连接电源电压,unknown,unknown,unknown,installation_power_page,real_manual_page,True,True,
ASSET_0112,safeplc_assist_box/frontend/assets/demo_evidence_150/safety/page_00687.jpg,page_00687.jpg,185729,60af5f456d1cab76ceb4ec10b88085dc6312a6d80ec7bfd45786c8a0d8005251,993,1323,True,S7-1500/ET 200MP Manual Collection,A5E41815205-AH,687,基本信息 > S7-1500R/H 冗余系统 > 8 接线 > 8.9 连接用于与 S7-1500H 进行通信的接口 > 8.9.1 连接冗余连接（光纤电缆） > 8.9.1.3 安装光纤电缆,,,unknown,unknown,unknown,safety_risk_page,real_manual_page,True,True,
ASSET_0113,safeplc_assist_box/frontend/assets/demo_evidence_150/topology/page_00699.jpg,page_00699.jpg,235649,2a742f2b5cf55134a1a1684f2fe399a288bc1f8f690440cd5f068aff123dfc8e,993,1323,True,S7-1500/ET 200MP Manual Collection,A5E41815205-AH,699,基本信息 > S7-1500R/H 冗余系统 > 9 组态 > 9.2 组态 R/H CPU,图 1-289,项目树中的冗余系统,unknown,unknown,unknown,network_topology_page,real_manual_page,True,True,
ASSET_0114,safeplc_assist_box/frontend/assets/demo_evidence_150/module_layout/page_00701.jpg,page_00701.jpg,174106,960f61b205d212aa61122a81826b6512caa1d54a6bd9bd4669a171f9060c5295,993,1323,True,S7-1500/ET 200MP Manual Collection,A5E41815205-AH,701,基本信息 > S7-1500R/H 冗余系统 > 9 组态 > 9.3 组态 IO 设备和 MRP 角色的基本操作步骤,,,unknown,unknown,unknown,module_cpu_page,real_manual_page,True,True,
ASSET_0115,safeplc_assist_box/frontend/assets/demo_evidence_150/topology/page_00709.jpg,page_00709.jpg,251254,244c74cbb0bd19407623c40e1d929cf24c110ed2375fc549eb709d40143d9651,993,1323,True,S7-1500/ET 200MP Manual Collection,A5E41815205-AH,709,基本信息 > S7-1500R/H 冗余系统 > 9 组态 > 9.5 组态其它拓扑,,,unknown,unknown,unknown,network_topology_page,real_manual_page,True,True,
ASSET_0116,safeplc_assist_box/frontend/assets/demo_evidence_150/topology/page_00726.jpg,page_00726.jpg,261790,951e108df8bdf2ea883ea8f395f7a9baa94e23e9b0e108e7ebbac0c2a0b8f5cc,993,1323,True,S7-1500/ET 200MP Manual Collection,A5E41815205-AH,726,基本信息 > S7-1500R/H 冗余系统 > 10 程序执行的基本知识 > 10.1 S7-1500R/H 编程,,,unknown,unknown,unknown,network_topology_page,real_manual_page,True,True,
ASSET_0117,safeplc_assist_box/frontend/assets/demo_evidence_150/installation_power/page_00784.jpg,page_00784.jpg,158022,b998b590cc490a99f9cc330a060e2a100f4e92268bf43bf36dd7c8f999ecc5b6,993,1323,True,S7-1500/ET 200MP Manual Collection,A5E41815205-AH,784,基本信息 > S7-1500R/H 冗余系统 > 12 调试 > 12.2 首次上电前检查,,,unknown,unknown,unknown,installation_power_page,real_manual_page,True,True,
ASSET_0118,safeplc_assist_box/frontend/assets/demo_evidence_150/parameters/page_00785.jpg,page_00785.jpg,246686,c604912586b4168bec433047fef1ee5f3a9f36e544a43dffa750022c7617c7ee,993,1323,True,S7-1500/ET 200MP Manual Collection,A5E41815205-AH,785,基本信息 > S7-1500R/H 冗余系统 > 12 调试 > 12.3 调试过程,,,unknown,unknown,unknown,table_or_parameter_page,real_manual_page,True,True,
ASSET_0119,safeplc_assist_box/frontend/assets/demo_evidence_150/indicators/page_00788.jpg,page_00788.jpg,128592,2c7f8101116896803cebb169b1991beb694facebcf59dae437a731298cdc94c7,993,1323,True,S7-1500/ET 200MP Manual Collection,A5E41815205-AH,788,基本信息 > S7-1500R/H 冗余系统 > 12 调试 > 12.3 调试过程 > 12.3.3 CPU 配对,,,unknown,unknown,unknown,front_panel_or_led_page,real_manual_page,True,True,
ASSET_0120,safeplc_assist_box/frontend/assets/demo_evidence_150/indicators/page_00792.jpg,page_00792.jpg,178011,c78423f9f55571687ab41cafc0fda897fd413f6e6c5739a533b41c15a60b2fc1,993,1323,True,S7-1500/ET 200MP Manual Collection,A5E41815205-AH,792,基本信息 > S7-1500R/H 冗余系统 > 12 调试 > 12.3 调试过程 > 12.3.4 冗余 ID,,,unknown,unknown,unknown,front_panel_or_led_page,real_manual_page,True,True,
ASSET_0121,safeplc_assist_box/frontend/assets/demo_evidence_150/troubleshooting/page_00851.jpg,page_00851.jpg,172220,ec4ddf2bb94a05305002630501d566576c6860f1977f21f2e9fd527c9175c619,993,1323,True,S7-1500/ET 200MP Manual Collection,A5E41815205-AH,851,基本信息 > S7-1500R/H 冗余系统 > 13 显示屏 > 13.1 CPU 显示屏,,,unknown,unknown,unknown,diagnostic_alarm_page,real_manual_page,True,True,
ASSET_0122,safeplc_assist_box/frontend/assets/demo_evidence_150/troubleshooting/page_00867.jpg,page_00867.jpg,151760,80b8380efa7a83831598a7ce5ea3529667fe612a043b34ef768ee1a4240e63b7,993,1323,True,S7-1500/ET 200MP Manual Collection,A5E41815205-AH,867,基本信息 > S7-1500R/H 冗余系统 > 14 维护 > 14.1 冗余运行期间的系统修改 (CiR) > 14.1.5 重新组态 I/O 模块,,,unknown,unknown,unknown,diagnostic_alarm_page,real_manual_page,True,True,
ASSET_0123,safeplc_assist_box/frontend/assets/demo_evidence_150/safety/page_00877.jpg,page_00877.jpg,179560,eb08bb9826f13c44ad6d8f2eca2943439bd50d60c46d15cf93bee63d654a3244,993,1323,True,S7-1500/ET 200MP Manual Collection,A5E41815205-AH,877,基本信息 > S7-1500R/H 冗余系统 > 14 维护 > 14.2 仍换 S7-1500R/H 冗余系统的组件 > 14.2.2 更换故障 R/H-CPU,,,unknown,unknown,unknown,safety_risk_page,real_manual_page,True,True,
ASSET_0124,safeplc_assist_box/frontend/assets/demo_evidence_150/indicators/page_00883.jpg,page_00883.jpg,170694,2e0febbb644df95f93947bad52079132ef49208eb36c76a96aee9c25e9e8735c,993,1323,True,S7-1500/ET 200MP Manual Collection,A5E41815205-AH,883,基本信息 > S7-1500R/H 冗余系统 > 14 维护 > 14.2 仍换 S7-1500R/H 冗余系统的组件 > 14.2.5 更换故障的 SIMATIC 存储卡,,,unknown,unknown,unknown,front_panel_or_led_page,real_manual_page,True,True,
ASSET_0125,safeplc_assist_box/frontend/assets/demo_evidence_150/installation_power/page_00885.jpg,page_00885.jpg,175688,1018d0cb9c9f4c1e1e6eb7793122170307855090a8b1ab2bbac0c353b94dec7a,993,1323,True,S7-1500/ET 200MP Manual Collection,A5E41815205-AH,885,基本信息 > S7-1500R/H 冗余系统 > 14 维护 > 14.2 仍换 S7-1500R/H 冗余系统的组件 > 14.2.7 更换存在故障的通信处理器,,,unknown,unknown,unknown,installation_power_page,real_manual_page,True,True,
ASSET_0126,safeplc_assist_box/frontend/assets/demo_evidence_150/indicators/page_00893.jpg,page_00893.jpg,312447,edb933974da644c65c83e6ba6b91bb8d3e105ec9ef15f711783a6d99d99b9779,993,1323,True,S7-1500/ET 200MP Manual Collection,A5E41815205-AH,893,基本信息 > S7-1500R/H 冗余系统 > 14 维护 > 14.5 固件更新,,,unknown,unknown,unknown,front_panel_or_led_page,real_manual_page,True,True,
ASSET_0127,safeplc_assist_box/frontend/assets/demo_evidence_150/indicators/page_00905.jpg,page_00905.jpg,201831,fe32211d7f8f5e63887f45a3aa21cb822f22050fa161eaa0dec8febe668c3541,993,1323,True,S7-1500/ET 200MP Manual Collection,A5E41815205-AH,905,基本信息 > S7-1500R/H 冗余系统 > 15 测试和维护功能 > 15.1 测试功能,,,unknown,unknown,unknown,front_panel_or_led_page,real_manual_page,True,True,
ASSET_0128,safeplc_assist_box/frontend/assets/demo_evidence_150/safety/page_00909.jpg,page_00909.jpg,227451,be9ab1cef5fc8fe585542ec789341b53fd16f03c40ab1cb7b0c92be59a690ff0,993,1323,True,S7-1500/ET 200MP Manual Collection,A5E41815205-AH,909,基本信息 > S7-1500R/H 冗余系统 > 16 技术规范 > 16.1 标准和认证,,,unknown,unknown,unknown,safety_risk_page,real_manual_page,True,True,
ASSET_0129,safeplc_assist_box/frontend/assets/demo_evidence_150/safety/page_00910.jpg,page_00910.jpg,189899,217c1cda1f1bb243ed0dfdb131e9fb511f8d37e6745994d06236456450fee762,993,1323,True,S7-1500/ET 200MP Manual Collection,A5E41815205-AH,910,基本信息 > S7-1500R/H 冗余系统 > 16 技术规范 > 16.1 标准和认证,,,unknown,unknown,unknown,safety_risk_page,real_manual_page,True,True,
ASSET_0130,safeplc_assist_box/frontend/assets/demo_evidence_150/safety/page_00938.jpg,page_00938.jpg,336112,e58a86deb0c0b3ad78f32da7cb1a4558eb476304d25b1c995a44845d2c58955e,993,1323,True,S7-1500/ET 200MP Manual Collection,unknown,938,基本信息 > SIMATIC Drive Controller > 目录,,,unknown,unknown,unknown,safety_risk_page,real_manual_page,True,True,
ASSET_0131,safeplc_assist_box/frontend/assets/demo_evidence_150/safety/page_00948.jpg,page_00948.jpg,149556,1fb4eda0b4b56efe893ae181c078a989a637beb874d4a3251ca77e38b4187a08,993,1323,True,S7-1500/ET 200MP Manual Collection,A5E46600341-AD,948,基本信息 > SIMATIC Drive Controller > 2 安全信息 > 2.1 常规安全信息,,,unknown,unknown,unknown,safety_risk_page,real_manual_page,True,True,
ASSET_0132,safeplc_assist_box/frontend/assets/demo_evidence_150/safety/page_00949.jpg,page_00949.jpg,236857,6eddfae5089c4610cbea41b97a3b5a2dbed1e285ca91c0cb55ada16704154a6b,993,1323,True,S7-1500/ET 200MP Manual Collection,A5E46600341-AD,949,基本信息 > SIMATIC Drive Controller > 2 安全信息 > 2.1 常规安全信息,,,unknown,unknown,unknown,safety_risk_page,real_manual_page,True,True,
ASSET_0133,safeplc_assist_box/frontend/assets/demo_evidence_150/installation_power/page_00950.jpg,page_00950.jpg,145154,d41ce901513209f038e9c78e31243315bdf46f75f67e9cacbe1b6b769942a2d4,993,1323,True,S7-1500/ET 200MP Manual Collection,A5E46600341-AD,950,基本信息 > SIMATIC Drive Controller > 2 安全信息 > 2.1 常规安全信息 > 2.1.1 安全相关的符号,,,unknown,unknown,unknown,installation_power_page,real_manual_page,True,True,
ASSET_0134,safeplc_assist_box/frontend/assets/demo_evidence_150/safety/page_00959.jpg,page_00959.jpg,173794,d832a9a9597cd0ae8e046fac222a23508f54e915a4d17cbef3927758a375446a,993,1323,True,S7-1500/ET 200MP Manual Collection,A5E46600341-AD,959,基本信息 > SIMATIC Drive Controller > 4 工业网络安全 > 4.5 运行环境和安全假设 > 4.5.1 预期用途,,,unknown,unknown,unknown,safety_risk_page,real_manual_page,True,True,
ASSET_0135,safeplc_assist_box/frontend/assets/demo_evidence_150/safety/page_00979.jpg,page_00979.jpg,187895,f68b242c08647843ff03eb78affaa2df303a6fde7136dd26e49b7733984f4a28,993,1323,True,S7-1500/ET 200MP Manual Collection,A5E46600341-AD,979,基本信息 > SIMATIC Drive Controller > 4 工业网络安全 > 4.10 SINAMICS Integrated 的安全运行 > 4.10.1 写入和专有技术保护 > 4.10.1.1 SINAMICS Integrated 的写入保护和专有技术保护,,,unknown,unknown,unknown,safety_risk_page,real_manual_page,True,True,
ASSET_0136,safeplc_assist_box/frontend/assets/demo_evidence_150/safety/page_00981.jpg,page_00981.jpg,150272,d6cd10daae89c9f1bec5ff61e18cdfe2b5482395f4dee982acbb9147b8c0db64,993,1323,True,S7-1500/ET 200MP Manual Collection,A5E46600341-AD,981,基本信息 > SIMATIC Drive Controller > 4 工业网络安全 > 4.10 SINAMICS Integrated 的安全运行 > 4.10.3 使用存储卡,,,unknown,unknown,unknown,safety_risk_page,real_manual_page,True,True,
ASSET_0137,safeplc_assist_box/frontend/assets/demo_evidence_150/module_layout/page_00983.jpg,page_00983.jpg,168107,a4960c1c0c43ed2b61e82ebe84bb322255783cefa0dd8c2ee0d8b501bc1a660c,993,1323,True,S7-1500/ET 200MP Manual Collection,A5E46600341-AD,983,基本信息 > SIMATIC Drive Controller > 4 工业网络安全 > 4.12 I/O 模块的安全操作,,,unknown,unknown,unknown,module_cpu_page,real_manual_page,True,True,
ASSET_0138,safeplc_assist_box/frontend/assets/demo_evidence_150/safety/page_00998.jpg,page_00998.jpg,239663,46410723af43d0524af8274ff8d4e9cdab87c90a3e533fa4c1772ecdeeb87bcc,993,1323,True,S7-1500/ET 200MP Manual Collection,A5E46600341-AD,998,基本信息 > SIMATIC Drive Controller > 5 系统概述 > 5.3 SIMATIC Drive Controller 功能 > 5.3.1 安全性,,,unknown,unknown,unknown,safety_risk_page,real_manual_page,True,True,
ASSET_0139,safeplc_assist_box/frontend/assets/demo_evidence_150/module_layout/page_01013.jpg,page_01013.jpg,411701,f4eb2f28e27ea0819ccc1fd5b6816564d9aca55899a3e3adaca12914a3e32ff6,993,1323,True,S7-1500/ET 200MP Manual Collection,A5E46600341-AD,1013,基本信息 > SIMATIC Drive Controller > 5 系统概述 > 5.3 SIMATIC Drive Controller 功能 > 5.3.5 CPU 的工艺功能,,,unknown,unknown,unknown,module_cpu_page,real_manual_page,True,True,
ASSET_0140,safeplc_assist_box/frontend/assets/demo_evidence_150/installation_power/page_01024.jpg,page_01024.jpg,191777,1e3acacfec0e48f15b1252aef5a50d68b719e0ca3d25d15bbc113aa6763d10d7,993,1323,True,S7-1500/ET 200MP Manual Collection,A5E46600341-AD,1024,基本信息 > SIMATIC Drive Controller > 6 应用规划 > 6.1 安装位置,,,unknown,unknown,unknown,installation_power_page,real_manual_page,True,True,
ASSET_0141,safeplc_assist_box/frontend/assets/demo_evidence_150/installation_power/page_01032.jpg,page_01032.jpg,147278,8bfef7fe2c2d5e263150677d2bb9b6486abadabd98ddb8565a1f1441ba116c5d,993,1323,True,S7-1500/ET 200MP Manual Collection,A5E46600341-AD,1032,基本信息 > SIMATIC Drive Controller > 6 应用规划 > 6.5 电源,图 1-376,示例：设备中的 SIMATIC Drive Controller 硬件配置,unknown,unknown,unknown,installation_power_page,real_manual_page,True,True,
ASSET_0142,safeplc_assist_box/frontend/assets/demo_evidence_150/safety/page_01037.jpg,page_01037.jpg,156776,55e234adc355df0a694ae0882be22681d62450924c35046292783076545c5f2b,993,1323,True,S7-1500/ET 200MP Manual Collection,A5E46600341-AD,1037,基本信息 > SIMATIC Drive Controller > 8 连接 > 8.1 操作规则和规定,,,unknown,unknown,unknown,safety_risk_page,real_manual_page,True,True,
ASSET_0143,safeplc_assist_box/frontend/assets/demo_evidence_150/installation_power/page_01038.jpg,page_01038.jpg,191085,af5aea9a648bbaeecf965284c589ad03b1e5442c8799c8f7cf23b3f004922421,993,1323,True,S7-1500/ET 200MP Manual Collection,A5E46600341-AD,1038,基本信息 > SIMATIC Drive Controller > 8 连接 > 8.1 操作规则和规定,,,unknown,unknown,unknown,installation_power_page,real_manual_page,True,True,
ASSET_0144,safeplc_assist_box/frontend/assets/demo_evidence_150/installation_power/page_01039.jpg,page_01039.jpg,164639,c7c148c8843c0015bf0b758de726208579f47c536eff0c637717db9a5649e970,993,1323,True,S7-1500/ET 200MP Manual Collection,A5E46600341-AD,1039,基本信息 > SIMATIC Drive Controller > 8 连接 > 8.1 操作规则和规定,,,unknown,unknown,unknown,installation_power_page,real_manual_page,True,True,
ASSET_0145,safeplc_assist_box/frontend/assets/demo_evidence_150/safety/page_01040.jpg,page_01040.jpg,236439,b4e11413b318b8e4ba98a8215bc73524f0bb351e0f4c825f2aa24df71d6f3c79,993,1323,True,S7-1500/ET 200MP Manual Collection,A5E46600341-AD,1040,基本信息 > SIMATIC Drive Controller > 8 连接 > 8.2 其它操作规则和规定 > 8.2.1 适用于故障安全模块的安全超低电压（SELV、PELV）,,,unknown,unknown,unknown,safety_risk_page,real_manual_page,True,True,
ASSET_0146,safeplc_assist_box/frontend/assets/demo_evidence_150/safety/page_01041.jpg,page_01041.jpg,237175,74912cf8771704d54605220d454d3ab5e2d4df23e64db3bf1f359fd489202b6f,993,1323,True,S7-1500/ET 200MP Manual Collection,A5E46600341-AD,1041,基本信息 > SIMATIC Drive Controller > 8 连接 > 8.2 其它操作规则和规定 > 8.2.2 故障安全模块的传感器和执行器要求,,,unknown,unknown,unknown,safety_risk_page,real_manual_page,True,True,
ASSET_0147,safeplc_assist_box/frontend/assets/demo_evidence_150/installation_power/page_01043.jpg,page_01043.jpg,159711,c618eaa6be91d3232656bb68d7c1a710514da13920917c197cdf3a87c0f663e4,993,1323,True,S7-1500/ET 200MP Manual Collection,A5E46600341-AD,1043,基本信息 > SIMATIC Drive Controller > 8 连接 > 8.3 电气组态,,,unknown,unknown,unknown,installation_power_page,real_manual_page,True,True,
ASSET_0148,safeplc_assist_box/frontend/assets/demo_evidence_150/installation_power/page_01044.jpg,page_01044.jpg,187960,a2a74b70d1bf9d9625cf590dc40cb4921f4334823f90f9b336eba066caca0e15,993,1323,True,S7-1500/ET 200MP Manual Collection,A5E46600341-AD,1044,基本信息 > SIMATIC Drive Controller > 8 连接 > 8.5 连接电源电压,,,unknown,unknown,unknown,installation_power_page,real_manual_page,True,True,
ASSET_0149,safeplc_assist_box/frontend/assets/demo_evidence_150/installation_power/page_01045.jpg,page_01045.jpg,209233,da1c9ac8518b366be9e1b144e6f6e9b38b1a741e1493f218f6bd0bfc828ce9d3,993,1323,True,S7-1500/ET 200MP Manual Collection,A5E46600341-AD,1045,基本信息 > SIMATIC Drive Controller > 8 连接 > 8.6 PROFINET 和 PROFIBUS DP,,,unknown,unknown,unknown,installation_power_page,real_manual_page,True,True,
ASSET_0150,safeplc_assist_box/frontend/assets/demo_evidence_150/installation_power/page_01049.jpg,page_01049.jpg,168303,57905df507a62a707ca8d927933acbe672e84db6dd77399e0f9200fdd97f569a,993,1323,True,S7-1500/ET 200MP Manual Collection,A5E46600341-AD,1049,基本信息 > SIMATIC Drive Controller > 8 连接 > 8.9 保护导线和等电位连接，功能性接地,,,unknown,unknown,unknown,installation_power_page,real_manual_page,True,True,
ASSET_0151,safeplc_assist_box/frontend/assets/demo_evidence_150/installation_power/page_01050.jpg,page_01050.jpg,173540,04cb0fc9c3c4b49b54bf897deb4ffc4d58ba5e58e744f50bed74a46968780279,993,1323,True,S7-1500/ET 200MP Manual Collection,A5E46600341-AD,1050,基本信息 > SIMATIC Drive Controller > 8 连接 > 8.9 保护导线和等电位连接，功能性接地,,,unknown,unknown,unknown,installation_power_page,real_manual_page,True,True,
ASSET_0152,safeplc_assist_box/frontend/assets/demo_evidence_150/installation_power/page_01051.jpg,page_01051.jpg,169317,47be1dbb68d5038c31bd93f10a94dafafc57a8522ab8eb8be1e9cd08233e270a,993,1323,True,S7-1500/ET 200MP Manual Collection,A5E46600341-AD,1051,基本信息 > SIMATIC Drive Controller > 8 连接 > 8.9 保护导线和等电位连接，功能性接地,,,unknown,unknown,unknown,installation_power_page,real_manual_page,True,True,
ASSET_0153,safeplc_assist_box/frontend/assets/demo_evidence_150/module_layout/page_01061.jpg,page_01061.jpg,167596,08c26bb49d9218a4943a888e4f91e3f44487da7ef4885208358f39cb27adf88a,993,1323,True,S7-1500/ET 200MP Manual Collection,A5E46600341-AD,1061,基本信息 > SIMATIC Drive Controller > 9 组态 > 9.3 组态步骤,,,unknown,unknown,unknown,module_cpu_page,real_manual_page,True,True,
ASSET_0154,safeplc_assist_box/frontend/assets/demo_evidence_150/topology/page_01065.jpg,page_01065.jpg,167859,718cd321aa09e50dca121a4e321b3b60c5e635a46680247026bc8d38d41d3e19,993,1323,True,S7-1500/ET 200MP Manual Collection,A5E46600341-AD,1065,基本信息 > SIMATIC Drive Controller > 9 组态 > 9.5 组态信息 > 9.5.1 组态软件注意事项,,,unknown,unknown,unknown,network_topology_page,real_manual_page,True,True,
ASSET_0155,safeplc_assist_box/frontend/assets/demo_evidence_150/safety/page_01125.jpg,page_01125.jpg,171692,7f3b8829a9ae701c9d91ba27d2deba70c2731402ec00eca51b7ceeb16a3f2396,993,1323,True,S7-1500/ET 200MP Manual Collection,A5E46600341-AD,1125,基本信息 > SIMATIC Drive Controller > 9 组态 > 9.12 组态故障安全工艺 CPU,,,unknown,unknown,unknown,safety_risk_page,real_manual_page,True,True,
ASSET_0156,safeplc_assist_box/frontend/assets/demo_evidence_150/safety/page_01167.jpg,page_01167.jpg,147386,196cc49e9074c14f41e8235061e05a0b6f620000d9803634c2d0cd23db8ba944,993,1323,True,S7-1500/ET 200MP Manual Collection,A5E46600341-AD,1167,基本信息 > SIMATIC Drive Controller > 13 调试 > 13.1 概述,,,unknown,unknown,unknown,safety_risk_page,real_manual_page,True,True,
ASSET_0157,safeplc_assist_box/frontend/assets/demo_evidence_150/wiring_terminal/page_01168.jpg,page_01168.jpg,192642,8148e251de01bfc438ddf1536b0a7a6d057b1b9f97a6ae53ab5ded7ce0d0968a,993,1323,True,S7-1500/ET 200MP Manual Collection,A5E46600341-AD,1168,基本信息 > SIMATIC Drive Controller > 13 调试 > 13.2 首次上电前检查,,,unknown,unknown,unknown,wiring_or_terminal_page,real_manual_page,True,True,
ASSET_0158,safeplc_assist_box/frontend/assets/demo_evidence_150/troubleshooting/page_01229.jpg,page_01229.jpg,181895,fad3cb6d41eb94664464660ab356ed1a34bacbaa3f512ee317a26559f06d5575,993,1323,True,S7-1500/ET 200MP Manual Collection,A5E46600341-AD,1229,基本信息 > SIMATIC Drive Controller > 15 维护 > 15.8 温度监视,,,unknown,unknown,unknown,diagnostic_alarm_page,real_manual_page,True,True,
ASSET_0159,safeplc_assist_box/frontend/assets/demo_evidence_150/indicators/page_01235.jpg,page_01235.jpg,248121,b758389f14df60593d7b8a709fceef4ae94517c2549c9fa2f238de0db94f4466,993,1323,True,S7-1500/ET 200MP Manual Collection,A5E46600341-AD,1235,基本信息 > SIMATIC Drive Controller > 16 测试和维护功能 > 16.1 测试功能,,,unknown,unknown,unknown,front_panel_or_led_page,real_manual_page,True,True,
ASSET_0160,safeplc_assist_box/frontend/assets/demo_evidence_150/indicators/page_01237.jpg,page_01237.jpg,204280,138426c875b80907a5a25376955bc78e35e9289677d8308784c5eff43daeedf9,993,1323,True,S7-1500/ET 200MP Manual Collection,A5E46600341-AD,1237,基本信息 > SIMATIC Drive Controller > 16 测试和维护功能 > 16.2 读取/保存服务数据,图 1-442,SIMATIC Drive Controller FUNCT 按钮,unknown,unknown,unknown,front_panel_or_led_page,real_manual_page,True,True,
ASSET_0161,safeplc_assist_box/frontend/assets/demo_evidence_150/indicators/page_01238.jpg,page_01238.jpg,232532,07784edba7b5c119e662ae36f091f80deb93ae93cd0603a93dbd3a20a85354b8,993,1323,True,S7-1500/ET 200MP Manual Collection,A5E46600341-AD,1238,基本信息 > SIMATIC Drive Controller > 16 测试和维护功能 > 16.2 读取/保存服务数据,,,unknown,unknown,unknown,front_panel_or_led_page,real_manual_page,True,True,
ASSET_0162,safeplc_assist_box/frontend/assets/demo_evidence_150/installation_power/page_01243.jpg,page_01243.jpg,217669,5b0245500312a523771dd24f95990ad369c558f54538c6ad0c6c2eb2b8bbb459,993,1323,True,S7-1500/ET 200MP Manual Collection,A5E46600341-AD,1243,基本信息 > SIMATIC Drive Controller > 17 技术数据 > 17.3 电磁兼容性,,,unknown,unknown,unknown,installation_power_page,real_manual_page,True,True,
ASSET_0163,safeplc_assist_box/frontend/assets/demo_evidence_150/installation_power/page_01247.jpg,page_01247.jpg,159369,496194b1cdee9fc80375ebe698d53a82b140b02dfc642d7f46308d95cc869d06,993,1323,True,S7-1500/ET 200MP Manual Collection,A5E46600341-AD,1247,基本信息 > SIMATIC Drive Controller > 17 技术数据 > 17.6 有关绝缘测试、保护类别、防护等级和额定电压的信息,,,unknown,unknown,unknown,installation_power_page,real_manual_page,True,True,
ASSET_0164,safeplc_assist_box/frontend/assets/demo_evidence_150/installation_power/page_01248.jpg,page_01248.jpg,143389,d32a46005baae78d925c15469172f293d21ea1509a8b77572e47026822a0f7d7,993,1323,True,S7-1500/ET 200MP Manual Collection,A5E46600341-AD,1248,基本信息 > SIMATIC Drive Controller > 17 技术数据 > 17.6 有关绝缘测试、保护类别、防护等级和额定电压的信息,,,unknown,unknown,unknown,installation_power_page,real_manual_page,True,True,
ASSET_0165,safeplc_assist_box/frontend/assets/demo_evidence_150/parameters/page_01267.jpg,page_01267.jpg,265242,f889ceeadb8db2fd0c303cb1e384e6047184440be5e62dd56b7e2d7fae6011fd,993,1323,True,S7-1500/ET 200MP Manual Collection,A5E31876150-BH,1267,基本信息 > S7-1500/ET 200MP、S7-1500R/H 文档的产品信息 > S7-1500/ET 200MP 文档的修订,,,ET 200MP,ET 200MP,unknown,table_or_parameter_page,real_manual_page,True,True,
ASSET_0166,safeplc_assist_box/frontend/assets/demo_evidence_150/topology/page_01272.jpg,page_01272.jpg,298797,e076345507ded3b3377a4484104d9e24d8afa0d21edcb478b7d96d65a85f6301,993,1323,True,S7-1500/ET 200MP Manual Collection,A5E31876150-BH,1272,基本信息 > S7-1500/ET 200MP、S7-1500R/H 文档的产品信息 > 对 SIMATIC S7-1500R/H 文档的修订,,,ET 200MP,ET 200MP,unknown,network_topology_page,real_manual_page,True,True,
ASSET_0167,safeplc_assist_box/frontend/assets/demo_evidence_150/module_layout/page_01285.jpg,page_01285.jpg,138761,d0b7ef4f1e661d4608444f7b66ce5e25f78addd0d28105f3f6c263e826ab19b4,993,1323,True,S7-1500/ET 200MP Manual Collection,A5E03981761-AD,1285,基本信息 > S7-1500 > 1 Automation task > 1.3 Hardware configuration,,,unknown,unknown,unknown,module_cpu_page,real_manual_page,True,True,
ASSET_0168,safeplc_assist_box/frontend/assets/demo_evidence_150/module_layout/page_01322.jpg,page_01322.jpg,213409,d2b42ff5583212d56be18585af5599a1aab04c2a4ba26c4d20d131a448630134,993,1323,True,S7-1500/ET 200MP Manual Collection,A5E03981761-AD,1322,基本信息 > S7-1500 > 3 Software section > 3.1 Creating the project and hardware > 3.1.5 Creating ET 200 interface modules,,,unknown,unknown,unknown,module_cpu_page,real_manual_page,True,True,
ASSET_0169,safeplc_assist_box/frontend/assets/demo_evidence_150/module_layout/page_01323.jpg,page_01323.jpg,230671,7299fede7a8957c920a5bb993c4646921774e414e4f7198e9794574e0aac0086,993,1323,True,S7-1500/ET 200MP Manual Collection,A5E03981761-AD,1323,基本信息 > S7-1500 > 3 Software section > 3.1 Creating the project and hardware > 3.1.5 Creating ET 200 interface modules,,,unknown,unknown,unknown,module_cpu_page,real_manual_page,True,True,
ASSET_0170,safeplc_assist_box/frontend/assets/demo_evidence_150/parameters/page_01513.jpg,page_01513.jpg,239854,ef4b8b2e1fe55e86d99cf074b2a45865bfeaf3ef7bd8d5720eeff22395c25b31,993,1323,True,S7-1500/ET 200MP Manual Collection,A5E44913199-AA,1513,基本信息 > S7-1500R/H 冗余系统 > 1 示例简介 > 1.4 要求,,,unknown,unknown,unknown,table_or_parameter_page,real_manual_page,True,True,
ASSET_0171,safeplc_assist_box/frontend/assets/demo_evidence_150/installation_power/page_01516.jpg,page_01516.jpg,240717,b15225fe31c80769c8c42d4f7d6a858aecbf09d3528f9aa7e3fc0df15c3a8d2e,993,1323,True,S7-1500/ET 200MP Manual Collection,A5E44913199-AA,1516,基本信息 > S7-1500R/H 冗余系统 > 1 示例简介 > 1.5 隧道段的接线图,图 1-453,接线图,unknown,unknown,6ES7155-6AU01-0CN0,installation_power_page,real_manual_page,True,True,
ASSET_0172,safeplc_assist_box/frontend/assets/demo_evidence_150/indicators/page_01549.jpg,page_01549.jpg,103588,a2641e5f3fbaea57a56c9991843223eaff58122f7b9717fa7bcd0ce41738852b,993,1323,True,S7-1500/ET 200MP Manual Collection,A5E44913199-AA,1549,基本信息 > S7-1500R/H 冗余系统 > 4 调试,,,unknown,unknown,unknown,front_panel_or_led_page,real_manual_page,True,True,
ASSET_0173,safeplc_assist_box/frontend/assets/demo_evidence_150/module_layout/page_01554.jpg,page_01554.jpg,174622,5dbe8f5a94f0edf2b2227751acd010a33decf674e1cac0be958d5ed73f28fd31,993,1323,True,S7-1500/ET 200MP Manual Collection,A5E40869835-AE,1554,设备特定信息 > 中央处理单元 > CPU 1511-1 PN (6ES7511-1AL03-0AB0) > 1 简介 > 1.1 S7-1500/ET 200MP 指南文档 > 1.1.1 信息类 S7-1500/ET 200MP,,,unknown,unknown,6ES7511-1AL03-0AB0,module_cpu_page,real_manual_page,True,True,
ASSET_0174,safeplc_assist_box/frontend/assets/demo_evidence_150/topology/page_01568.jpg,page_01568.jpg,300537,0e8ed1dac7bcdc78f2b92237039fe51d71b4f0fb32e913e7693f38fad1deedc7,993,1323,True,S7-1500/ET 200MP Manual Collection,A5E40869835-AE,1568,设备特定信息 > 中央处理单元 > CPU 1511-1 PN (6ES7511-1AL03-0AB0) > 3 产品概述 > 3.2 应用,,,S7-1500,CPU 1511-1 PN,6ES7511-1AL03-0AB0,network_topology_page,real_manual_page,True,True,
ASSET_0175,safeplc_assist_box/frontend/assets/demo_evidence_150/topology/page_01572.jpg,page_01572.jpg,337717,bc6ac441c2b3ad196ea63a51255d2f45b6e1f363ece6e7e24e7eda71669e70e1,993,1323,True,S7-1500/ET 200MP Manual Collection,A5E40869835-AE,1572,设备特定信息 > 中央处理单元 > CPU 1511-1 PN (6ES7511-1AL03-0AB0) > 3 产品概述 > 3.4 固件功能,,,S7-1500,CPU 1511-1 PN,6ES7511-1AL03-0AB0,network_topology_page,real_manual_page,True,True,
ASSET_0176,safeplc_assist_box/frontend/assets/demo_evidence_150/indicators/page_01582.jpg,page_01582.jpg,99984,b07b218cf9ca0d398da010dd1bf9b4048f287c4b09855bd689ee047af29efd58,993,1323,True,S7-1500/ET 200MP Manual Collection,A5E40869835-AE,1582,设备特定信息 > 中央处理单元 > CPU 1511-1 PN (6ES7511-1AL03-0AB0) > 4 连接,图 2-8,CPU 1511-1 PN 的方框图,S7-1500,CPU 1511-1 PN,6ES7511-1AL03-0AB0,front_panel_or_led_page,real_manual_page,True,True,
ASSET_0177,safeplc_assist_box/frontend/assets/demo_evidence_150/indicators/page_01583.jpg,page_01583.jpg,126220,da046a9a74cf0522a20215a5e7efeb6b35450285f87b23661910ded9513fc431,993,1323,True,S7-1500/ET 200MP Manual Collection,A5E40869835-AE,1583,设备特定信息 > 中央处理单元 > CPU 1511-1 PN (6ES7511-1AL03-0AB0) > 5 中断、错误消息、诊断和系统报警 > 5.1 CPU 的状态和错误显示,图 2-9,CPU 的 LED 指示灯（不带前面板）,S7-1500,CPU 1511-1 PN,6ES7511-1AL03-0AB0,front_panel_or_led_page,real_manual_page,True,True,
ASSET_0178,safeplc_assist_box/frontend/assets/demo_evidence_150/indicators/page_01584.jpg,page_01584.jpg,256879,5936877d0a9a67b3ddc2ef6392506a7c14fda6ec4d636ef9eb807fd9bac7ae84,993,1323,True,S7-1500/ET 200MP Manual Collection,A5E40869835-AE,1584,设备特定信息 > 中央处理单元 > CPU 1511-1 PN (6ES7511-1AL03-0AB0) > 5 中断、错误消息、诊断和系统报警 > 5.1 CPU 的状态和错误显示,,,S7-1500,CPU 1511-1 PN,6ES7511-1AL03-0AB0,front_panel_or_led_page,real_manual_page,True,True,
ASSET_0179,safeplc_assist_box/frontend/assets/demo_evidence_150/module_layout/page_01604.jpg,page_01604.jpg,174814,5154b649ab42d089a06bac3ac5f08d33e08784d5cc0cbc64054124385cb354e8,993,1323,True,S7-1500/ET 200MP Manual Collection,A5E40898609-AD,1604,设备特定信息 > 中央处理单元 > CPU 1511C-1 PN (6ES7511-1CL03-0AB0) > 1 简介 > 1.1 S7-1500/ET 200MP 指南文档 > 1.1.1 信息类 S7-1500/ET 200MP,,,ET 200MP,ET 200MP,6ES7511-1CL03-0AB0,module_cpu_page,real_manual_page,True,True,
ASSET_0180,safeplc_assist_box/frontend/assets/demo_evidence_150/topology/page_01618.jpg,page_01618.jpg,301254,adc4b02430c9583abf8092aae48ce810893c8a340127f2f58c87fff9ee5075c1,993,1323,True,S7-1500/ET 200MP Manual Collection,A5E40898609-AD,1618,设备特定信息 > 中央处理单元 > CPU 1511C-1 PN (6ES7511-1CL03-0AB0) > 3 产品概述 > 3.2 应用,,,unknown,unknown,6ES7511-1CL03-0AB0,network_topology_page,real_manual_page,True,True,
ASSET_0181,safeplc_assist_box/frontend/assets/demo_evidence_150/wiring_terminal/page_01619.jpg,page_01619.jpg,220274,6f09f8835163056116ca71185a562175f124e9f4bdbda0c03969db3f83bdf6a4,993,1323,True,S7-1500/ET 200MP Manual Collection,A5E40898609-AD,1619,设备特定信息 > 中央处理单元 > CPU 1511C-1 PN (6ES7511-1CL03-0AB0) > 3 产品概述 > 3.3 硬件属性和固件功能,,,unknown,unknown,6ES7511-1CL03-0AB0,wiring_or_terminal_page,real_manual_page,True,True,
ASSET_0182,safeplc_assist_box/frontend/assets/demo_evidence_150/topology/page_01622.jpg,page_01622.jpg,318583,dba87d0eba94b374ba6067679f7c52c39095c7083cd331b70d7c0c80332db6a4,993,1323,True,S7-1500/ET 200MP Manual Collection,A5E40898609-AD,1622,设备特定信息 > 中央处理单元 > CPU 1511C-1 PN (6ES7511-1CL03-0AB0) > 3 产品概述 > 3.3 硬件属性和固件功能 > 3.3.2 CPU 部件的固件功能,,,unknown,unknown,6ES7511-1CL03-0AB0,network_topology_page,real_manual_page,True,True,
ASSET_0183,safeplc_assist_box/frontend/assets/demo_evidence_150/parameters/page_01627.jpg,page_01627.jpg,274087,058dd50115a3545e004173bec34568388eb3eca46f22192d103acc19a3e568ff,993,1323,True,S7-1500/ET 200MP Manual Collection,A5E40898609-AD,1627,设备特定信息 > 中央处理单元 > CPU 1511C-1 PN (6ES7511-1CL03-0AB0) > 3 产品概述 > 3.3 硬件属性和固件功能 > 3.3.5 板载数字量 I/O 模块的硬件属性,,,unknown,unknown,6ES7511-1CL03-0AB0,table_or_parameter_page,real_manual_page,True,True,
ASSET_0184,safeplc_assist_box/frontend/assets/demo_evidence_150/indicators/page_01632.jpg,page_01632.jpg,150400,7549c1dac61e5a4b57b77891bbdee9e5ed21bf537c4795d8ca50e320a246f410,993,1323,True,S7-1500/ET 200MP Manual Collection,A5E40898609-AD,1632,设备特定信息 > 中央处理单元 > CPU 1511C-1 PN (6ES7511-1CL03-0AB0) > 3 产品概述 > 3.4 操作员控制和显示元件 > 3.4.2 不带前面板时 CPU 的正视图和仰视图,图 2-17,不带前面板时，CPU CPU 1511C‑1 PN 的正视图,unknown,unknown,6ES7511-1CL03-0AB0,front_panel_or_led_page,real_manual_page,True,True,
ASSET_0185,safeplc_assist_box/frontend/assets/demo_evidence_150/indicators/page_01668.jpg,page_01668.jpg,116816,cd4416295977baeb2abb2c64108b1e1b3de2898ff914052239662b01e15d55ef,993,1323,True,S7-1500/ET 200MP Manual Collection,A5E40898609-AD,1668,设备特定信息 > 中央处理单元 > CPU 1511C-1 PN (6ES7511-1CL03-0AB0) > 5 接线 > 5.3 端子图和方框图 > 5.3.1 CPU 部件的方框图,图 5.3,.1,unknown,unknown,6ES7511-1CL03-0AB0,front_panel_or_led_page,real_manual_page,True,True,
ASSET_0186,safeplc_assist_box/frontend/assets/demo_evidence_150/wiring_terminal/page_01669.jpg,page_01669.jpg,126742,fdb4ccf6cf1a894495d4234bc0456f6f4323e7a3908f3e90e52209b9c4dcad44,993,1323,True,S7-1500/ET 200MP Manual Collection,A5E40898609-AD,1669,设备特定信息 > 中央处理单元 > CPU 1511C-1 PN (6ES7511-1CL03-0AB0) > 5 接线 > 5.3 端子图和方框图 > 5.3.2 板载模拟量 I/O 的端子和方框图,,,unknown,unknown,6ES7511-1CL03-0AB0,wiring_or_terminal_page,real_manual_page,True,True,
ASSET_0187,safeplc_assist_box/frontend/assets/demo_evidence_150/wiring_terminal/page_01670.jpg,page_01670.jpg,106568,6da0b32b00ec4e872d3a56405679a0e2bd890dfee2dd59c4f32f37580fee6f90,993,1323,True,S7-1500/ET 200MP Manual Collection,A5E40898609-AD,1670,设备特定信息 > 中央处理单元 > CPU 1511C-1 PN (6ES7511-1CL03-0AB0) > 5 接线 > 5.3 端子图和方框图 > 5.3.2 板载模拟量 I/O 的端子和方框图,图 2-27,电压测量的方框图和端子分配,unknown,unknown,6ES7511-1CL03-0AB0,wiring_or_terminal_page,real_manual_page,True,True,
ASSET_0188,safeplc_assist_box/frontend/assets/demo_evidence_150/wiring_terminal/page_01671.jpg,page_01671.jpg,113237,403735c663c2b985ac9e88116c48cd3ff985976cea9385b441b91b83fe21d7fc,993,1323,True,S7-1500/ET 200MP Manual Collection,A5E40898609-AD,1671,设备特定信息 > 中央处理单元 > CPU 1511C-1 PN (6ES7511-1CL03-0AB0) > 5 接线 > 5.3 端子图和方框图 > 5.3.2 板载模拟量 I/O 的端子和方框图,图 2-28,4 线制测量传感器的电流测量方框图和端子分配,unknown,unknown,6ES7511-1CL03-0AB0,wiring_or_terminal_page,real_manual_page,True,True,
ASSET_0189,safeplc_assist_box/frontend/assets/demo_evidence_150/wiring_terminal/page_01673.jpg,page_01673.jpg,102920,130ce5094a8bccdd6b0567bda4b12017396b732b92c714451091ee20709211d1,993,1323,True,S7-1500/ET 200MP Manual Collection,A5E40898609-AD,1673,设备特定信息 > 中央处理单元 > CPU 1511C-1 PN (6ES7511-1CL03-0AB0) > 5 接线 > 5.3 端子图和方框图 > 5.3.2 板载模拟量 I/O 的端子和方框图,图 2-30,4 线制连接的方框图和端子分配,unknown,unknown,6ES7511-1CL03-0AB0,wiring_or_terminal_page,real_manual_page,True,True,
ASSET_0190,safeplc_assist_box/frontend/assets/demo_evidence_150/wiring_terminal/page_01674.jpg,page_01674.jpg,110764,eec5c176f7ee68debae5d59724e4195c5b879febcc50c8dd4cd535bbd8ee2bea,993,1323,True,S7-1500/ET 200MP Manual Collection,A5E40898609-AD,1674,设备特定信息 > 中央处理单元 > CPU 1511C-1 PN (6ES7511-1CL03-0AB0) > 5 接线 > 5.3 端子图和方框图 > 5.3.2 板载模拟量 I/O 的端子和方框图,图 2-31,3 线制连接的方框图和端子分配,unknown,unknown,6ES7511-1CL03-0AB0,wiring_or_terminal_page,real_manual_page,True,True,
ASSET_0191,safeplc_assist_box/frontend/assets/demo_evidence_150/wiring_terminal/page_01675.jpg,page_01675.jpg,110152,29afda9ea29241fe8178a8b5e376aaf57b1514be9088e769fc98195d415f3453,993,1323,True,S7-1500/ET 200MP Manual Collection,A5E40898609-AD,1675,设备特定信息 > 中央处理单元 > CPU 1511C-1 PN (6ES7511-1CL03-0AB0) > 5 接线 > 5.3 端子图和方框图 > 5.3.2 板载模拟量 I/O 的端子和方框图,图 2-32,2 线制连接的方框图和端子分配,unknown,unknown,6ES7511-1CL03-0AB0,wiring_or_terminal_page,real_manual_page,True,True,
ASSET_0192,safeplc_assist_box/frontend/assets/demo_evidence_150/wiring_terminal/page_01678.jpg,page_01678.jpg,167617,cff959823e31e92d6a73bd72917a131cc6fb9fc2c055fd34f24d5132c2c3ec48,993,1323,True,S7-1500/ET 200MP Manual Collection,A5E40898609-AD,1678,设备特定信息 > 中央处理单元 > CPU 1511C-1 PN (6ES7511-1CL03-0AB0) > 5 接线 > 5.3 端子图和方框图 > 5.3.3 板载数字量 I/O 的接线和方框图,图 2-35,连接 24 V 电源的滤波器。,unknown,unknown,6ES7511-1CL03-0AB0,wiring_or_terminal_page,real_manual_page,True,True,
ASSET_0193,safeplc_assist_box/frontend/assets/demo_evidence_150/wiring_terminal/page_01683.jpg,page_01683.jpg,160953,61cdb4b2b5b16dd0e2faa20006ee4e76a86dcf04088948903236ab0e7cfcfa10,993,1323,True,S7-1500/ET 200MP Manual Collection,A5E40898609-AD,1683,设备特定信息 > 中央处理单元 > CPU 1511C-1 PN (6ES7511-1CL03-0AB0) > 5 接线 > 5.3 端子图和方框图 > 5.3.3 板载数字量 I/O 的接线和方框图,图 2-39,正确接线,unknown,unknown,6ES7511-1CL03-0AB0,wiring_or_terminal_page,real_manual_page,True,True,
ASSET_0194,safeplc_assist_box/frontend/assets/demo_evidence_150/wiring_terminal/page_01692.jpg,page_01692.jpg,244787,53a81335376ae2f2705fb90394be512baf708ed66a32df9e1a744842c8bca01e,993,1323,True,S7-1500/ET 200MP Manual Collection,A5E40898609-AD,1692,设备特定信息 > 中央处理单元 > CPU 1511C-1 PN (6ES7511-1CL03-0AB0) > 5 接线 > 5.3 端子图和方框图 > 5.3.4 高速计数器的地址,,,unknown,unknown,6ES7511-1CL03-0AB0,wiring_or_terminal_page,real_manual_page,True,True,
ASSET_0195,safeplc_assist_box/frontend/assets/demo_evidence_150/wiring_terminal/page_01693.jpg,page_01693.jpg,240052,41cd6a316acd1e865f027d890d21e7ea50eaffd9a875dc3ef2404eda2b3e63df,993,1323,True,S7-1500/ET 200MP Manual Collection,A5E40898609-AD,1693,设备特定信息 > 中央处理单元 > CPU 1511C-1 PN (6ES7511-1CL03-0AB0) > 5 接线 > 5.3 端子图和方框图 > 5.3.4 高速计数器的地址,,,unknown,unknown,6ES7511-1CL03-0AB0,wiring_or_terminal_page,real_manual_page,True,True,
ASSET_0196,safeplc_assist_box/frontend/assets/demo_evidence_150/wiring_terminal/page_01694.jpg,page_01694.jpg,247562,a6e8e5774580fa28adf3418c88710a15811b926b8744992996f2c50e0ea25194,993,1323,True,S7-1500/ET 200MP Manual Collection,A5E40898609-AD,1694,设备特定信息 > 中央处理单元 > CPU 1511C-1 PN (6ES7511-1CL03-0AB0) > 5 接线 > 5.3 端子图和方框图 > 5.3.6 PTO 模式中脉冲发生器的地址,,,unknown,unknown,6ES7511-1CL03-0AB0,wiring_or_terminal_page,real_manual_page,True,True,
ASSET_0197,safeplc_assist_box/frontend/assets/demo_evidence_150/indicators/page_01708.jpg,page_01708.jpg,110953,f03a3e9469bd59dbe538ae9edd8d78a6014d125980171b702e7f537429ddf7ea,993,1323,True,S7-1500/ET 200MP Manual Collection,A5E40898609-AD,1708,设备特定信息 > 中央处理单元 > CPU 1511C-1 PN (6ES7511-1CL03-0AB0) > 7 中断/诊断报警 > 7.1 状态和错误指示灯 > 7.1.1 CPU 部件的状态和错误指示灯,图 2-49,CPU 1511C‑1 PN 的 LED 指示灯（不带前面板）,unknown,unknown,6ES7511-1CL03-0AB0,front_panel_or_led_page,real_manual_page,True,True,
ASSET_0198,safeplc_assist_box/frontend/assets/demo_evidence_150/indicators/page_01709.jpg,page_01709.jpg,263133,ab10c47fdd7a2ea945134632342b38588ceadd88d73c6e3c9ae237ab855d8e1d,993,1323,True,S7-1500/ET 200MP Manual Collection,A5E40898609-AD,1709,设备特定信息 > 中央处理单元 > CPU 1511C-1 PN (6ES7511-1CL03-0AB0) > 7 中断/诊断报警 > 7.1 状态和错误指示灯 > 7.1.1 CPU 部件的状态和错误指示灯,,,unknown,unknown,6ES7511-1CL03-0AB0,front_panel_or_led_page,real_manual_page,True,True,
ASSET_0199,safeplc_assist_box/frontend/assets/demo_evidence_150/troubleshooting/page_01712.jpg,page_01712.jpg,195326,3840b99049e827f61f4e7edcc5c7c35c3830b84a90d47842cff33fae1a91db9a,993,1323,True,S7-1500/ET 200MP Manual Collection,A5E40898609-AD,1712,设备特定信息 > 中央处理单元 > CPU 1511C-1 PN (6ES7511-1CL03-0AB0) > 7 中断/诊断报警 > 7.1 状态和错误指示灯 > 7.1.2 板载模拟量 I/O 的状态和错误指示灯,,,unknown,unknown,6ES7511-1CL03-0AB0,diagnostic_alarm_page,real_manual_page,True,True,
ASSET_0200,safeplc_assist_box/frontend/assets/demo_evidence_150/troubleshooting/page_01717.jpg,page_01717.jpg,178209,edaee670d51392a2a9d13e9fb7dc465800988b594904e7da79b75d540f6f1085,993,1323,True,S7-1500/ET 200MP Manual Collection,A5E40898609-AD,1717,设备特定信息 > 中央处理单元 > CPU 1511C-1 PN (6ES7511-1CL03-0AB0) > 7 中断/诊断报警 > 7.2 中断和诊断 > 7.2.2 板载模拟量 I/O 的中断和诊断,,,unknown,unknown,6ES7511-1CL03-0AB0,diagnostic_alarm_page,real_manual_page,True,True,
ASSET_0201,safeplc_assist_box/frontend/assets/demo_evidence_150/troubleshooting/page_01718.jpg,page_01718.jpg,124159,33512685fb25a3c4ab6258d1bbccff677d234001687b5d361002b5eaecc86a19,993,1323,True,S7-1500/ET 200MP Manual Collection,A5E40898609-AD,1718,设备特定信息 > 中央处理单元 > CPU 1511C-1 PN (6ES7511-1CL03-0AB0) > 7 中断/诊断报警 > 7.2 中断和诊断 > 7.2.3 板载数字量 I/O 的中断和诊断,,,unknown,unknown,6ES7511-1CL03-0AB0,diagnostic_alarm_page,real_manual_page,True,True,
ASSET_0202,safeplc_assist_box/frontend/assets/demo_evidence_150/parameters/page_01725.jpg,page_01725.jpg,139985,cfe10b1e708dea4f942a082c8efcac791aea344cd0b17c3b3380162b80f7dbc6,993,1323,True,S7-1500/ET 200MP Manual Collection,A5E40898609-AD,1725,设备特定信息 > 中央处理单元 > CPU 1511C-1 PN (6ES7511-1CL03-0AB0) > 8 技术规范,,,unknown,unknown,6ES7511-1CL03-0AB0,table_or_parameter_page,real_manual_page,True,True,
ASSET_0203,safeplc_assist_box/frontend/assets/demo_evidence_150/parameters/page_01727.jpg,page_01727.jpg,197201,85b2d9da2933e85e7cd0aa505ae5ac0592dc14568a66f1a4ba049693c6cd3eae,993,1323,True,S7-1500/ET 200MP Manual Collection,A5E40898609-AD,1727,设备特定信息 > 中央处理单元 > CPU 1511C-1 PN (6ES7511-1CL03-0AB0) > 8 技术规范,,,unknown,unknown,6ES7511-1CL03-0AB0,table_or_parameter_page,real_manual_page,True,True,
ASSET_0204,safeplc_assist_box/frontend/assets/demo_evidence_150/parameters/page_01728.jpg,page_01728.jpg,167519,4adc6b22f5966ed026da8133b6df6df1b1639caf1614a1e7f3b1855a9d3817eb,993,1323,True,S7-1500/ET 200MP Manual Collection,A5E40898609-AD,1728,设备特定信息 > 中央处理单元 > CPU 1511C-1 PN (6ES7511-1CL03-0AB0) > 8 技术规范,,,unknown,unknown,6ES7511-1CL03-0AB0,table_or_parameter_page,real_manual_page,True,True,
ASSET_0205,safeplc_assist_box/frontend/assets/demo_evidence_150/parameters/page_01729.jpg,page_01729.jpg,150142,fbbcc5f3bce37e86c5d61e459c99e9d52eb71b60ce25592ee586ea7f4b448e27,993,1323,True,S7-1500/ET 200MP Manual Collection,A5E40898609-AD,1729,设备特定信息 > 中央处理单元 > CPU 1511C-1 PN (6ES7511-1CL03-0AB0) > 8 技术规范,,,unknown,unknown,6ES7511-1CL03-0AB0,table_or_parameter_page,real_manual_page,True,True,
ASSET_0206,safeplc_assist_box/frontend/assets/demo_evidence_150/parameters/page_01731.jpg,page_01731.jpg,154830,a607ead7f3a6768d2c0989207c8dfbb43db832bd0fc784d65989e38fe8981dac,993,1323,True,S7-1500/ET 200MP Manual Collection,A5E40898609-AD,1731,设备特定信息 > 中央处理单元 > CPU 1511C-1 PN (6ES7511-1CL03-0AB0) > 8 技术规范,,,unknown,unknown,6ES7511-1CL03-0AB0,table_or_parameter_page,real_manual_page,True,True,
ASSET_0207,safeplc_assist_box/frontend/assets/demo_evidence_150/parameters/page_01748.jpg,page_01748.jpg,163538,f6a62e485d4c772713708cc717ab774f29d99a85e2a75aa0bfeea82473da49e1,993,1323,True,S7-1500/ET 200MP Manual Collection,A5E40898609-AD,1748,设备特定信息 > 中央处理单元 > CPU 1511C-1 PN (6ES7511-1CL03-0AB0) > B 参数数据记录 > B.2 板载模拟量 I/O 上输入通道的数据记录结构,,,unknown,unknown,6ES7511-1CL03-0AB0,table_or_parameter_page,real_manual_page,True,True,
ASSET_0208,safeplc_assist_box/frontend/assets/demo_evidence_150/indicators/page_01803.jpg,page_01803.jpg,103447,3da22a109017a07275508cb01914cb58f4a20adf9c7d8b31e7caa065d61b8888,993,1323,True,S7-1500/ET 200MP Manual Collection,A5E36270886-AC,1803,设备特定信息 > 中央处理单元 > CPU 1511T-1 PN (6ES7511-1TK01-0AB0) > 3 接线,图 2-75,CPU 1511T-1 PN 的方框图,S7-1500,CPU 1511T-1 PN,6ES7511-1TK01-0AB0,front_panel_or_led_page,real_manual_page,True,True,
ASSET_0209,safeplc_assist_box/frontend/assets/demo_evidence_150/indicators/page_01804.jpg,page_01804.jpg,187175,7dcc027868ab70a6b49b52d8e2fef7fb239a212b48373f757ec5744b23fb06d0,993,1323,True,S7-1500/ET 200MP Manual Collection,A5E36270886-AC,1804,设备特定信息 > 中央处理单元 > CPU 1511T-1 PN (6ES7511-1TK01-0AB0) > 4 中断、错误消息、诊断和系统报警 > 4.1 CPU 的状态和错误显示,图 2-76,CPU 1511T-1 PN 的 LED 指示灯（不带前面板）,S7-1500,CPU 1511T-1 PN,6ES7511-1TK01-0AB0,front_panel_or_led_page,real_manual_page,True,True,
ASSET_0210,safeplc_assist_box/frontend/assets/demo_evidence_150/indicators/page_01805.jpg,page_01805.jpg,189712,f9a3e0f915d6b1c1615d1e28e881e93a92650b26b8744729fa627370399f1ff9,993,1323,True,S7-1500/ET 200MP Manual Collection,A5E36270886-AC,1805,设备特定信息 > 中央处理单元 > CPU 1511T-1 PN (6ES7511-1TK01-0AB0) > 4 中断、错误消息、诊断和系统报警 > 4.1 CPU 的状态和错误显示,,,S7-1500,CPU 1511T-1 PN,6ES7511-1TK01-0AB0,front_panel_or_led_page,real_manual_page,True,True,
ASSET_0211,safeplc_assist_box/frontend/assets/demo_evidence_150/installation_power/page_01808.jpg,page_01808.jpg,140904,84e4308616807074eb6c7f71b6a1decd11257acbf079c57e5fc94a5a03447346,993,1323,True,S7-1500/ET 200MP Manual Collection,A5E36270886-AC,1808,设备特定信息 > 中央处理单元 > CPU 1511T-1 PN (6ES7511-1TK01-0AB0) > 5 技术规范,,,S7-1500,CPU 1511T-1 PN,6ES7511-1TK01-0AB0,installation_power_page,real_manual_page,True,True,
ASSET_0212,safeplc_assist_box/frontend/assets/demo_evidence_150/parameters/page_01812.jpg,page_01812.jpg,133684,c1941f0604ccdef5f2ed9ebdceefee2606a23d54ed739ed3847ff46bdfc04a14,993,1323,True,S7-1500/ET 200MP Manual Collection,A5E36270886-AC,1812,设备特定信息 > 中央处理单元 > CPU 1511T-1 PN (6ES7511-1TK01-0AB0) > 5 技术规范,,,S7-1500,CPU 1511T-1 PN,6ES7511-1TK01-0AB0,table_or_parameter_page,real_manual_page,True,True,
ASSET_0213,safeplc_assist_box/frontend/assets/demo_evidence_150/module_layout/page_01830.jpg,page_01830.jpg,174716,a357383bcfa8fa363005cb883530f3f598f983fe037696532d58df1324ca77b5,993,1323,True,S7-1500/ET 200MP Manual Collection,A5E52295328-AC,1830,设备特定信息 > 中央处理单元 > CPU 1511T-1 PN (6ES7511-1TL03-0AB0) > 1 简介 > 1.1 S7-1500/ET 200MP 指南文档 > 1.1.1 信息类 S7-1500/ET 200MP,,,unknown,unknown,6ES7511-1TL03-0AB0,module_cpu_page,real_manual_page,True,True,
ASSET_0214,safeplc_assist_box/frontend/assets/demo_evidence_150/indicators/page_01859.jpg,page_01859.jpg,100412,f49a41b81621c221807d64ef8a0a0e5bb0bf9c12bb9867a172f106d5545140ee,993,1323,True,S7-1500/ET 200MP Manual Collection,A5E52295328-AC,1859,设备特定信息 > 中央处理单元 > CPU 1511T-1 PN (6ES7511-1TL03-0AB0) > 4 接线,图 2-86,CPU 1511-1 PN 的方框图,S7-1500,CPU 1511T-1 PN,6ES7511-1TL03-0AB0,front_panel_or_led_page,real_manual_page,True,True,
ASSET_0215,safeplc_assist_box/frontend/assets/demo_evidence_150/indicators/page_01860.jpg,page_01860.jpg,129685,f4a0324467c683adbc764bbc114f3cfa5edca64166de040dadffe9ecd76dbf59,993,1323,True,S7-1500/ET 200MP Manual Collection,A5E52295328-AC,1860,设备特定信息 > 中央处理单元 > CPU 1511T-1 PN (6ES7511-1TL03-0AB0) > 5 中断、错误消息、诊断和系统报警 > 5.1 CPU 的状态和错误显示,图 2-87,CPU 的 LED 指示灯（不带前面板）,S7-1500,CPU 1511T-1 PN,6ES7511-1TL03-0AB0,front_panel_or_led_page,real_manual_page,True,True,
ASSET_0216,safeplc_assist_box/frontend/assets/demo_evidence_150/indicators/page_01861.jpg,page_01861.jpg,256980,5168034bd5e45407aa65bf21a2d5d2450d83b12cbf7f1a170d120d3bbd4bfc31,993,1323,True,S7-1500/ET 200MP Manual Collection,A5E52295328-AC,1861,设备特定信息 > 中央处理单元 > CPU 1511T-1 PN (6ES7511-1TL03-0AB0) > 5 中断、错误消息、诊断和系统报警 > 5.1 CPU 的状态和错误显示,,,S7-1500,CPU 1511T-1 PN,6ES7511-1TL03-0AB0,front_panel_or_led_page,real_manual_page,True,True,
ASSET_0217,safeplc_assist_box/frontend/assets/demo_evidence_150/module_layout/page_01881.jpg,page_01881.jpg,174924,25bca0dcecd7cc4eca73d60b5466289e0769bdf253e73c1ac1a552b687e7c07c,993,1323,True,S7-1500/ET 200MP Manual Collection,A5E40899002-AD,1881,设备特定信息 > 中央处理单元 > CPU 1512C-1 PN (6ES7512-1CM03-0AB0) > 1 简介 > 1.1 S7-1500/ET 200MP 指南文档 > 1.1.1 信息类 S7-1500/ET 200MP,,,ET 200MP,ET 200MP,6ES7512-1CM03-0AB0,module_cpu_page,real_manual_page,True,True,
ASSET_0218,safeplc_assist_box/frontend/assets/demo_evidence_150/topology/page_01895.jpg,page_01895.jpg,301368,97efe81b5f3a053860f50e1474f61c2e569c74f8167be69b202279635e229fe1,993,1323,True,S7-1500/ET 200MP Manual Collection,A5E40899002-AD,1895,设备特定信息 > 中央处理单元 > CPU 1512C-1 PN (6ES7512-1CM03-0AB0) > 3 产品概述 > 3.2 应用,,,unknown,unknown,6ES7512-1CM03-0AB0,network_topology_page,real_manual_page,True,True,
ASSET_0219,safeplc_assist_box/frontend/assets/demo_evidence_150/wiring_terminal/page_01896.jpg,page_01896.jpg,221202,5634c20a75577e2fae52cf50f2d5c212c0b68606571db748456aacdab07d0180,993,1323,True,S7-1500/ET 200MP Manual Collection,A5E40899002-AD,1896,设备特定信息 > 中央处理单元 > CPU 1512C-1 PN (6ES7512-1CM03-0AB0) > 3 产品概述 > 3.3 硬件属性和固件功能,,,unknown,unknown,6ES7512-1CM03-0AB0,wiring_or_terminal_page,real_manual_page,True,True,
ASSET_0220,safeplc_assist_box/frontend/assets/demo_evidence_150/topology/page_01899.jpg,page_01899.jpg,318720,aa825102b92c078557d4519f36ff843af4d1fbb458093c889fdce566407ca42d,993,1323,True,S7-1500/ET 200MP Manual Collection,A5E40899002-AD,1899,设备特定信息 > 中央处理单元 > CPU 1512C-1 PN (6ES7512-1CM03-0AB0) > 3 产品概述 > 3.3 硬件属性和固件功能 > 3.3.2 CPU 部件的固件功能,,,unknown,unknown,6ES7512-1CM03-0AB0,network_topology_page,real_manual_page,True,True,
ASSET_0221,safeplc_assist_box/frontend/assets/demo_evidence_150/parameters/page_01904.jpg,page_01904.jpg,265872,a6020ab5f868761b3e12c7dec7a56dc41ca7dddeb6ea349b2187296252f27ea3,993,1323,True,S7-1500/ET 200MP Manual Collection,A5E40899002-AD,1904,设备特定信息 > 中央处理单元 > CPU 1512C-1 PN (6ES7512-1CM03-0AB0) > 3 产品概述 > 3.3 硬件属性和固件功能 > 3.3.5 板载数字量 I/O 模块的硬件属性,,,unknown,unknown,6ES7512-1CM03-0AB0,table_or_parameter_page,real_manual_page,True,True,
ASSET_0222,safeplc_assist_box/frontend/assets/demo_evidence_150/indicators/page_01909.jpg,page_01909.jpg,161798,8e300901792c81422026fcf25dce8339e0a8bcb87a789b0b000f8f6d3dcf49af,993,1323,True,S7-1500/ET 200MP Manual Collection,A5E40899002-AD,1909,设备特定信息 > 中央处理单元 > CPU 1512C-1 PN (6ES7512-1CM03-0AB0) > 3 产品概述 > 3.4 操作员控制和显示元件 > 3.4.2 不带前面板时 CPU 的正视图和仰视图,图 2-95,CPU CPU 1512C‑1 PN 的正视图，不带前面板,unknown,unknown,6ES7512-1CM03-0AB0,front_panel_or_led_page,real_manual_page,True,True,
ASSET_0223,safeplc_assist_box/frontend/assets/demo_evidence_150/indicators/page_01944.jpg,page_01944.jpg,116280,5ddf14d59e407575557d3a3ad7579ae1892119c2916db5f7502c912f4d6ede80,993,1323,True,S7-1500/ET 200MP Manual Collection,A5E40899002-AD,1944,设备特定信息 > 中央处理单元 > CPU 1512C-1 PN (6ES7512-1CM03-0AB0) > 5 接线 > 5.3 端子和方框图 > 5.3.1 CPU 部件的方框图,图 5.3,.1,unknown,unknown,6ES7512-1CM03-0AB0,front_panel_or_led_page,real_manual_page,True,True,
ASSET_0224,safeplc_assist_box/frontend/assets/demo_evidence_150/wiring_terminal/page_01945.jpg,page_01945.jpg,126027,44399a5b7b39fb0ea42ca7dc878b5a6b04151130f3f91fa38cdbf525a1861d63,993,1323,True,S7-1500/ET 200MP Manual Collection,A5E40899002-AD,1945,设备特定信息 > 中央处理单元 > CPU 1512C-1 PN (6ES7512-1CM03-0AB0) > 5 接线 > 5.3 端子和方框图 > 5.3.2 板载模拟量 I/O 的端子和方框图,,,unknown,unknown,6ES7512-1CM03-0AB0,wiring_or_terminal_page,real_manual_page,True,True,
ASSET_0225,safeplc_assist_box/frontend/assets/demo_evidence_150/wiring_terminal/page_01946.jpg,page_01946.jpg,106282,804cde816de7750dee8464b61eab067ef1d24c30778c4be7b0a6225e0366f4b5,993,1323,True,S7-1500/ET 200MP Manual Collection,A5E40899002-AD,1946,设备特定信息 > 中央处理单元 > CPU 1512C-1 PN (6ES7512-1CM03-0AB0) > 5 接线 > 5.3 端子和方框图 > 5.3.2 板载模拟量 I/O 的端子和方框图,图 2-105,电压测量的方框图和端子分配,unknown,unknown,6ES7512-1CM03-0AB0,wiring_or_terminal_page,real_manual_page,True,True,
ASSET_0226,safeplc_assist_box/frontend/assets/demo_evidence_150/wiring_terminal/page_01947.jpg,page_01947.jpg,114294,fd9800054ce24d4e67e8866ee19881a390278467922ba0bc76c151db637aa1fc,993,1323,True,S7-1500/ET 200MP Manual Collection,A5E40899002-AD,1947,设备特定信息 > 中央处理单元 > CPU 1512C-1 PN (6ES7512-1CM03-0AB0) > 5 接线 > 5.3 端子和方框图 > 5.3.2 板载模拟量 I/O 的端子和方框图,图 2-106,测量电流用的 4 线制测量传感器的方框图和端子分配,unknown,unknown,6ES7512-1CM03-0AB0,wiring_or_terminal_page,real_manual_page,True,True,
ASSET_0227,safeplc_assist_box/frontend/assets/demo_evidence_150/wiring_terminal/page_01949.jpg,page_01949.jpg,102650,912fdd07cad734bd3a783ca3c213fab8e1d26bd6ae2793bf8eac18544a06c116,993,1323,True,S7-1500/ET 200MP Manual Collection,A5E40899002-AD,1949,设备特定信息 > 中央处理单元 > CPU 1512C-1 PN (6ES7512-1CM03-0AB0) > 5 接线 > 5.3 端子和方框图 > 5.3.2 板载模拟量 I/O 的端子和方框图,图 2-108,4 线制连接的方框图和端子分配,unknown,unknown,6ES7512-1CM03-0AB0,wiring_or_terminal_page,real_manual_page,True,True,
ASSET_0228,safeplc_assist_box/frontend/assets/demo_evidence_150/wiring_terminal/page_01950.jpg,page_01950.jpg,110958,000025bcbca8a9ab9f97ca47b092ceb9dd9502886b924013b3b8ae90e1c211c9,993,1323,True,S7-1500/ET 200MP Manual Collection,A5E40899002-AD,1950,设备特定信息 > 中央处理单元 > CPU 1512C-1 PN (6ES7512-1CM03-0AB0) > 5 接线 > 5.3 端子和方框图 > 5.3.2 板载模拟量 I/O 的端子和方框图,图 2-109,3 线制连接的方框图和端子分配,unknown,unknown,6ES7512-1CM03-0AB0,wiring_or_terminal_page,real_manual_page,True,True,
ASSET_0229,safeplc_assist_box/frontend/assets/demo_evidence_150/wiring_terminal/page_01951.jpg,page_01951.jpg,110473,311dd1f4297e895723ea266be232f542f1ae89177f8812b69757c848d88b776e,993,1323,True,S7-1500/ET 200MP Manual Collection,A5E40899002-AD,1951,设备特定信息 > 中央处理单元 > CPU 1512C-1 PN (6ES7512-1CM03-0AB0) > 5 接线 > 5.3 端子和方框图 > 5.3.2 板载模拟量 I/O 的端子和方框图,图 2-110,2 线制连接的方框图和端子分配,unknown,unknown,6ES7512-1CM03-0AB0,wiring_or_terminal_page,real_manual_page,True,True,
ASSET_0230,safeplc_assist_box/frontend/assets/demo_evidence_150/wiring_terminal/page_01954.jpg,page_01954.jpg,169424,80bc0fe1c8c1af31b12072940144efc6814970f38f85a6dc232b937e060e6e27,993,1323,True,S7-1500/ET 200MP Manual Collection,A5E40899002-AD,1954,设备特定信息 > 中央处理单元 > CPU 1512C-1 PN (6ES7512-1CM03-0AB0) > 5 接线 > 5.3 端子和方框图 > 5.3.3 板载数字量 I/O 的端子和方框图,图 2-113,连接 24 V 电源的滤波器。,unknown,unknown,6ES7512-1CM03-0AB0,wiring_or_terminal_page,real_manual_page,True,True,
ASSET_0231,safeplc_assist_box/frontend/assets/demo_evidence_150/installation_power/page_01959.jpg,page_01959.jpg,165914,e6fb14f386466b6ae8c9e3ee2d2d6dcfa34f5b794cf1d6e3fe7819ef447f4d7b,993,1323,True,S7-1500/ET 200MP Manual Collection,A5E40899002-AD,1959,设备特定信息 > 中央处理单元 > CPU 1512C-1 PN (6ES7512-1CM03-0AB0) > 5 接线 > 5.3 端子和方框图 > 5.3.3 板载数字量 I/O 的端子和方框图,,,unknown,unknown,6ES7512-1CM03-0AB0,installation_power_page,real_manual_page,True,True,
ASSET_0232,safeplc_assist_box/frontend/assets/demo_evidence_150/wiring_terminal/page_01960.jpg,page_01960.jpg,164766,33666ff2c569ea97f542cbd6d968168ff93c346fad007abd23110b2c8467669b,993,1323,True,S7-1500/ET 200MP Manual Collection,A5E40899002-AD,1960,设备特定信息 > 中央处理单元 > CPU 1512C-1 PN (6ES7512-1CM03-0AB0) > 5 接线 > 5.3 端子和方框图 > 5.3.3 板载数字量 I/O 的端子和方框图,图 2-118,以板载数字量 I/O X11 为例的正确接线方式,unknown,unknown,6ES7512-1CM03-0AB0,wiring_or_terminal_page,real_manual_page,True,True,
ASSET_0233,safeplc_assist_box/frontend/assets/demo_evidence_150/wiring_terminal/page_01965.jpg,page_01965.jpg,171328,89215cac443493457c2bf2a931a7e1f0a572f4c8c18f44733a1179823f5ae2ec,993,1323,True,S7-1500/ET 200MP Manual Collection,A5E40899002-AD,1965,设备特定信息 > 中央处理单元 > CPU 1512C-1 PN (6ES7512-1CM03-0AB0) > 5 接线 > 5.3 端子和方框图 > 5.3.3 板载数字量 I/O 的端子和方框图,图 2-123,以板载数字量 I/O X11 为例的错误接线方式电路桥,unknown,unknown,6ES7512-1CM03-0AB0,wiring_or_terminal_page,real_manual_page,True,True,
ASSET_0234,safeplc_assist_box/frontend/assets/demo_evidence_150/wiring_terminal/page_01970.jpg,page_01970.jpg,243720,30768bc0003a127166324ea0297d0ddab0cd15e302c4d75d89cc0f41e5e9e14b,993,1323,True,S7-1500/ET 200MP Manual Collection,A5E40899002-AD,1970,设备特定信息 > 中央处理单元 > CPU 1512C-1 PN (6ES7512-1CM03-0AB0) > 5 接线 > 5.3 端子和方框图 > 5.3.4 高速计数器的地址,,,unknown,unknown,6ES7512-1CM03-0AB0,wiring_or_terminal_page,real_manual_page,True,True,
ASSET_0235,safeplc_assist_box/frontend/assets/demo_evidence_150/wiring_terminal/page_01971.jpg,page_01971.jpg,238630,6d1e15f1ddfe0c290fd2ee3bf97c6a653753a30caf3e7daec8623722bb9e5bba,993,1323,True,S7-1500/ET 200MP Manual Collection,A5E40899002-AD,1971,设备特定信息 > 中央处理单元 > CPU 1512C-1 PN (6ES7512-1CM03-0AB0) > 5 接线 > 5.3 端子和方框图 > 5.3.4 高速计数器的地址,,,unknown,unknown,6ES7512-1CM03-0AB0,wiring_or_terminal_page,real_manual_page,True,True,
ASSET_0236,safeplc_assist_box/frontend/assets/demo_evidence_150/wiring_terminal/page_01972.jpg,page_01972.jpg,254773,6bab5f7e7f3a00002caa9a7cd00bc22bb3281993f757601a0638919797e53012,993,1323,True,S7-1500/ET 200MP Manual Collection,A5E40899002-AD,1972,设备特定信息 > 中央处理单元 > CPU 1512C-1 PN (6ES7512-1CM03-0AB0) > 5 接线 > 5.3 端子和方框图 > 5.3.6 PTO 模式中脉冲发生器的地址,,,unknown,unknown,6ES7512-1CM03-0AB0,wiring_or_terminal_page,real_manual_page,True,True,
ASSET_0237,safeplc_assist_box/frontend/assets/demo_evidence_150/indicators/page_01989.jpg,page_01989.jpg,119074,bc0e71e220e56cfca99497dfa13146a3f2337e028be75106a4ee1a9a38ac2ddf,993,1323,True,S7-1500/ET 200MP Manual Collection,A5E40899002-AD,1989,设备特定信息 > 中央处理单元 > CPU 1512C-1 PN (6ES7512-1CM03-0AB0) > 7 中断/诊断报警 > 7.1 状态和错误指示灯 > 7.1.1 CPU 部件的状态和错误指示灯,图 2-130,CPU 1512C-1 PN 的 LED 指示灯（不带前面板）,unknown,unknown,6ES7512-1CM03-0AB0,front_panel_or_led_page,real_manual_page,True,True,
ASSET_0238,safeplc_assist_box/frontend/assets/demo_evidence_150/indicators/page_01990.jpg,page_01990.jpg,262530,142dafb865ba9b454feffd449ad7ac439fc5d6f5a2944248168f553a0c003bb6,993,1323,True,S7-1500/ET 200MP Manual Collection,A5E40899002-AD,1990,设备特定信息 > 中央处理单元 > CPU 1512C-1 PN (6ES7512-1CM03-0AB0) > 7 中断/诊断报警 > 7.1 状态和错误指示灯 > 7.1.1 CPU 部件的状态和错误指示灯,,,unknown,unknown,6ES7512-1CM03-0AB0,front_panel_or_led_page,real_manual_page,True,True,
ASSET_0239,safeplc_assist_box/frontend/assets/demo_evidence_150/troubleshooting/page_01993.jpg,page_01993.jpg,163855,f80a3702d5008e2b66ec591604a10e8e779d98b669fd31c28e6affbfd530295c,993,1323,True,S7-1500/ET 200MP Manual Collection,A5E40899002-AD,1993,设备特定信息 > 中央处理单元 > CPU 1512C-1 PN (6ES7512-1CM03-0AB0) > 7 中断/诊断报警 > 7.1 状态和错误指示灯 > 7.1.2 板载模拟量 I/O 的状态和错误指示灯,,,unknown,unknown,6ES7512-1CM03-0AB0,diagnostic_alarm_page,real_manual_page,True,True,
ASSET_0240,safeplc_assist_box/frontend/assets/demo_evidence_150/troubleshooting/page_01998.jpg,page_01998.jpg,179101,b6648152fb673790e881d54c8ede5a07b590a0fdb464201172742e5f144d3201,993,1323,True,S7-1500/ET 200MP Manual Collection,A5E40899002-AD,1998,设备特定信息 > 中央处理单元 > CPU 1512C-1 PN (6ES7512-1CM03-0AB0) > 7 中断/诊断报警 > 7.2 中断和诊断 > 7.2.2 板载模拟量 I/O 的中断和诊断,,,unknown,unknown,6ES7512-1CM03-0AB0,diagnostic_alarm_page,real_manual_page,True,True,
ASSET_0241,safeplc_assist_box/frontend/assets/demo_evidence_150/troubleshooting/page_01999.jpg,page_01999.jpg,124442,4ab366105071af0d8edfbd74615b5a490b2fcff046f12a154d0a2031006cd2c1,993,1323,True,S7-1500/ET 200MP Manual Collection,A5E40899002-AD,1999,设备特定信息 > 中央处理单元 > CPU 1512C-1 PN (6ES7512-1CM03-0AB0) > 7 中断/诊断报警 > 7.2 中断和诊断 > 7.2.3 板载数字量 I/O 的中断和诊断,,,unknown,unknown,6ES7512-1CM03-0AB0,diagnostic_alarm_page,real_manual_page,True,True,
ASSET_0242,safeplc_assist_box/frontend/assets/demo_evidence_150/parameters/page_02006.jpg,page_02006.jpg,140194,8aa994e6e31d60be2a8977930996277d18af2bf3d2ae2d905d8e41764f67c9a4,993,1323,True,S7-1500/ET 200MP Manual Collection,A5E40899002-AD,2006,设备特定信息 > 中央处理单元 > CPU 1512C-1 PN (6ES7512-1CM03-0AB0) > 8 技术规范,,,unknown,unknown,6ES7512-1CM03-0AB0,table_or_parameter_page,real_manual_page,True,True,
ASSET_0243,safeplc_assist_box/frontend/assets/demo_evidence_150/parameters/page_02008.jpg,page_02008.jpg,197451,6a208a7c470c67c802799b869ddbde7ffa9efbe789c1fc3e643c8fc34f3d7f73,993,1323,True,S7-1500/ET 200MP Manual Collection,A5E40899002-AD,2008,设备特定信息 > 中央处理单元 > CPU 1512C-1 PN (6ES7512-1CM03-0AB0) > 8 技术规范,,,unknown,unknown,6ES7512-1CM03-0AB0,table_or_parameter_page,real_manual_page,True,True,
ASSET_0244,safeplc_assist_box/frontend/assets/demo_evidence_150/parameters/page_02009.jpg,page_02009.jpg,167767,1cb7969a48e0f9131c77fa503f0e177534e07d4c539c3ef62df6b512261ec78f,993,1323,True,S7-1500/ET 200MP Manual Collection,A5E40899002-AD,2009,设备特定信息 > 中央处理单元 > CPU 1512C-1 PN (6ES7512-1CM03-0AB0) > 8 技术规范,,,unknown,unknown,6ES7512-1CM03-0AB0,table_or_parameter_page,real_manual_page,True,True,
ASSET_0245,safeplc_assist_box/frontend/assets/demo_evidence_150/parameters/page_02010.jpg,page_02010.jpg,150403,b2d9a0c424eabd4f6c9cc73cc97e912dde08d3ebcc7e17396c5a090d2e925e38,993,1323,True,S7-1500/ET 200MP Manual Collection,A5E40899002-AD,2010,设备特定信息 > 中央处理单元 > CPU 1512C-1 PN (6ES7512-1CM03-0AB0) > 8 技术规范,,,unknown,unknown,6ES7512-1CM03-0AB0,table_or_parameter_page,real_manual_page,True,True,
ASSET_0246,safeplc_assist_box/frontend/assets/demo_evidence_150/parameters/page_02012.jpg,page_02012.jpg,154996,26428516ddb83070d6b407eb6b4a13238385903b49bd348af1ee73a9c2c2ba3a,993,1323,True,S7-1500/ET 200MP Manual Collection,A5E40899002-AD,2012,设备特定信息 > 中央处理单元 > CPU 1512C-1 PN (6ES7512-1CM03-0AB0) > 8 技术规范,,,unknown,unknown,6ES7512-1CM03-0AB0,table_or_parameter_page,real_manual_page,True,True,
ASSET_0247,safeplc_assist_box/frontend/assets/demo_evidence_150/parameters/page_02029.jpg,page_02029.jpg,163864,2c031130776ca4049258afb9699b16590e40e58c3af7214983285f55aeae6443,993,1323,True,S7-1500/ET 200MP Manual Collection,A5E40899002-AD,2029,设备特定信息 > 中央处理单元 > CPU 1512C-1 PN (6ES7512-1CM03-0AB0) > B 参数数据记录 > B.2 板载模拟量 I/O 上输入通道的数据记录结构,,,unknown,unknown,6ES7512-1CM03-0AB0,table_or_parameter_page,real_manual_page,True,True,
ASSET_0248,safeplc_assist_box/frontend/assets/demo_evidence_150/module_layout/page_02061.jpg,page_02061.jpg,174746,ff5b9def11ae09b260af710d518a02defdfc6931b150a2776f48063327a7a0df,993,1323,True,S7-1500/ET 200MP Manual Collection,A5E40882000-AE,2061,设备特定信息 > 中央处理单元 > CPU 1513-1 PN (6ES7513-1AM03-0AB0) > 1 简介 > 1.1 S7-1500/ET 200MP 指南文档 > 1.1.1 信息类 S7-1500/ET 200MP,,,unknown,unknown,6ES7513-1AM03-0AB0,module_cpu_page,real_manual_page,True,True,
ASSET_0249,safeplc_assist_box/frontend/assets/demo_evidence_150/topology/page_02075.jpg,page_02075.jpg,301097,dfed7178e6d7a5d3d5596af100b1c829dedb2b7295ff7bd356174f51784445d6,993,1323,True,S7-1500/ET 200MP Manual Collection,A5E40882000-AE,2075,设备特定信息 > 中央处理单元 > CPU 1513-1 PN (6ES7513-1AM03-0AB0) > 3 产品概述 > 3.2 应用,,,S7-1500,CPU 1513-1 PN,6ES7513-1AM03-0AB0,network_topology_page,real_manual_page,True,True,
ASSET_0250,safeplc_assist_box/frontend/assets/demo_evidence_150/indicators/page_02090.jpg,page_02090.jpg,98105,14d51d2f529a616dbc0523531db5325fd51eb8d5df9de3bd4a21c22f67a042fe,993,1323,True,S7-1500/ET 200MP Manual Collection,A5E40882000-AE,2090,设备特定信息 > 中央处理单元 > CPU 1513-1 PN (6ES7513-1AM03-0AB0) > 4 连接,图 2-157,CPU 1513-1 PN 方框图,S7-1500,CPU 1513-1 PN,6ES7513-1AM03-0AB0,front_panel_or_led_page,real_manual_page,True,True,
ASSET_0251,safeplc_assist_box/frontend/assets/demo_evidence_150/indicators/page_02091.jpg,page_02091.jpg,126668,547d33a541c310e45d1d8c42a0148d9e44891295e065a40333aa16a35a53021a,993,1323,True,S7-1500/ET 200MP Manual Collection,A5E40882000-AE,2091,设备特定信息 > 中央处理单元 > CPU 1513-1 PN (6ES7513-1AM03-0AB0) > 5 中断、错误消息、诊断和系统报警 > 5.1 CPU 的状态和错误显示,图 2-158,CPU 1513-1 PN 的 LED 指示灯（不带前面板）,S7-1500,CPU 1513-1 PN,6ES7513-1AM03-0AB0,front_panel_or_led_page,real_manual_page,True,True,
ASSET_0252,safeplc_assist_box/frontend/assets/demo_evidence_150/indicators/page_02092.jpg,page_02092.jpg,256571,27285967fc24750e46f2d690975c9573c278ddc7769d5986eb45a58fc84677f3,993,1323,True,S7-1500/ET 200MP Manual Collection,A5E40882000-AE,2092,设备特定信息 > 中央处理单元 > CPU 1513-1 PN (6ES7513-1AM03-0AB0) > 5 中断、错误消息、诊断和系统报警 > 5.1 CPU 的状态和错误显示,,,S7-1500,CPU 1513-1 PN,6ES7513-1AM03-0AB0,front_panel_or_led_page,real_manual_page,True,True,
ASSET_0253,safeplc_assist_box/frontend/assets/demo_evidence_150/topology/page_02128.jpg,page_02128.jpg,353249,e63f19b5664bf89b9290ca64c20ff0c89064aa1819a8d7ed858442ed5d529215,993,1323,True,S7-1500/ET 200MP Manual Collection,A5E42009482-AF,2128,设备特定信息 > 中央处理单元 > CPU 1513R-1 PN (6ES7513-1RM03-0AB0) > 3 产品概述 > 3.4 固件功能,,,S7-1500R/H,CPU 1513R-1 PN,6ES7513-1RM03-0AB0,network_topology_page,real_manual_page,True,True,
ASSET_0254,safeplc_assist_box/frontend/assets/demo_evidence_150/indicators/page_02137.jpg,page_02137.jpg,104501,5814159afd1d9f6a42eb95ef5ab9e0005d664ed486987c0852cf7bd4f2335a12,993,1323,True,S7-1500/ET 200MP Manual Collection,A5E42009482-AF,2137,设备特定信息 > 中央处理单元 > CPU 1513R-1 PN (6ES7513-1RM03-0AB0) > 4 连接 > 4.1 端子分配,图 2-169,CPU 1513R‑1 PN 的电路示意图,S7-1500R/H,CPU 1513R-1 PN,6ES7513-1RM03-0AB0,front_panel_or_led_page,real_manual_page,True,True,
ASSET_0255,safeplc_assist_box/frontend/assets/demo_evidence_150/indicators/page_02138.jpg,page_02138.jpg,171233,81cd362e341bbfd49b41a0464f17f91753da02cc266d6f2da1c5bf14f09370f1,993,1323,True,S7-1500/ET 200MP Manual Collection,A5E42009482-AF,2138,设备特定信息 > 中央处理单元 > CPU 1513R-1 PN (6ES7513-1RM03-0AB0) > 5 中断、诊断、错误消息和系统事件 > 5.1 CPU 的状态和错误指示灯,图 2-170,CPU 1513R-1 PN 的 LED 指示灯（不带前面板）,S7-1500R/H,CPU 1513R-1 PN,6ES7513-1RM03-0AB0,front_panel_or_led_page,real_manual_page,True,True,
ASSET_0256,safeplc_assist_box/frontend/assets/demo_evidence_150/indicators/page_02139.jpg,page_02139.jpg,167746,ef11be4757abaa58411d0904dd0cdbf744f1769b80e26ed29f4819ab1339e99d,993,1323,True,S7-1500/ET 200MP Manual Collection,A5E42009482-AF,2139,设备特定信息 > 中央处理单元 > CPU 1513R-1 PN (6ES7513-1RM03-0AB0) > 5 中断、诊断、错误消息和系统事件 > 5.1 CPU 的状态和错误指示灯,图 2-171,操作状态和系统状态,S7-1500R/H,CPU 1513R-1 PN,6ES7513-1RM03-0AB0,front_panel_or_led_page,real_manual_page,True,True,
ASSET_0257,safeplc_assist_box/frontend/assets/demo_evidence_150/indicators/page_02140.jpg,page_02140.jpg,245347,1041e208d00045c16c16fe06c6d0cbfb0158727402f82de8cccd6656a0d84d26,993,1323,True,S7-1500/ET 200MP Manual Collection,A5E42009482-AF,2140,设备特定信息 > 中央处理单元 > CPU 1513R-1 PN (6ES7513-1RM03-0AB0) > 5 中断、诊断、错误消息和系统事件 > 5.1 CPU 的状态和错误指示灯,,,S7-1500R/H,CPU 1513R-1 PN,6ES7513-1RM03-0AB0,front_panel_or_led_page,real_manual_page,True,True,
ASSET_0258,safeplc_assist_box/frontend/assets/demo_evidence_150/indicators/page_02141.jpg,page_02141.jpg,224216,3f54cbdaf0aef97dc34830743fa5907a43ea05f429d9c6feb3ad2608dbe8ece1,993,1323,True,S7-1500/ET 200MP Manual Collection,A5E42009482-AF,2141,设备特定信息 > 中央处理单元 > CPU 1513R-1 PN (6ES7513-1RM03-0AB0) > 5 中断、诊断、错误消息和系统事件 > 5.1 CPU 的状态和错误指示灯,,,S7-1500R/H,CPU 1513R-1 PN,6ES7513-1RM03-0AB0,front_panel_or_led_page,real_manual_page,True,True,
ASSET_0259,safeplc_assist_box/frontend/assets/demo_evidence_150/indicators/page_02150.jpg,page_02150.jpg,151798,6c762d6eb39720e8994fa4e19081048c5e6920d3baf1adea211be2e2246af221,993,1323,True,S7-1500/ET 200MP Manual Collection,A5E42009482-AF,2150,设备特定信息 > 中央处理单元 > CPU 1513R-1 PN (6ES7513-1RM03-0AB0) > 6 技术规范,,,S7-1500R/H,CPU 1513R-1 PN,6ES7513-1RM03-0AB0,front_panel_or_led_page,real_manual_page,True,True,
ASSET_0260,safeplc_assist_box/frontend/assets/demo_evidence_150/module_layout/page_02156.jpg,page_02156.jpg,174770,911a243f1cd52e8a831a725c02c2ef099e38e898be77e0087694354737343f17,993,1323,True,S7-1500/ET 200MP Manual Collection,A5E46416327-AE,2156,设备特定信息 > 中央处理单元 > CPU 1515-2 PN (6ES7515-2AN03-0AB0) > 1 简介 > 1.1 S7-1500/ET 200MP 指南文档 > 1.1.1 信息类 S7-1500/ET 200MP,,,unknown,unknown,6ES7515-2AN03-0AB0,module_cpu_page,real_manual_page,True,True,
ASSET_0261,safeplc_assist_box/frontend/assets/demo_evidence_150/topology/page_02170.jpg,page_02170.jpg,301098,96ae9e4acf2e3c0a3b07a8c18abb38b3892ec8614be634ff08308238e9452e00,993,1323,True,S7-1500/ET 200MP Manual Collection,A5E46416327-AE,2170,设备特定信息 > 中央处理单元 > CPU 1515-2 PN (6ES7515-2AN03-0AB0) > 3 产品概述 > 3.2 应用,,,S7-1500,CPU 1515-2 PN,6ES7515-2AN03-0AB0,network_topology_page,real_manual_page,True,True,
ASSET_0262,safeplc_assist_box/frontend/assets/demo_evidence_150/indicators/page_02185.jpg,page_02185.jpg,107690,062bb0bdae466ae7842ca481357769e1caaad0f6599aca216a9a2f504117be6c,993,1323,True,S7-1500/ET 200MP Manual Collection,A5E46416327-AE,2185,设备特定信息 > 中央处理单元 > CPU 1515-2 PN (6ES7515-2AN03-0AB0) > 4 连接,图 2-180,CPU 1515‑2 PN 的方框图,S7-1500,CPU 1515-2 PN,6ES7515-2AN03-0AB0,front_panel_or_led_page,real_manual_page,True,True,
ASSET_0263,safeplc_assist_box/frontend/assets/demo_evidence_150/indicators/page_02186.jpg,page_02186.jpg,143124,77f4e5255e56e1f47c38cf5a2692a9d258f90f9e40c31af766ff5ddff35da2c8,993,1323,True,S7-1500/ET 200MP Manual Collection,A5E46416327-AE,2186,设备特定信息 > 中央处理单元 > CPU 1515-2 PN (6ES7515-2AN03-0AB0) > 5 中断、错误消息、诊断和系统报警 > 5.1 CPU 的状态和错误显示,图 2-181,CPU 1515‑2 PN 的 LED 指示灯（不带前面板）,S7-1500,CPU 1515-2 PN,6ES7515-2AN03-0AB0,front_panel_or_led_page,real_manual_page,True,True,
ASSET_0264,safeplc_assist_box/frontend/assets/demo_evidence_150/indicators/page_02187.jpg,page_02187.jpg,257481,eb5e0e96fe8eb367131f11a2d3b444156566770c424a6e84692fdf58987bfb7c,993,1323,True,S7-1500/ET 200MP Manual Collection,A5E46416327-AE,2187,设备特定信息 > 中央处理单元 > CPU 1515-2 PN (6ES7515-2AN03-0AB0) > 5 中断、错误消息、诊断和系统报警 > 5.1 CPU 的状态和错误显示,,,S7-1500,CPU 1515-2 PN,6ES7515-2AN03-0AB0,front_panel_or_led_page,real_manual_page,True,True,
ASSET_0265,safeplc_assist_box/frontend/assets/demo_evidence_150/indicators/page_02229.jpg,page_02229.jpg,111632,dad68adc1ec169cbcd52af8678c7d08f00cd9ab5b9ce811e80ff1ec9d46b5e9b,993,1323,True,S7-1500/ET 200MP Manual Collection,A5E36285116-AC,2229,设备特定信息 > 中央处理单元 > CPU 1515T-2 PN (6ES7515-2TM01-0AB0) > 3 接线,图 2-188,CPU 1515T‑2 PN 的方框图,S7-1500,CPU 1515T-2 PN,6ES7515-2TM01-0AB0,front_panel_or_led_page,real_manual_page,True,True,
ASSET_0266,safeplc_assist_box/frontend/assets/demo_evidence_150/indicators/page_02230.jpg,page_02230.jpg,137816,baee671a0a304120e0a2b60c8c437aaa062d2bd13416342de2d765e1c742a0c9,993,1323,True,S7-1500/ET 200MP Manual Collection,A5E36285116-AC,2230,设备特定信息 > 中央处理单元 > CPU 1515T-2 PN (6ES7515-2TM01-0AB0) > 4 中断、错误消息、诊断和系统报警 > 4.1 CPU 的状态和错误显示,图 2-189,CPU 1515T‑2 PN 的 LED 指示灯（不带前面板）,S7-1500,CPU 1515T-2 PN,6ES7515-2TM01-0AB0,front_panel_or_led_page,real_manual_page,True,True,
ASSET_0267,safeplc_assist_box/frontend/assets/demo_evidence_150/indicators/page_02231.jpg,page_02231.jpg,253379,5e024a9e07da2dd1788b06108b0caba864a503699895f61bb95ca76ed94cdb44,993,1323,True,S7-1500/ET 200MP Manual Collection,A5E36285116-AC,2231,设备特定信息 > 中央处理单元 > CPU 1515T-2 PN (6ES7515-2TM01-0AB0) > 4 中断、错误消息、诊断和系统报警 > 4.1 CPU 的状态和错误显示,,,S7-1500,CPU 1515T-2 PN,6ES7515-2TM01-0AB0,front_panel_or_led_page,real_manual_page,True,True,
ASSET_0268,safeplc_assist_box/frontend/assets/demo_evidence_150/installation_power/page_02234.jpg,page_02234.jpg,141161,242b27038c2eac5e6a2f3a516a6a645d4347634e539fe0914411fd435996140e,993,1323,True,S7-1500/ET 200MP Manual Collection,A5E36285116-AC,2234,设备特定信息 > 中央处理单元 > CPU 1515T-2 PN (6ES7515-2TM01-0AB0) > 5 技术规范,,,S7-1500,CPU 1515T-2 PN,6ES7515-2TM01-0AB0,installation_power_page,real_manual_page,True,True,
ASSET_0269,safeplc_assist_box/frontend/assets/demo_evidence_150/parameters/page_02238.jpg,page_02238.jpg,133841,16e1995bbd64e47d9eb2573c17cc2459d6cfff7d9af73f7754ed0b96a87de242,993,1323,True,S7-1500/ET 200MP Manual Collection,A5E36285116-AC,2238,设备特定信息 > 中央处理单元 > CPU 1515T-2 PN (6ES7515-2TM01-0AB0) > 5 技术规范,,,S7-1500,CPU 1515T-2 PN,6ES7515-2TM01-0AB0,table_or_parameter_page,real_manual_page,True,True,
ASSET_0270,safeplc_assist_box/frontend/assets/demo_evidence_150/module_layout/page_02257.jpg,page_02257.jpg,174752,eee3cdb0c967950f93b0c0f18524db7d0d2b6215bdf0f9e8e66433a165319413,993,1323,True,S7-1500/ET 200MP Manual Collection,A5E52296957-AC,2257,设备特定信息 > 中央处理单元 > CPU 1515T-2PN (6ES7515-2TN03-0AB0) > 1 简介 > 1.1 S7-1500/ET 200MP 指南文档 > 1.1.1 信息类 S7-1500/ET 200MP,,,unknown,unknown,6ES7515-2TN03-0AB0,module_cpu_page,real_manual_page,True,True,
ASSET_0271,safeplc_assist_box/frontend/assets/demo_evidence_150/installation_power/page_02272.jpg,page_02272.jpg,292213,cb26aaaec741152843a451f95bfca4a82219a11faee24d3990baa72155babf70,993,1323,True,S7-1500/ET 200MP Manual Collection,A5E52296957-AC,2272,设备特定信息 > 中央处理单元 > CPU 1515T-2PN (6ES7515-2TN03-0AB0) > 3 产品概述 > 3.2 应用,,,S7-1500,CPU 1515T-2 PN,6ES7515-2TN03-0AB0,installation_power_page,real_manual_page,True,True,
ASSET_0272,safeplc_assist_box/frontend/assets/demo_evidence_150/indicators/page_02286.jpg,page_02286.jpg,109360,44237ee0976b65e3b1763c4d9830ad85ea0e520536578070a0f47747ca796930,993,1323,True,S7-1500/ET 200MP Manual Collection,A5E52296957-AC,2286,设备特定信息 > 中央处理单元 > CPU 1515T-2PN (6ES7515-2TN03-0AB0) > 4 连接,图 2-198,CPU 1515T‑2 PN 的电路示意图,S7-1500,CPU 1515T-2 PN,6ES7515-2TN03-0AB0,front_panel_or_led_page,real_manual_page,True,True,
ASSET_0273,safeplc_assist_box/frontend/assets/demo_evidence_150/indicators/page_02287.jpg,page_02287.jpg,143874,e406e5e547e70844e9293034443b2062243b17928d3e737015fbe6dae32d45ec,993,1323,True,S7-1500/ET 200MP Manual Collection,A5E52296957-AC,2287,设备特定信息 > 中央处理单元 > CPU 1515T-2PN (6ES7515-2TN03-0AB0) > 5 中断、错误消息、诊断和系统报警 > 5.1 CPU 的状态和错误显示,图 2-199,CPU 1515T‑2 PN 的 LED 指示灯（不带前面板）,S7-1500,CPU 1515T-2 PN,6ES7515-2TN03-0AB0,front_panel_or_led_page,real_manual_page,True,True,
ASSET_0274,safeplc_assist_box/frontend/assets/demo_evidence_150/indicators/page_02288.jpg,page_02288.jpg,258931,d2033132b2a52915ba997e165ed60c5e57695a5e0b91ed8a0b3d49ac4d463e43,993,1323,True,S7-1500/ET 200MP Manual Collection,A5E52296957-AC,2288,设备特定信息 > 中央处理单元 > CPU 1515T-2PN (6ES7515-2TN03-0AB0) > 5 中断、错误消息、诊断和系统报警 > 5.1 CPU 的状态和错误显示,,,S7-1500,CPU 1515T-2 PN,6ES7515-2TN03-0AB0,front_panel_or_led_page,real_manual_page,True,True,
ASSET_0275,safeplc_assist_box/frontend/assets/demo_evidence_150/topology/page_02325.jpg,page_02325.jpg,345265,c38d3b63584e4826bdcd9618952f2a84a1f70638f4619db8f2f68e3c2581340e,993,1323,True,S7-1500/ET 200MP Manual Collection,A5E42011766-AF,2325,设备特定信息 > 中央处理单元 > CPU 1515R-2 PN (6ES7515-2RN03-0AB0) > 3 产品概述 > 3.4 固件功能,,,S7-1500R/H,CPU 1515R-2 PN,6ES7515-2RN03-0AB0,network_topology_page,real_manual_page,True,True,
ASSET_0276,safeplc_assist_box/frontend/assets/demo_evidence_150/indicators/page_02335.jpg,page_02335.jpg,110836,45fbde71c75f1f94e37ce663167ebe661c50219c9e6daa8386281a4a7969e8bb,993,1323,True,S7-1500/ET 200MP Manual Collection,A5E42011766-AF,2335,设备特定信息 > 中央处理单元 > CPU 1515R-2 PN (6ES7515-2RN03-0AB0) > 4 连接 > 4.1 端子分配,图 2-210,CPU 1515R‑2 PN 的方框图,S7-1500R/H,CPU 1515R-2 PN,6ES7515-2RN03-0AB0,front_panel_or_led_page,real_manual_page,True,True,
ASSET_0277,safeplc_assist_box/frontend/assets/demo_evidence_150/indicators/page_02336.jpg,page_02336.jpg,157926,acc8ffe2b734d8daa766c17258ac401e5e18aa813a2b434ee21f66827da16a61,993,1323,True,S7-1500/ET 200MP Manual Collection,A5E42011766-AF,2336,设备特定信息 > 中央处理单元 > CPU 1515R-2 PN (6ES7515-2RN03-0AB0) > 5 中断、诊断、错误消息和系统事件 > 5.1 CPU 的状态和错误指示灯,图 2-211,CPU 1515R‑2 PN 的 LED 指示灯（不带前面板）,S7-1500R/H,CPU 1515R-2 PN,6ES7515-2RN03-0AB0,front_panel_or_led_page,real_manual_page,True,True,
ASSET_0278,safeplc_assist_box/frontend/assets/demo_evidence_150/indicators/page_02337.jpg,page_02337.jpg,165518,c1d8dbaad0ee168be1ae6177bace9fc89c1d38ab2d937087ff74bd8de8452fe5,993,1323,True,S7-1500/ET 200MP Manual Collection,A5E42011766-AF,2337,设备特定信息 > 中央处理单元 > CPU 1515R-2 PN (6ES7515-2RN03-0AB0) > 5 中断、诊断、错误消息和系统事件 > 5.1 CPU 的状态和错误指示灯,图 2-212,操作状态和系统状态,S7-1500R/H,CPU 1515R-2 PN,6ES7515-2RN03-0AB0,front_panel_or_led_page,real_manual_page,True,True,
ASSET_0279,safeplc_assist_box/frontend/assets/demo_evidence_150/indicators/page_02338.jpg,page_02338.jpg,244885,557ce9ee2b6a66dcc7337683e33c332fc079640846cbc5f8b0640d59e3587097,993,1323,True,S7-1500/ET 200MP Manual Collection,A5E42011766-AF,2338,设备特定信息 > 中央处理单元 > CPU 1515R-2 PN (6ES7515-2RN03-0AB0) > 5 中断、诊断、错误消息和系统事件 > 5.1 CPU 的状态和错误指示灯,,,S7-1500R/H,CPU 1515R-2 PN,6ES7515-2RN03-0AB0,front_panel_or_led_page,real_manual_page,True,True,
ASSET_0280,safeplc_assist_box/frontend/assets/demo_evidence_150/indicators/page_02339.jpg,page_02339.jpg,224062,ea4b041aa1163ec66d55c2d05db9e468d396ed9449c38e5efaa7fe9408efe988,993,1323,True,S7-1500/ET 200MP Manual Collection,A5E42011766-AF,2339,设备特定信息 > 中央处理单元 > CPU 1515R-2 PN (6ES7515-2RN03-0AB0) > 5 中断、诊断、错误消息和系统事件 > 5.1 CPU 的状态和错误指示灯,,,S7-1500R/H,CPU 1515R-2 PN,6ES7515-2RN03-0AB0,front_panel_or_led_page,real_manual_page,True,True,
ASSET_0281,safeplc_assist_box/frontend/assets/demo_evidence_150/module_layout/page_02356.jpg,page_02356.jpg,174970,26e9578148a31250a7fcb9c0377fc2e6507f4bf016df5159ebd15fd89e6ac84c,993,1323,True,S7-1500/ET 200MP Manual Collection,A5E46418521-AE,2356,设备特定信息 > 中央处理单元 > CPU 1516-3 PN/DP (6ES7516-3AP03-0AB0) > 1 简介 > 1.1 S7-1500/ET 200MP 指南文档 > 1.1.1 信息类 S7-1500/ET 200MP,,,unknown,unknown,6ES7516-3AP03-0AB0,module_cpu_page,real_manual_page,True,True,
ASSET_0282,safeplc_assist_box/frontend/assets/demo_evidence_150/topology/page_02370.jpg,page_02370.jpg,301328,913df08e819e014403845035c63295830c0e57cc773962f88817b3f50ac99711,993,1323,True,S7-1500/ET 200MP Manual Collection,A5E46418521-AE,2370,设备特定信息 > 中央处理单元 > CPU 1516-3 PN/DP (6ES7516-3AP03-0AB0) > 3 产品概述 > 3.2 应用,,,S7-1500,CPU 1516-3 PN/DP,6ES7516-3AP03-0AB0,network_topology_page,real_manual_page,True,True,
ASSET_0283,safeplc_assist_box/frontend/assets/demo_evidence_150/indicators/page_02386.jpg,page_02386.jpg,119762,1176a2f5f268c60e77150df041d06c37320b9686aa3bab693594fd4bc8130440,993,1323,True,S7-1500/ET 200MP Manual Collection,A5E46418521-AE,2386,设备特定信息 > 中央处理单元 > CPU 1516-3 PN/DP (6ES7516-3AP03-0AB0) > 4 连接,图 2-221,CPU 1516-3 PN/DP 的方框图,S7-1500,CPU 1516-3 PN/DP,6ES7516-3AP03-0AB0,front_panel_or_led_page,real_manual_page,True,True,
ASSET_0284,safeplc_assist_box/frontend/assets/demo_evidence_150/indicators/page_02387.jpg,page_02387.jpg,144012,7ee1f4341a5cb22254df16388177c4849ea9749a039528a11dc264673d719488,993,1323,True,S7-1500/ET 200MP Manual Collection,A5E46418521-AE,2387,设备特定信息 > 中央处理单元 > CPU 1516-3 PN/DP (6ES7516-3AP03-0AB0) > 5 中断、错误消息、诊断和系统报警 > 5.1 CPU 的状态和错误显示,图 2-222,CPU 1516‑3 PN/DP 的 LED 指示灯（不带前面板）,S7-1500,CPU 1516-3 PN/DP,6ES7516-3AP03-0AB0,front_panel_or_led_page,real_manual_page,True,True,
ASSET_0285,safeplc_assist_box/frontend/assets/demo_evidence_150/indicators/page_02388.jpg,page_02388.jpg,258334,3a8d3012f1065c5e9aac3f1793d607570b775333067996bcfa15ca6a262ae414,993,1323,True,S7-1500/ET 200MP Manual Collection,A5E46418521-AE,2388,设备特定信息 > 中央处理单元 > CPU 1516-3 PN/DP (6ES7516-3AP03-0AB0) > 5 中断、错误消息、诊断和系统报警 > 5.1 CPU 的状态和错误显示,,,S7-1500,CPU 1516-3 PN/DP,6ES7516-3AP03-0AB0,front_panel_or_led_page,real_manual_page,True,True,
ASSET_0286,safeplc_assist_box/frontend/assets/demo_evidence_150/module_layout/page_02408.jpg,page_02408.jpg,175114,62161af548aaa1a7a86697f406baeb49a125065e912cef84cd912e6eb8d5a501,993,1323,True,S7-1500/ET 200MP Manual Collection,A5E40898443-AD,2408,设备特定信息 > 中央处理单元 > CPU 1516T-3 PN/DP (6ES7516-3TN00-0AB0) > 1 简介 > 1.1 S7-1500/ET 200MP 指南文档 > 1.1.1 信息类 S7-1500/ET 200MP,,,unknown,unknown,6ES7516-3TN00-0AB0,module_cpu_page,real_manual_page,True,True,
ASSET_0287,safeplc_assist_box/frontend/assets/demo_evidence_150/indicators/page_02435.jpg,page_02435.jpg,122592,23567c6db921a832d722a81ef4a8fc2a4c0acfe002fbfa492987f56df889c439,993,1323,True,S7-1500/ET 200MP Manual Collection,A5E40898443-AD,2435,设备特定信息 > 中央处理单元 > CPU 1516T-3 PN/DP (6ES7516-3TN00-0AB0) > 4 连接,图 2-230,CPU 1516T-3 PN/DP 的方框图,S7-1500,CPU 1516T-3 PN/DP,6ES7516-3TN00-0AB0,front_panel_or_led_page,real_manual_page,True,True,
ASSET_0288,safeplc_assist_box/frontend/assets/demo_evidence_150/indicators/page_02436.jpg,page_02436.jpg,191543,bb5a899c24bd8359176eebf3309cafb5ad6dad520959139c79da1b733aa0f79b,993,1323,True,S7-1500/ET 200MP Manual Collection,A5E40898443-AD,2436,设备特定信息 > 中央处理单元 > CPU 1516T-3 PN/DP (6ES7516-3TN00-0AB0) > 5 中断、错误消息、诊断和系统报警 > 5.1 CPU 的状态和错误显示,图 2-231,CPU 1516T-3 PN/DP 的 LED 指示灯（不带前面板）,S7-1500,CPU 1516T-3 PN/DP,6ES7516-3TN00-0AB0,front_panel_or_led_page,real_manual_page,True,True,
ASSET_0289,safeplc_assist_box/frontend/assets/demo_evidence_150/indicators/page_02437.jpg,page_02437.jpg,210505,675928a53f5d7b5da0cffb4749459467e312647fe8867f92aa7f5361d4e134d8,993,1323,True,S7-1500/ET 200MP Manual Collection,A5E40898443-AD,2437,设备特定信息 > 中央处理单元 > CPU 1516T-3 PN/DP (6ES7516-3TN00-0AB0) > 5 中断、错误消息、诊断和系统报警 > 5.1 CPU 的状态和错误显示,,,S7-1500,CPU 1516T-3 PN/DP,6ES7516-3TN00-0AB0,front_panel_or_led_page,real_manual_page,True,True,
ASSET_0290,safeplc_assist_box/frontend/assets/demo_evidence_150/module_layout/page_02456.jpg,page_02456.jpg,174964,a41363b6c16f99f9cd4353207cd34046bb43291ecb413387febcb660293b7aea,993,1323,True,S7-1500/ET 200MP Manual Collection,A5E33595080-AF,2456,设备特定信息 > 中央处理单元 > CPU 1517-3 PN/DP (6ES7517-3AP00-0AB0) > 1 简介 > 1.1 S7-1500/ET 200MP 指南文档 > 1.1.1 信息类 S7-1500/ET 200MP,,,unknown,unknown,6ES7517-3AP00-0AB0,module_cpu_page,real_manual_page,True,True,
ASSET_0291,safeplc_assist_box/frontend/assets/demo_evidence_150/installation_power/page_02469.jpg,page_02469.jpg,292202,e5dd4d97abb07c6cb451183f1759504369b4e8fd99886cb14bb9d713632b6ce2,993,1323,True,S7-1500/ET 200MP Manual Collection,A5E33595080-AF,2469,设备特定信息 > 中央处理单元 > CPU 1517-3 PN/DP (6ES7517-3AP00-0AB0) > 3 产品概述 > 3.2 应用,,,S7-1500,CPU 1517-3 PN/DP,6ES7517-3AP00-0AB0,installation_power_page,real_manual_page,True,True,
ASSET_0292,safeplc_assist_box/frontend/assets/demo_evidence_150/topology/page_02472.jpg,page_02472.jpg,161623,4843ea6e75357f8b9375feb67678bb5da688b5a992429353abfae677248476dc,993,1323,True,S7-1500/ET 200MP Manual Collection,A5E33595080-AF,2472,设备特定信息 > 中央处理单元 > CPU 1517-3 PN/DP (6ES7517-3AP00-0AB0) > 3 产品概述 > 3.4 特性,,,S7-1500,CPU 1517-3 PN/DP,6ES7517-3AP00-0AB0,network_topology_page,real_manual_page,True,True,
ASSET_0293,assets/demo/cpu_1517_3_x1_figure_2_237.png,cpu_1517_3_x1_figure_2_237.png,258489,7e73d63df0848cf4b5c101084b7b2a52f48b8a96cfeeb6c3c543866881d0389c,1489,1985,True,CPU 1517-3 PN/DP device manual,A5E33595080-AF,2476,设备特定信息 > 中央处理单元 > CPU 1517-3 PN/DP > 3 产品概述 > 3.5 操作员控件和显示元件,图 2-237,不带前面板的 CPU 1517-3 PN/DP 的前视图,S7-1500,CPU 1517-3 PN/DP,6ES7517-3AP00-0AB0,front_panel_or_led_page,real_manual_page,True,True,
ASSET_0294,safeplc_assist_box/frontend/assets/demo_evidence_150/wiring_terminal/page_02478.jpg,page_02478.jpg,146898,58d130a6bd5a065279911292fe5ccaf37eb787189349dd5b4b46b6a256376b5b,993,1323,True,S7-1500/ET 200MP Manual Collection,A5E33595080-AF,2478,设备特定信息 > 中央处理单元 > CPU 1517-3 PN/DP (6ES7517-3AP00-0AB0) > 4 接线,,,S7-1500,CPU 1517-3 PN/DP,6ES7517-3AP00-0AB0,wiring_or_terminal_page,real_manual_page,True,True,
ASSET_0295,safeplc_assist_box/frontend/assets/demo_evidence_150/indicators/page_02481.jpg,page_02481.jpg,124295,f81c8b7e0024dd456ed999107dcd549ac22baaeb74fa633554b93cd65ba9c15d,993,1323,True,S7-1500/ET 200MP Manual Collection,A5E33595080-AF,2481,设备特定信息 > 中央处理单元 > CPU 1517-3 PN/DP (6ES7517-3AP00-0AB0) > 4 接线,图 2-239,CPU 1517‑3 PN/DP 的方框图,S7-1500,CPU 1517-3 PN/DP,6ES7517-3AP00-0AB0,front_panel_or_led_page,real_manual_page,True,True,
ASSET_0296,safeplc_assist_box/frontend/assets/demo_evidence_150/indicators/page_02482.jpg,page_02482.jpg,133986,d86f61e9284abf1f15ebb1c976b0312b93b26449430c0c6de87267cafed44bde,993,1323,True,S7-1500/ET 200MP Manual Collection,A5E33595080-AF,2482,设备特定信息 > 中央处理单元 > CPU 1517-3 PN/DP (6ES7517-3AP00-0AB0) > 5 中断、错误消息、诊断和系统报警 > 5.1 CPU 的状态和错误显示,图 2-240,CPU 1517‑3 PN/DP 的 LED 指示灯（不带前面板）,S7-1500,CPU 1517-3 PN/DP,6ES7517-3AP00-0AB0,front_panel_or_led_page,real_manual_page,True,True,
ASSET_0297,safeplc_assist_box/frontend/assets/demo_evidence_150/indicators/page_02483.jpg,page_02483.jpg,258145,6920cf8346f8b8ab1aa2dfbf4be79977fc11e314db7779b9687e9e7991606270,993,1323,True,S7-1500/ET 200MP Manual Collection,A5E33595080-AF,2483,设备特定信息 > 中央处理单元 > CPU 1517-3 PN/DP (6ES7517-3AP00-0AB0) > 5 中断、错误消息、诊断和系统报警 > 5.1 CPU 的状态和错误显示,,,S7-1500,CPU 1517-3 PN/DP,6ES7517-3AP00-0AB0,front_panel_or_led_page,real_manual_page,True,True,
ASSET_0298,safeplc_assist_box/frontend/assets/demo_evidence_150/installation_power/page_02509.jpg,page_02509.jpg,257775,467e637eb09f6d3c73c14cb7d7ceb433a60d4265910e1d2bb9583733fe131fe9,993,1323,True,S7-1500/ET 200MP Manual Collection,A5E42013070-AE,2509,设备特定信息 > 中央处理单元 > CPU 1517H-3 PN (6ES7517-3HP00-0AB0) > 3 产品概述 > 3.1 新功能,,,S7-1500R/H,CPU 1517H-3 PN,6ES7517-3HP00-0AB0,installation_power_page,real_manual_page,True,True,
ASSET_0299,safeplc_assist_box/frontend/assets/demo_evidence_150/module_layout/page_02511.jpg,page_02511.jpg,316910,26accbe6e3eeb3d8087d6832521dc7240d30ff2a7e064512013dbc4c28d67179,993,1323,True,S7-1500/ET 200MP Manual Collection,A5E42013070-AE,2511,设备特定信息 > 中央处理单元 > CPU 1517H-3 PN (6ES7517-3HP00-0AB0) > 3 产品概述 > 3.1 新功能,,,S7-1500R/H,CPU 1517H-3 PN,6ES7517-3HP00-0AB0,module_cpu_page,real_manual_page,True,True,
ASSET_0300,safeplc_assist_box/frontend/assets/demo_evidence_150/topology/page_02517.jpg,page_02517.jpg,301139,7f58703ad703bb8eee175c9b02291178488f4180732cde76c2c0e2cda128dcdb,993,1323,True,S7-1500/ET 200MP Manual Collection,A5E42013070-AE,2517,设备特定信息 > 中央处理单元 > CPU 1517H-3 PN (6ES7517-3HP00-0AB0) > 3 产品概述 > 3.3 硬件特性,,,S7-1500R/H,CPU 1517H-3 PN,6ES7517-3HP00-0AB0,network_topology_page,real_manual_page,True,True,
ASSET_0301,safeplc_assist_box/frontend/assets/demo_evidence_150/topology/page_02518.jpg,page_02518.jpg,366455,3e62c09c79db984842c8b4eab6990054ffd0d05c63532b31c90800f00c244cf5,993,1323,True,S7-1500/ET 200MP Manual Collection,A5E42013070-AE,2518,设备特定信息 > 中央处理单元 > CPU 1517H-3 PN (6ES7517-3HP00-0AB0) > 3 产品概述 > 3.4 固件功能,,,S7-1500R/H,CPU 1517H-3 PN,6ES7517-3HP00-0AB0,network_topology_page,real_manual_page,True,True,
ASSET_0302,safeplc_assist_box/frontend/assets/demo_evidence_150/wiring_terminal/page_02527.jpg,page_02527.jpg,155132,56d2addaeb1dee477679875ef6aa24e5fdce9cb87012beaca5ca366dbffb52f7,993,1323,True,S7-1500/ET 200MP Manual Collection,A5E42013070-AE,2527,设备特定信息 > 中央处理单元 > CPU 1517H-3 PN (6ES7517-3HP00-0AB0) > 4 连接 > 4.1 端子分配,图 2-251,接口分配,S7-1500R/H,CPU 1517H-3 PN,6ES7517-3HP00-0AB0,wiring_or_terminal_page,real_manual_page,True,True,
ASSET_0303,safeplc_assist_box/frontend/assets/demo_evidence_150/indicators/page_02529.jpg,page_02529.jpg,132198,62595781cfb179f27c8fae05083b6f143282c1ba84f54f7f198c49eb195c74e4,993,1323,True,S7-1500/ET 200MP Manual Collection,A5E42013070-AE,2529,设备特定信息 > 中央处理单元 > CPU 1517H-3 PN (6ES7517-3HP00-0AB0) > 4 连接 > 4.1 端子分配,图 2-252,CPU 1517H‑3 PN 的方框图,S7-1500R/H,CPU 1517H-3 PN,6ES7517-3HP00-0AB0,front_panel_or_led_page,real_manual_page,True,True,
ASSET_0304,safeplc_assist_box/frontend/assets/demo_evidence_150/indicators/page_02531.jpg,page_02531.jpg,162258,30d8093a818cc83e68cdb9f93b52d4be8df7b5483664a970b38b611495186082,993,1323,True,S7-1500/ET 200MP Manual Collection,A5E42013070-AE,2531,设备特定信息 > 中央处理单元 > CPU 1517H-3 PN (6ES7517-3HP00-0AB0) > 5 中断、诊断、错误消息和系统事件 > 5.1 CPU 的状态和错误指示灯,图 2-253,CPU 1517H‑3 PN 的 LED 指示灯（不带前面板）,S7-1500R/H,CPU 1517H-3 PN,6ES7517-3HP00-0AB0,front_panel_or_led_page,real_manual_page,True,True,
ASSET_0305,safeplc_assist_box/frontend/assets/demo_evidence_150/indicators/page_02532.jpg,page_02532.jpg,166520,0817dc55aa885f85b1966fc2f3063a943f7893203865f7aaf753ce45c60ef650,993,1323,True,S7-1500/ET 200MP Manual Collection,A5E42013070-AE,2532,设备特定信息 > 中央处理单元 > CPU 1517H-3 PN (6ES7517-3HP00-0AB0) > 5 中断、诊断、错误消息和系统事件 > 5.1 CPU 的状态和错误指示灯,图 2-254,操作状态和系统状态,S7-1500R/H,CPU 1517H-3 PN,6ES7517-3HP00-0AB0,front_panel_or_led_page,real_manual_page,True,True,
ASSET_0306,safeplc_assist_box/frontend/assets/demo_evidence_150/indicators/page_02533.jpg,page_02533.jpg,252287,a81e0477659f978d1cca92af7aabf55188106c55db00e48fc3eb3eb1ffd8b85c,993,1323,True,S7-1500/ET 200MP Manual Collection,A5E42013070-AE,2533,设备特定信息 > 中央处理单元 > CPU 1517H-3 PN (6ES7517-3HP00-0AB0) > 5 中断、诊断、错误消息和系统事件 > 5.1 CPU 的状态和错误指示灯,,,S7-1500R/H,CPU 1517H-3 PN,6ES7517-3HP00-0AB0,front_panel_or_led_page,real_manual_page,True,True,
ASSET_0307,safeplc_assist_box/frontend/assets/demo_evidence_150/indicators/page_02534.jpg,page_02534.jpg,210198,e3523ad72a5def90138d2085f3e0b09771c29d77bb452d6c9c98f8f66a0afb89,993,1323,True,S7-1500/ET 200MP Manual Collection,A5E42013070-AE,2534,设备特定信息 > 中央处理单元 > CPU 1517H-3 PN (6ES7517-3HP00-0AB0) > 5 中断、诊断、错误消息和系统事件 > 5.1 CPU 的状态和错误指示灯,,,S7-1500R/H,CPU 1517H-3 PN,6ES7517-3HP00-0AB0,front_panel_or_led_page,real_manual_page,True,True,
ASSET_0308,safeplc_assist_box/frontend/assets/demo_evidence_150/indicators/page_02543.jpg,page_02543.jpg,139298,16d1816dfc12c09259a5235ae1a160e007db2f3bda627b1c27e40fce33f163aa,993,1323,True,S7-1500/ET 200MP Manual Collection,A5E42013070-AE,2543,设备特定信息 > 中央处理单元 > CPU 1517H-3 PN (6ES7517-3HP00-0AB0) > 6 技术规范,,,S7-1500R/H,CPU 1517H-3 PN,6ES7517-3HP00-0AB0,front_panel_or_led_page,real_manual_page,True,True,
ASSET_0309,safeplc_assist_box/frontend/assets/demo_evidence_150/module_layout/page_02550.jpg,page_02550.jpg,174951,876382c43e5e2c64f4f207bb4b1fdd64c5676554d8981568e61959607560ab54,993,1323,True,S7-1500/ET 200MP Manual Collection,A5E36285728-AE,2550,设备特定信息 > 中央处理单元 > CPU 1517T-3 PN/DP (6ES7517-3TP00-0AB0) > 1 简介 > 1.1 S7-1500/ET 200MP 指南文档 > 1.1.1 信息类 S7-1500/ET 200MP,,,unknown,unknown,6ES7517-3TP00-0AB0,module_cpu_page,real_manual_page,True,True,
ASSET_0310,safeplc_assist_box/frontend/assets/demo_evidence_150/indicators/page_02577.jpg,page_02577.jpg,116844,c498664c010fe8b20c76d14a6ffd3dbafd072499c6441dbc31f9c13dff7c9e41,993,1323,True,S7-1500/ET 200MP Manual Collection,A5E36285728-AE,2577,设备特定信息 > 中央处理单元 > CPU 1517T-3 PN/DP (6ES7517-3TP00-0AB0) > 4 接线,图 2-263,CPU 1517T‑3 PN/DP 的方框图,S7-1500,CPU 1517T-3 PN/DP,6ES7517-3TP00-0AB0,front_panel_or_led_page,real_manual_page,True,True,
ASSET_0311,safeplc_assist_box/frontend/assets/demo_evidence_150/indicators/page_02578.jpg,page_02578.jpg,137116,5826115f236b68ebfdfd92744a4a36ffb17ae111bfb377cbd023a71e3fb7f222,993,1323,True,S7-1500/ET 200MP Manual Collection,A5E36285728-AE,2578,设备特定信息 > 中央处理单元 > CPU 1517T-3 PN/DP (6ES7517-3TP00-0AB0) > 5 中断、错误消息、诊断和系统报警 > 5.1 CPU 的状态和错误显示,图 2-264,CPU 1517T‑3 PN/DP 的 LED 指示灯（不带前面板）,S7-1500,CPU 1517T-3 PN/DP,6ES7517-3TP00-0AB0,front_panel_or_led_page,real_manual_page,True,True,
ASSET_0312,safeplc_assist_box/frontend/assets/demo_evidence_150/indicators/page_02579.jpg,page_02579.jpg,259571,bdda5ed6e02ce831ced0ab85ed9bb627bf7b1f6c9aac661d9e7b237c5c3eac3e,993,1323,True,S7-1500/ET 200MP Manual Collection,A5E36285728-AE,2579,设备特定信息 > 中央处理单元 > CPU 1517T-3 PN/DP (6ES7517-3TP00-0AB0) > 5 中断、错误消息、诊断和系统报警 > 5.1 CPU 的状态和错误显示,,,S7-1500,CPU 1517T-3 PN/DP,6ES7517-3TP00-0AB0,front_panel_or_led_page,real_manual_page,True,True,
ASSET_0313,safeplc_assist_box/frontend/assets/demo_evidence_150/module_layout/page_02599.jpg,page_02599.jpg,162877,8e87cd0af291fba8b77552c1cad4ab8496b992d4ca7b250f9333d8ba46b914bc,993,1323,True,S7-1500/ET 200MP Manual Collection,A5E40883037-AE,2599,设备特定信息 > 中央处理单元 > CPU 1518-4 PN/DP MFP (6ES7518-4AX00-1AB0) > 1 简介 > 1.1 S7-1500/ET 200MP 指南文档 > 1.1.1 信息类 S7-1500/ET 200MP > 1.1.1.1 S7-1500/ET 200MP 文档指南,,,unknown,unknown,6ES7518-4AX00-1AB0,module_cpu_page,real_manual_page,True,True,
ASSET_0314,safeplc_assist_box/frontend/assets/demo_evidence_150/installation_power/page_02613.jpg,page_02613.jpg,297898,9a29ccf9526c0205bc6e7ec40176f10249bd5f3c017e4c0d0b074ec9909557ed,993,1323,True,S7-1500/ET 200MP Manual Collection,A5E40883037-AE,2613,设备特定信息 > 中央处理单元 > CPU 1518-4 PN/DP MFP (6ES7518-4AX00-1AB0) > 3 产品概述 > 3.2 S7-1500 CPU 的应用,,,S7-1500,CPU 1518-4 PN/DP,6ES7518-4AX00-1AB0,installation_power_page,real_manual_page,True,True,
ASSET_0315,safeplc_assist_box/frontend/assets/demo_evidence_150/indicators/page_02636.jpg,page_02636.jpg,166166,26fe1804f21eb75af86f7f8211874278a293aa4732253296a5e14b170162da8b,993,1323,True,S7-1500/ET 200MP Manual Collection,A5E40883037-AE,2636,设备特定信息 > 中央处理单元 > CPU 1518-4 PN/DP MFP (6ES7518-4AX00-1AB0) > 5 中断、错误消息、诊断和系统报警 > 5.1 CPU 的状态和错误显示,图 2-277,CPU 1518‑4 PN/DP MFP 的 LED 指示灯（不带前面板）,S7-1500,CPU 1518-4 PN/DP,6ES7518-4AX00-1AB0,front_panel_or_led_page,real_manual_page,True,True,
ASSET_0316,safeplc_assist_box/frontend/assets/demo_evidence_150/indicators/page_02637.jpg,page_02637.jpg,260148,59f1db25e473588fd5c70a4d578b2b3111d9366336e04f9e67fb6ce0e0305e47,993,1323,True,S7-1500/ET 200MP Manual Collection,A5E40883037-AE,2637,设备特定信息 > 中央处理单元 > CPU 1518-4 PN/DP MFP (6ES7518-4AX00-1AB0) > 5 中断、错误消息、诊断和系统报警 > 5.1 CPU 的状态和错误显示,,,S7-1500,CPU 1518-4 PN/DP,6ES7518-4AX00-1AB0,front_panel_or_led_page,real_manual_page,True,True,
ASSET_0317,safeplc_assist_box/frontend/assets/demo_evidence_150/module_layout/page_02660.jpg,page_02660.jpg,174926,932878fc6c78083089923e1e8d0ea760fd5712590e841c6313f3f96e9be2dbb7,993,1323,True,S7-1500/ET 200MP Manual Collection,A5E32335574-AF,2660,设备特定信息 > 中央处理单元 > CPU 1518-4 PN/DP (6ES7518-4AP00-0AB0) > 1 简介 > 1.1 S7-1500/ET 200MP 指南文档 > 1.1.1 信息类 S7-1500/ET 200MP,,,unknown,unknown,6ES7518-4AP00-0AB0,module_cpu_page,real_manual_page,True,True,
ASSET_0318,safeplc_assist_box/frontend/assets/demo_evidence_150/installation_power/page_02673.jpg,page_02673.jpg,292220,236008d4091a5d43c0e08dc48fe12516a2505bcbe1ce0fbe59ab5ccf65e3629e,993,1323,True,S7-1500/ET 200MP Manual Collection,A5E32335574-AF,2673,设备特定信息 > 中央处理单元 > CPU 1518-4 PN/DP (6ES7518-4AP00-0AB0) > 3 产品概述 > 3.2 应用,,,S7-1500,CPU 1518-4 PN/DP,6ES7518-4AP00-0AB0,installation_power_page,real_manual_page,True,True,
ASSET_0319,safeplc_assist_box/frontend/assets/demo_evidence_150/topology/page_02676.jpg,page_02676.jpg,192566,30d23a7e3edb3f60f33499a08cca4cfa0f5865967c6e43d9301b86f31ddea722,993,1323,True,S7-1500/ET 200MP Manual Collection,A5E32335574-AF,2676,设备特定信息 > 中央处理单元 > CPU 1518-4 PN/DP (6ES7518-4AP00-0AB0) > 3 产品概述 > 3.4 属性,,,S7-1500,CPU 1518-4 PN/DP,6ES7518-4AP00-0AB0,network_topology_page,real_manual_page,True,True,
ASSET_0320,safeplc_assist_box/frontend/assets/demo_evidence_150/indicators/page_02687.jpg,page_02687.jpg,128616,2f46ceb99fab5b93c8cf291a1d04310178d89894806a84a5ce9147d27b98416c,993,1323,True,S7-1500/ET 200MP Manual Collection,A5E32335574-AF,2687,设备特定信息 > 中央处理单元 > CPU 1518-4 PN/DP (6ES7518-4AP00-0AB0) > 4 连接,图 2-286,CPU 1518‑4 PN/DP 的方框图,S7-1500,CPU 1518-4 PN/DP,6ES7518-4AP00-0AB0,front_panel_or_led_page,real_manual_page,True,True,
ASSET_0321,safeplc_assist_box/frontend/assets/demo_evidence_150/indicators/page_02688.jpg,page_02688.jpg,139296,061902f25a057a6b2e01f66993a6cc626d2f7c655d0ce6e431f32503516fad41,993,1323,True,S7-1500/ET 200MP Manual Collection,A5E32335574-AF,2688,设备特定信息 > 中央处理单元 > CPU 1518-4 PN/DP (6ES7518-4AP00-0AB0) > 5 中断、错误消息、诊断和系统报警 > 5.1 CPU 的状态和错误显示,图 2-287,CPU 1518‑4 PN/DP 的 LED 指示灯（不带前面板）,S7-1500,CPU 1518-4 PN/DP,6ES7518-4AP00-0AB0,front_panel_or_led_page,real_manual_page,True,True,
ASSET_0322,safeplc_assist_box/frontend/assets/demo_evidence_150/indicators/page_02689.jpg,page_02689.jpg,259197,1505a296508a15665a2117efb87601f086d33f6d56fbefc319276ff23188f6d8,993,1323,True,S7-1500/ET 200MP Manual Collection,A5E32335574-AF,2689,设备特定信息 > 中央处理单元 > CPU 1518-4 PN/DP (6ES7518-4AP00-0AB0) > 5 中断、错误消息、诊断和系统报警 > 5.1 CPU 的状态和错误显示,,,S7-1500,CPU 1518-4 PN/DP,6ES7518-4AP00-0AB0,front_panel_or_led_page,real_manual_page,True,True,
ASSET_0323,safeplc_assist_box/frontend/assets/demo_evidence_150/installation_power/page_02716.jpg,page_02716.jpg,257847,ddab9c275884ac975e48af37cd8ff5e798687012d071083f38ca6e7e5eb5a280,993,1323,True,S7-1500/ET 200MP Manual Collection,A5E49868670-AC,2716,设备特定信息 > 中央处理单元 > CPU 1518HF-4 PN (6ES7518-4JP00-0AB0) > 3 产品概述 > 3.1 新功能,,,S7-1500R/H,CPU 1518HF-4 PN,6ES7518-4JP00-0AB0,installation_power_page,real_manual_page,True,True,
ASSET_0324,safeplc_assist_box/frontend/assets/demo_evidence_150/topology/page_02723.jpg,page_02723.jpg,282265,34a43fe706c596da1851cbbc3cd838716b1e399d0917757f4394649199307ebb,993,1323,True,S7-1500/ET 200MP Manual Collection,A5E49868670-AC,2723,设备特定信息 > 中央处理单元 > CPU 1518HF-4 PN (6ES7518-4JP00-0AB0) > 3 产品概述 > 3.3 硬件特性,,,S7-1500R/H,CPU 1518HF-4 PN,6ES7518-4JP00-0AB0,network_topology_page,real_manual_page,True,True,
ASSET_0325,safeplc_assist_box/frontend/assets/demo_evidence_150/safety/page_02724.jpg,page_02724.jpg,328020,efb38e3638c91e877688d2215d0369ca50c5fabb624586c996122f8765525a57,993,1323,True,S7-1500/ET 200MP Manual Collection,A5E49868670-AC,2724,设备特定信息 > 中央处理单元 > CPU 1518HF-4 PN (6ES7518-4JP00-0AB0) > 3 产品概述 > 3.4 固件功能,,,S7-1500R/H,CPU 1518HF-4 PN,6ES7518-4JP00-0AB0,safety_risk_page,real_manual_page,True,True,
ASSET_0326,safeplc_assist_box/frontend/assets/demo_evidence_150/topology/page_02725.jpg,page_02725.jpg,306711,2e99e7f754bad8bffb9bb746641a108eb9e20b9ac76fdbf49787d9b869ac1fb4,993,1323,True,S7-1500/ET 200MP Manual Collection,A5E49868670-AC,2725,设备特定信息 > 中央处理单元 > CPU 1518HF-4 PN (6ES7518-4JP00-0AB0) > 3 产品概述 > 3.4 固件功能,,,S7-1500R/H,CPU 1518HF-4 PN,6ES7518-4JP00-0AB0,network_topology_page,real_manual_page,True,True,
ASSET_0327,safeplc_assist_box/frontend/assets/demo_evidence_150/wiring_terminal/page_02734.jpg,page_02734.jpg,163396,6650280ffa604b7a7bfbf07515e409bf77afc69845e9ac401bf1a7c47756ae66,993,1323,True,S7-1500/ET 200MP Manual Collection,A5E49868670-AC,2734,设备特定信息 > 中央处理单元 > CPU 1518HF-4 PN (6ES7518-4JP00-0AB0) > 4 连接 > 4.1 端子分配,图 2-299,X4、X5 接口分配,S7-1500R/H,CPU 1518HF-4 PN,6ES7518-4JP00-0AB0,wiring_or_terminal_page,real_manual_page,True,True,
ASSET_0328,safeplc_assist_box/frontend/assets/demo_evidence_150/indicators/page_02737.jpg,page_02737.jpg,171241,1c83d59a8bd24ee2ca52daeebe3cd0bfa13bba2f7f8a75aedd5b1786581f1209,993,1323,True,S7-1500/ET 200MP Manual Collection,A5E49868670-AC,2737,设备特定信息 > 中央处理单元 > CPU 1518HF-4 PN (6ES7518-4JP00-0AB0) > 5 报警、错误和系统消息 > 5.1 CPU 的状态和错误指示灯,图 2-301,CPU 1518HF‑4 PN（不带前面板）的 LED 指示灯,S7-1500R/H,CPU 1518HF-4 PN,6ES7518-4JP00-0AB0,front_panel_or_led_page,real_manual_page,True,True,
ASSET_0329,safeplc_assist_box/frontend/assets/demo_evidence_150/indicators/page_02738.jpg,page_02738.jpg,167316,ef43fbae51f650310332639a29e6a44685f2ff18ba0576b2a34dd508ad201676,993,1323,True,S7-1500/ET 200MP Manual Collection,A5E49868670-AC,2738,设备特定信息 > 中央处理单元 > CPU 1518HF-4 PN (6ES7518-4JP00-0AB0) > 5 报警、错误和系统消息 > 5.1 CPU 的状态和错误指示灯,图 2-302,操作状态和系统状态,S7-1500R/H,CPU 1518HF-4 PN,6ES7518-4JP00-0AB0,front_panel_or_led_page,real_manual_page,True,True,
ASSET_0330,safeplc_assist_box/frontend/assets/demo_evidence_150/indicators/page_02739.jpg,page_02739.jpg,258694,5475e5484be546d4249b6fbb3a70cd77e8c22ef5c8ee3d27256f408f834534ff,993,1323,True,S7-1500/ET 200MP Manual Collection,A5E49868670-AC,2739,设备特定信息 > 中央处理单元 > CPU 1518HF-4 PN (6ES7518-4JP00-0AB0) > 5 报警、错误和系统消息 > 5.1 CPU 的状态和错误指示灯,,,S7-1500R/H,CPU 1518HF-4 PN,6ES7518-4JP00-0AB0,front_panel_or_led_page,real_manual_page,True,True,
ASSET_0331,safeplc_assist_box/frontend/assets/demo_evidence_150/indicators/page_02740.jpg,page_02740.jpg,200742,cbd2b7997f0c45368de1538c4b6fc3fca8d40923db9526b970e3f6cc6522acd5,993,1323,True,S7-1500/ET 200MP Manual Collection,A5E49868670-AC,2740,设备特定信息 > 中央处理单元 > CPU 1518HF-4 PN (6ES7518-4JP00-0AB0) > 5 报警、错误和系统消息 > 5.1 CPU 的状态和错误指示灯,,,S7-1500R/H,CPU 1518HF-4 PN,6ES7518-4JP00-0AB0,front_panel_or_led_page,real_manual_page,True,True,
ASSET_0332,safeplc_assist_box/frontend/assets/demo_evidence_150/module_layout/page_02757.jpg,page_02757.jpg,162202,c5a35e0af95d1de964ea9388ba56bc56cdea07180aef39891a5d9d05ef8bcb35,993,1323,True,S7-1500/ET 200MP Manual Collection,A5E50479915-AC,2757,设备特定信息 > 中央处理单元 > CPU 1518T-4 PN/DP (6ES7518-4TP00-0AB0) > 1 简介 > 1.2 S7-1500/ET 200MP 指南文档 > 1.2.1 信息类 S7-1500/ET 200MP,,,unknown,unknown,6ES7518-4TP00-0AB0,module_cpu_page,real_manual_page,True,True,
ASSET_0333,safeplc_assist_box/frontend/assets/demo_evidence_150/topology/page_02773.jpg,page_02773.jpg,279694,1c6bf5e59f4a9ae7651d831a4f006f87f3932eab89e9f859456b50e058dfbae3,993,1323,True,S7-1500/ET 200MP Manual Collection,A5E50479915-AC,2773,设备特定信息 > 中央处理单元 > CPU 1518T-4 PN/DP (6ES7518-4TP00-0AB0) > 3 产品概述 > 3.3 硬件特性,,,S7-1500,CPU 1518T-4 PN/DP,6ES7518-4TP00-0AB0,network_topology_page,real_manual_page,True,True,
ASSET_0334,safeplc_assist_box/frontend/assets/demo_evidence_150/indicators/page_02785.jpg,page_02785.jpg,128104,2ff783d6996e1f7ddcbd453a111b4f305c155c0fb54cd6d659cb33adc184822c,993,1323,True,S7-1500/ET 200MP Manual Collection,A5E50479915-AC,2785,设备特定信息 > 中央处理单元 > CPU 1518T-4 PN/DP (6ES7518-4TP00-0AB0) > 4 连接,图 2-311,CPU 1518T‑4 PN/DP 的方框图,S7-1500,CPU 1518T-4 PN/DP,6ES7518-4TP00-0AB0,front_panel_or_led_page,real_manual_page,True,True,
ASSET_0335,safeplc_assist_box/frontend/assets/demo_evidence_150/indicators/page_02786.jpg,page_02786.jpg,140891,b4b3f454d1bb9a866b3cd4e85e30740aa1b2db1e2c9b5e994ab14dfda7d90fb8,993,1323,True,S7-1500/ET 200MP Manual Collection,A5E50479915-AC,2786,设备特定信息 > 中央处理单元 > CPU 1518T-4 PN/DP (6ES7518-4TP00-0AB0) > 5 中断、错误消息、诊断和系统报警 > 5.1 CPU 的状态和错误显示,图 2-312,CPU 1518T‑4 PN/DP 的 LED 指示灯（不带前面板和显示屏）,S7-1500,CPU 1518T-4 PN/DP,6ES7518-4TP00-0AB0,front_panel_or_led_page,real_manual_page,True,True,
ASSET_0336,safeplc_assist_box/frontend/assets/demo_evidence_150/indicators/page_02787.jpg,page_02787.jpg,259020,72c204ebbc2a7c3df6759af72f56be31321eb425d67716cf2a5f7f211a8551a0,993,1323,True,S7-1500/ET 200MP Manual Collection,A5E50479915-AC,2787,设备特定信息 > 中央处理单元 > CPU 1518T-4 PN/DP (6ES7518-4TP00-0AB0) > 5 中断、错误消息、诊断和系统报警 > 5.1 CPU 的状态和错误显示,,,S7-1500,CPU 1518T-4 PN/DP,6ES7518-4TP00-0AB0,front_panel_or_led_page,real_manual_page,True,True,
ASSET_0337,safeplc_assist_box/frontend/assets/demo_evidence_150/safety/page_02805.jpg,page_02805.jpg,349018,b61ec60a60d694272f0bd7f6b5cce4c30226fd53925fc860878f7f017454deca,993,1323,True,S7-1500/ET 200MP Manual Collection,A5E35635424-AU,2805,设备特定信息 > 中央处理单元 > F-CPU > 内容,,,unknown,unknown,unknown,safety_risk_page,real_manual_page,True,True,
ASSET_0338,safeplc_assist_box/frontend/assets/demo_evidence_150/safety/page_02812.jpg,page_02812.jpg,171533,8e9a25f01ffafb89959dace34872d50352f85a3da0edcd22086ac763e5119d7d,993,1323,True,S7-1500/ET 200MP Manual Collection,A5E35635424-AU,2812,设备特定信息 > 中央处理单元 > F-CPU > 内容,,,unknown,unknown,unknown,safety_risk_page,real_manual_page,True,True,
ASSET_0339,safeplc_assist_box/frontend/assets/demo_evidence_150/installation_power/page_02841.jpg,page_02841.jpg,292566,8bf650179287487b10c8ce9d14867faf5b5881ffd94bf9fdc51ea0f2d5a1eae2,993,1323,True,S7-1500/ET 200MP Manual Collection,A5E46600377-AD,2841,设备特定信息 > 中央处理单元 > SIMATIC Drive Controller > 3 产品概述 > 3.3 组件和功能,,,unknown,unknown,unknown,installation_power_page,real_manual_page,True,True,
ASSET_0340,safeplc_assist_box/frontend/assets/demo_evidence_150/parameters/page_02860.jpg,page_02860.jpg,218754,cdee0a5cd4a834b87039c4257419c2217e4d0b02a4b558459436ee59e1e339dd,993,1323,True,S7-1500/ET 200MP Manual Collection,A5E46600377-AD,2860,设备特定信息 > 中央处理单元 > SIMATIC Drive Controller > 4 连接 > 4.1 电源电压 X124,,,unknown,unknown,unknown,table_or_parameter_page,real_manual_page,True,True,
ASSET_0341,safeplc_assist_box/frontend/assets/demo_evidence_150/installation_power/page_02868.jpg,page_02868.jpg,186463,67f506b26ef1760137085153fa93277599fe3e908e29c607a590626a5073fe66,993,1323,True,S7-1500/ET 200MP Manual Collection,A5E46600377-AD,2868,设备特定信息 > 中央处理单元 > SIMATIC Drive Controller > 4 连接 > 4.4 X122、X132 和 X142 的数字量输入和输出,,,unknown,unknown,unknown,installation_power_page,real_manual_page,True,True,
ASSET_0342,safeplc_assist_box/frontend/assets/demo_evidence_150/indicators/page_02874.jpg,page_02874.jpg,119295,59e39d3149268a89d6a4c1525166d6dd16a47857879f5ff54e2ac6c0c13aed37,993,1323,True,S7-1500/ET 200MP Manual Collection,A5E46600377-AD,2874,设备特定信息 > 中央处理单元 > SIMATIC Drive Controller > 5 中断、诊断报警、错误消息和系统报警 > 5.1 状态和错误指示灯 > 5.1.1 概述,图 2-333,SIMATIC Drive Controller 状态指示灯,unknown,unknown,unknown,front_panel_or_led_page,real_manual_page,True,True,
ASSET_0343,safeplc_assist_box/frontend/assets/demo_evidence_150/indicators/page_02875.jpg,page_02875.jpg,221918,d6339dc25b79038b7ceb5f765cac97769fab4193a8cd627d56a5febd7c21d611,993,1323,True,S7-1500/ET 200MP Manual Collection,A5E46600377-AD,2875,设备特定信息 > 中央处理单元 > SIMATIC Drive Controller > 5 中断、诊断报警、错误消息和系统报警 > 5.1 状态和错误指示灯 > 5.1.2 CPU 的状态和错误显示,,,unknown,unknown,unknown,front_panel_or_led_page,real_manual_page,True,True,
ASSET_0344,safeplc_assist_box/frontend/assets/demo_evidence_150/indicators/page_02876.jpg,page_02876.jpg,206416,40ee17026005e3ae8579122ffb953570d04d7a48fcf57d3b15d4972176a81690,993,1323,True,S7-1500/ET 200MP Manual Collection,A5E46600377-AD,2876,设备特定信息 > 中央处理单元 > SIMATIC Drive Controller > 5 中断、诊断报警、错误消息和系统报警 > 5.1 状态和错误指示灯 > 5.1.3 SINAMICS Integrated 的状态和错误指示灯,,,unknown,unknown,unknown,front_panel_or_led_page,real_manual_page,True,True,
ASSET_0345,safeplc_assist_box/frontend/assets/demo_evidence_150/parameters/page_02882.jpg,page_02882.jpg,176643,4e081a196183c10ef11a442a8d9d62affabec220c4ffb755ef71b7de9cd71910,993,1323,True,S7-1500/ET 200MP Manual Collection,A5E46600377-AD,2882,设备特定信息 > 中央处理单元 > SIMATIC Drive Controller > 6 技术规范,,,unknown,unknown,unknown,table_or_parameter_page,real_manual_page,True,True,
ASSET_0346,safeplc_assist_box/frontend/assets/demo_evidence_150/parameters/page_02885.jpg,page_02885.jpg,211055,ef5c35dffecfd3d4d4f53ffd482a309a75d201dab5067905a6df3e26087e9043,993,1323,True,S7-1500/ET 200MP Manual Collection,A5E46600377-AD,2885,设备特定信息 > 中央处理单元 > SIMATIC Drive Controller > 6 技术规范,,,unknown,unknown,unknown,table_or_parameter_page,real_manual_page,True,True,
ASSET_0347,safeplc_assist_box/frontend/assets/demo_evidence_150/parameters/page_02886.jpg,page_02886.jpg,210191,a698e7f81c8aaf8cffdc507887d7b2acfbac81bda378d25327ab9d21937f93c5,993,1323,True,S7-1500/ET 200MP Manual Collection,A5E46600377-AD,2886,设备特定信息 > 中央处理单元 > SIMATIC Drive Controller > 6 技术规范,,,unknown,unknown,unknown,table_or_parameter_page,real_manual_page,True,True,
ASSET_0348,safeplc_assist_box/frontend/assets/demo_evidence_150/troubleshooting/page_02930.jpg,page_02930.jpg,257009,b4bdca26b44ad43e2ebf1cafcaada45ad59dcf8dfd1a136b26d3d9f5daac0e01,993,1323,True,S7-1500/ET 200MP Manual Collection,A5E32840989-AC,2930,设备特定信息 > 接口模块 > IM 155-5 PN HF 接口模块 (6ES7155-5AA00-0AC0) > 5 中断和诊断、错误和系统警报 > 5.1 状态和错误指示灯,,,S7-1500 MODULE,IM 155-5,6ES7155-5AA00-0AC0,diagnostic_alarm_page,real_manual_page,True,True,
ASSET_0349,safeplc_assist_box/frontend/assets/demo_evidence_150/troubleshooting/page_02932.jpg,page_02932.jpg,228030,0a99eaee3dba6f5de79d3e549fb244dc95a3cc9248ffbd3271604af119b02950,993,1323,True,S7-1500/ET 200MP Manual Collection,A5E32840989-AC,2932,设备特定信息 > 接口模块 > IM 155-5 PN HF 接口模块 (6ES7155-5AA00-0AC0) > 5 中断和诊断、错误和系统警报 > 5.3 报警 > 5.3.1 诊断报警,,,S7-1500 MODULE,IM 155-5,6ES7155-5AA00-0AC0,diagnostic_alarm_page,real_manual_page,True,True,
ASSET_0350,safeplc_assist_box/frontend/assets/demo_evidence_150/troubleshooting/page_02933.jpg,page_02933.jpg,192276,5c195aa3044d17fc8066bf5d7a4b5af30554ec55edcc6feac536a29326f8472e,993,1323,True,S7-1500/ET 200MP Manual Collection,A5E32840989-AC,2933,设备特定信息 > 接口模块 > IM 155-5 PN HF 接口模块 (6ES7155-5AA00-0AC0) > 5 中断和诊断、错误和系统警报 > 5.3 报警 > 5.3.3 通道诊断,,,S7-1500 MODULE,IM 155-5,6ES7155-5AA00-0AC0,diagnostic_alarm_page,real_manual_page,True,True,
ASSET_0351,safeplc_assist_box/frontend/assets/demo_evidence_150/module_layout/page_02935.jpg,page_02935.jpg,170211,4acef82955c62c66b7c6b240a9421297e419e59787e2a1f96f607fcb70ba00fd,993,1323,True,S7-1500/ET 200MP Manual Collection,A5E32840989-AC,2935,设备特定信息 > 接口模块 > IM 155-5 PN HF 接口模块 (6ES7155-5AA00-0AC0) > 5 中断和诊断、错误和系统警报 > 5.3 报警 > 5.3.3 通道诊断,,,S7-1500 MODULE,IM 155-5,6ES7155-5AA00-0AC0,module_cpu_page,real_manual_page,True,True,
ASSET_0352,safeplc_assist_box/frontend/assets/demo_evidence_150/module_layout/page_02937.jpg,page_02937.jpg,190729,fbd352d63b5dc69d5394cbd58dc90a128f8b4605eff73ce755a6c77befd4748a,993,1323,True,S7-1500/ET 200MP Manual Collection,A5E32840989-AC,2937,设备特定信息 > 接口模块 > IM 155-5 PN HF 接口模块 (6ES7155-5AA00-0AC0) > 5 中断和诊断、错误和系统警报 > 5.3 报警 > 5.3.4 PROFINET IO 上 ET 200MP 的无效组态状态,,,unknown,unknown,6ES7155-5AA00-0AC0,module_cpu_page,real_manual_page,True,True,
ASSET_0353,safeplc_assist_box/frontend/assets/demo_evidence_150/troubleshooting/page_02959.jpg,page_02959.jpg,162919,f3f9774734f1cfb7b82290514a8dc7c944dacbdb85bd8a1bffac7ef8f02946b1,993,1323,True,S7-1500/ET 200MP Manual Collection,A5E32346774-AA,2959,设备特定信息 > 接口模块 > IM 155-5 DP ST 接口模块 (6ES7155-5BA00-0AB0) > 4 中断、诊断、错误和系统消息 > 4.2 报警 > 4.2.1 诊断报警,,,S7-1500 MODULE,IM 155-5,6ES7155-5BA00-0AB0,diagnostic_alarm_page,real_manual_page,True,True,
ASSET_0354,safeplc_assist_box/frontend/assets/demo_evidence_150/indicators/page_02995.jpg,page_02995.jpg,125866,88a26a35a499633b22f59cede0ea7b96720c8150b33b2905b03475ece3730df3,993,1323,True,S7-1500/ET 200MP Manual Collection,A5E03612329-AC,2995,设备特定信息 > 接口模块 > 接口模块 IM 155-5 PN ST (6ES7155-5AA01-0AB0) > 3 接线 > 3.2 方框图,图 2-361,IM 155-5 PN ST 接口模块的方框图,S7-1500 MODULE,IM 155-5,6ES7155-5AA01-0AB0,front_panel_or_led_page,real_manual_page,True,True,
ASSET_0355,safeplc_assist_box/frontend/assets/demo_evidence_150/troubleshooting/page_02999.jpg,page_02999.jpg,249713,74e7310e3dfea1e8e39dc0ec0b9dd9b442a4994ed18e566e2b88d67b6b4df3d8,993,1323,True,S7-1500/ET 200MP Manual Collection,A5E03612329-AC,2999,设备特定信息 > 接口模块 > 接口模块 IM 155-5 PN ST (6ES7155-5AA01-0AB0) > 5 中断和诊断、错误和系统警报 > 5.1 状态和错误指示灯,,,S7-1500 MODULE,IM 155-5,6ES7155-5AA01-0AB0,diagnostic_alarm_page,real_manual_page,True,True,
ASSET_0356,safeplc_assist_box/frontend/assets/demo_evidence_150/troubleshooting/page_03001.jpg,page_03001.jpg,212386,b7dacd63b93601bc78506d4c5e5511338134c983380d88da2d9ddabdc4238a81,993,1323,True,S7-1500/ET 200MP Manual Collection,A5E03612329-AC,3001,设备特定信息 > 接口模块 > 接口模块 IM 155-5 PN ST (6ES7155-5AA01-0AB0) > 5 中断和诊断、错误和系统警报 > 5.3 报警 > 5.3.1 诊断报警,,,S7-1500 MODULE,IM 155-5,6ES7155-5AA01-0AB0,diagnostic_alarm_page,real_manual_page,True,True,
ASSET_0357,safeplc_assist_box/frontend/assets/demo_evidence_150/troubleshooting/page_03002.jpg,page_03002.jpg,193928,5ea6d877411ebac8c465a778ddc90f429ee960980fe5b03b6f53b014c7044896,993,1323,True,S7-1500/ET 200MP Manual Collection,A5E03612329-AC,3002,设备特定信息 > 接口模块 > 接口模块 IM 155-5 PN ST (6ES7155-5AA01-0AB0) > 5 中断和诊断、错误和系统警报 > 5.3 报警 > 5.3.3 通道诊断,,,S7-1500 MODULE,IM 155-5,6ES7155-5AA01-0AB0,diagnostic_alarm_page,real_manual_page,True,True,
ASSET_0358,safeplc_assist_box/frontend/assets/demo_evidence_150/troubleshooting/page_03030.jpg,page_03030.jpg,203197,0b19f3df2b70f99433ba8898b33d8c31013b9afa65ab1a22040ed47a2d9c3b54,993,1323,True,S7-1500/ET 200MP Manual Collection,A5E38017695-AB,3030,设备特定信息 > 接口模块 > 接口模块 IM 155-5 PN BA (6ES7155-5AA00-0AA0) > 4 中断和诊断、错误和系统警报 > 4.3 报警 > 4.3.1 诊断报警,,,S7-1500 MODULE,IM 155-5,6ES7155-5AA00-0AA0,diagnostic_alarm_page,real_manual_page,True,True,
ASSET_0359,safeplc_assist_box/frontend/assets/demo_evidence_150/module_layout/page_03031.jpg,page_03031.jpg,175821,2fa6f4b77cd6cbea014cabc134f553f323f39e7d0cb0dc57ec9e7f29f0c438a4,993,1323,True,S7-1500/ET 200MP Manual Collection,A5E38017695-AB,3031,设备特定信息 > 接口模块 > 接口模块 IM 155-5 PN BA (6ES7155-5AA00-0AA0) > 4 中断和诊断、错误和系统警报 > 4.3 报警 > 4.3.2 通道诊断,,,S7-1500 MODULE,IM 155-5,6ES7155-5AA00-0AA0,module_cpu_page,real_manual_page,True,True,
ASSET_0360,safeplc_assist_box/frontend/assets/demo_evidence_150/safety/page_03040.jpg,page_03040.jpg,214134,058c7a9f93de260a3431045f56314b36e556a5a49377d19e95f0d3e84a60fbd1,993,1323,True,S7-1500/ET 200MP Manual Collection,A5E53268567-AD,3040,设备特定信息 > 接口模块 > 接口模块 IM 155-5 MF HF (6ES7155-5MU00-0CN0) > 法律资讯,,,S7-1500 MODULE,IM 155-5,6ES7155-5MU00-0CN0,safety_risk_page,real_manual_page,True,True,
ASSET_0361,safeplc_assist_box/frontend/assets/demo_evidence_150/topology/page_03041.jpg,page_03041.jpg,282828,87e972169fd7b15d236664b301a502a150a6912d89a3f51c5fb662dbd8aebff0,993,1323,True,S7-1500/ET 200MP Manual Collection,unknown,3041,设备特定信息 > 接口模块 > 接口模块 IM 155-5 MF HF (6ES7155-5MU00-0CN0) > 目录,,,S7-1500 MODULE,IM 155-5,6ES7155-5MU00-0CN0,network_topology_page,real_manual_page,True,True,
ASSET_0362,safeplc_assist_box/frontend/assets/demo_evidence_150/troubleshooting/page_03042.jpg,page_03042.jpg,320291,df3ca3e7646f4bfac3b728c93bb75453126948743de08567bf84404942e1925b,993,1323,True,S7-1500/ET 200MP Manual Collection,unknown,3042,设备特定信息 > 接口模块 > 接口模块 IM 155-5 MF HF (6ES7155-5MU00-0CN0) > 目录,,,S7-1500 MODULE,IM 155-5,6ES7155-5MU00-0CN0,diagnostic_alarm_page,real_manual_page,True,True,
ASSET_0363,safeplc_assist_box/frontend/assets/demo_evidence_150/module_layout/page_03045.jpg,page_03045.jpg,146752,6ebf3926bde7bdfbce3719e00d0854c5a160da662d65ee522be920732d02968a,993,1323,True,S7-1500/ET 200MP Manual Collection,A5E53268567-AD,3045,设备特定信息 > 接口模块 > 接口模块 IM 155-5 MF HF (6ES7155-5MU00-0CN0) > 1 简介 > 1.1 S7-1500/ET 200MP 文档指南 > 1.1.1 S7-1500/ET 200MP 文档指南,,,unknown,unknown,6ES7155-5MU00-0CN0,module_cpu_page,real_manual_page,True,True,
ASSET_0364,safeplc_assist_box/frontend/assets/demo_evidence_150/topology/page_03056.jpg,page_03056.jpg,192840,cb1578ac2de3d153b40d05cf974c9285e56989eaad77b590c30fab1454b2c779,993,1323,True,S7-1500/ET 200MP Manual Collection,A5E53268567-AD,3056,设备特定信息 > 接口模块 > 接口模块 IM 155-5 MF HF (6ES7155-5MU00-0CN0) > 3 产品概述 > 3.4 兼容性和限制,,,S7-1500 MODULE,IM 155-5,6ES7155-5MU00-0CN0,network_topology_page,real_manual_page,True,True,
ASSET_0365,safeplc_assist_box/frontend/assets/demo_evidence_150/troubleshooting/page_03073.jpg,page_03073.jpg,248046,a328a5b05514ac93b76694f5274e2685909fe5c3dae902bfb5bff374c0798222,993,1323,True,S7-1500/ET 200MP Manual Collection,A5E53268567-AD,3073,设备特定信息 > 接口模块 > 接口模块 IM 155-5 MF HF (6ES7155-5MU00-0CN0) > 4 PROFINET IO > 4.2 中断、错误和错误消息，以及系统报警 > 4.2.1 状态和错误指示灯,,,S7-1500 MODULE,IM 155-5,6ES7155-5MU00-0CN0,diagnostic_alarm_page,real_manual_page,True,True,
ASSET_0366,safeplc_assist_box/frontend/assets/demo_evidence_150/troubleshooting/page_03076.jpg,page_03076.jpg,228851,97c3575fb6c618931037b755691b25260eecf4a65f0e864e7c115c9fed7675fb,993,1323,True,S7-1500/ET 200MP Manual Collection,A5E53268567-AD,3076,设备特定信息 > 接口模块 > 接口模块 IM 155-5 MF HF (6ES7155-5MU00-0CN0) > 4 PROFINET IO > 4.2 中断、错误和错误消息，以及系统报警 > 4.2.3 报警 > 4.2.3.1 诊断报警,,,S7-1500 MODULE,IM 155-5,6ES7155-5MU00-0CN0,diagnostic_alarm_page,real_manual_page,True,True,
ASSET_0367,safeplc_assist_box/frontend/assets/demo_evidence_150/troubleshooting/page_03077.jpg,page_03077.jpg,170907,ae48c3026866ae1ab1f58746db667ac13008781d45687a8cb82fe2d17d8cb041,993,1323,True,S7-1500/ET 200MP Manual Collection,A5E53268567-AD,3077,设备特定信息 > 接口模块 > 接口模块 IM 155-5 MF HF (6ES7155-5MU00-0CN0) > 4 PROFINET IO > 4.2 中断、错误和错误消息，以及系统报警 > 4.2.3 报警 > 4.2.3.2 维护事件,,,S7-1500 MODULE,IM 155-5,6ES7155-5MU00-0CN0,diagnostic_alarm_page,real_manual_page,True,True,
ASSET_0368,safeplc_assist_box/frontend/assets/demo_evidence_150/module_layout/page_03079.jpg,page_03079.jpg,197148,2ef472ba6b71c2a953ed696210b35ab11dc7032e11b867eb0ca05f10c99fdd73,993,1323,True,S7-1500/ET 200MP Manual Collection,A5E53268567-AD,3079,设备特定信息 > 接口模块 > 接口模块 IM 155-5 MF HF (6ES7155-5MU00-0CN0) > 4 PROFINET IO > 4.2 中断、错误和错误消息，以及系统报警 > 4.2.3 报警 > 4.2.3.5 IO 控制器的 STOP 模式和 IO 设备的恢复,,,S7-1500 MODULE,IM 155-5,6ES7155-5MU00-0CN0,module_cpu_page,real_manual_page,True,True,
ASSET_0369,safeplc_assist_box/frontend/assets/demo_evidence_150/topology/page_03092.jpg,page_03092.jpg,261781,86f3e517f594c077410d6691080f902590e21905f4420e0e4cf14513708883bd,993,1323,True,S7-1500/ET 200MP Manual Collection,A5E53268567-AD,3092,设备特定信息 > 接口模块 > 接口模块 IM 155-5 MF HF (6ES7155-5MU00-0CN0) > 5 EtherNet/IP > 5.2 诊断 > 5.2.1 EtherNet/IP 的状态和错误显示,,,S7-1500 MODULE,IM 155-5,6ES7155-5MU00-0CN0,network_topology_page,real_manual_page,True,True,
ASSET_0370,safeplc_assist_box/frontend/assets/demo_evidence_150/module_layout/page_03139.jpg,page_03139.jpg,148623,314dc35774b832236d17b76e78824ff4c2025f196aff057d566b1abb09db5514,993,1323,True,S7-1500/ET 200MP Manual Collection,A5E03485956-AH,3139,设备特定信息 > 数字量模块 > 数字量输入模块 > DI 16x24VDC HF 数字量输入模块 (6ES7521-1BH00-0AB0) > 前言,,,unknown,unknown,6ES7521-1BH00-0AB0,module_cpu_page,real_manual_page,True,True,
ASSET_0371,safeplc_assist_box/frontend/assets/demo_evidence_150/module_layout/page_03142.jpg,page_03142.jpg,142742,0ad8b3b99ba729685ccb6af11d9efd94fde5e449ef594bc4c9d86666f32bca35,993,1323,True,S7-1500/ET 200MP Manual Collection,A5E03485956-AH,3142,设备特定信息 > 数字量模块 > 数字量输入模块 > DI 16x24VDC HF 数字量输入模块 (6ES7521-1BH00-0AB0) > 1 S7-1500/ET 200MP 文档指南 > 1.1 S7-1500/ET 200MP 文档指南,,,ET 200MP,ET 200MP,6ES7521-1BH00-0AB0,module_cpu_page,real_manual_page,True,True,
ASSET_0372,safeplc_assist_box/frontend/assets/demo_evidence_150/topology/page_03146.jpg,page_03146.jpg,275877,d51885019ba545543e26e979fbac6b8fa22f1ba713b398d1e611b53223eac6af,993,1323,True,S7-1500/ET 200MP Manual Collection,A5E03485956-AH,3146,设备特定信息 > 数字量模块 > 数字量输入模块 > DI 16x24VDC HF 数字量输入模块 (6ES7521-1BH00-0AB0) > 1 S7-1500/ET 200MP 文档指南 > 1.3 工具支持 > 1.3.1 工具支持,,,ET 200MP,ET 200MP,6ES7521-1BH00-0AB0,network_topology_page,real_manual_page,True,True,
ASSET_0373,safeplc_assist_box/frontend/assets/demo_evidence_150/parameters/page_03148.jpg,page_03148.jpg,215718,98d279f13b7a615f52b8f0fb31183966533063c8ad0f08115746456f7e1e7440,993,1323,True,S7-1500/ET 200MP Manual Collection,A5E03485956-AH,3148,设备特定信息 > 数字量模块 > 数字量输入模块 > DI 16x24VDC HF 数字量输入模块 (6ES7521-1BH00-0AB0) > 2 产品总览 > 2.1 特性,,,unknown,unknown,6ES7521-1BH00-0AB0,table_or_parameter_page,real_manual_page,True,True,
ASSET_0374,safeplc_assist_box/frontend/assets/demo_evidence_150/wiring_terminal/page_03151.jpg,page_03151.jpg,157226,06ee903f2396e1fc8415e11bf6817c8b5c9e8e6c528692582e6dd6b84b02c082,993,1323,True,S7-1500/ET 200MP Manual Collection,A5E03485956-AH,3151,设备特定信息 > 数字量模块 > 数字量输入模块 > DI 16x24VDC HF 数字量输入模块 (6ES7521-1BH00-0AB0) > 3 接线,图 2-385,方框图和端子分配,unknown,unknown,6ES7521-1BH00-0AB0,wiring_or_terminal_page,real_manual_page,True,True,
ASSET_0375,safeplc_assist_box/frontend/assets/demo_evidence_150/troubleshooting/page_03172.jpg,page_03172.jpg,218032,a60834d057604881cef74687ec834e2d98cca8c5cd164a174d60c3e7bb5bd28b,993,1323,True,S7-1500/ET 200MP Manual Collection,A5E03485956-AH,3172,设备特定信息 > 数字量模块 > 数字量输入模块 > DI 16x24VDC HF 数字量输入模块 (6ES7521-1BH00-0AB0) > 5 中断/诊断报警 > 5.3 诊断报警,,,unknown,unknown,6ES7521-1BH00-0AB0,diagnostic_alarm_page,real_manual_page,True,True,
ASSET_0376,safeplc_assist_box/frontend/assets/demo_evidence_150/parameters/page_03174.jpg,page_03174.jpg,133435,8be3846e3ea0a2f7c76bf8269fae48990ce7f5977f62d92b4b36fe0a0148da22,993,1323,True,S7-1500/ET 200MP Manual Collection,A5E03485956-AH,3174,设备特定信息 > 数字量模块 > 数字量输入模块 > DI 16x24VDC HF 数字量输入模块 (6ES7521-1BH00-0AB0) > 6 技术规范,,,unknown,unknown,6ES7521-1BH00-0AB0,table_or_parameter_page,real_manual_page,True,True,
ASSET_0377,safeplc_assist_box/frontend/assets/demo_evidence_150/wiring_terminal/page_03193.jpg,page_03193.jpg,144984,f43a6a78ef2983c527d622c78ec922575ede901915d60c9e085df76b3d248d75,993,1323,True,S7-1500/ET 200MP Manual Collection,A5E32363171-AD,3193,设备特定信息 > 数字量模块 > 数字量输入模块 > 数字量输入模块 DI 16x24VDC BA (6ES7521-1BH10-0AA0) > 3 接线 > 3.1 接线图和方框图,图 2-408,方框图和端子分配,unknown,unknown,6ES7521-1BH10-0AA0,wiring_or_terminal_page,real_manual_page,True,True,
ASSET_0378,safeplc_assist_box/frontend/assets/demo_evidence_150/module_layout/page_03205.jpg,page_03205.jpg,212097,e68daf0aed6f926cbdffd619cca37de53be598e5ed57b7cf459a712e930a576b,993,1323,True,S7-1500/ET 200MP Manual Collection,A5E03485979-AD,3205,设备特定信息 > 数字量模块 > 数字量输入模块 > DI 16x230VAC BA 数字量输入模块 (6ES7521-1FH00-0AA0) > 前言 > 安全信息,,,unknown,unknown,6ES7521-1FH00-0AA0,module_cpu_page,real_manual_page,True,True,
ASSET_0379,safeplc_assist_box/frontend/assets/demo_evidence_150/wiring_terminal/page_03213.jpg,page_03213.jpg,154633,266a308f46d8737983d43850c28a97eaf201e90e0bdcff8538566c54b1980a22,993,1323,True,S7-1500/ET 200MP Manual Collection,A5E03485979-AD,3213,设备特定信息 > 数字量模块 > 数字量输入模块 > DI 16x230VAC BA 数字量输入模块 (6ES7521-1FH00-0AA0) > 3 接线,图 2-417,方框图和端子分配,unknown,unknown,6ES7521-1FH00-0AA0,wiring_or_terminal_page,real_manual_page,True,True,
ASSET_0380,safeplc_assist_box/frontend/assets/demo_evidence_150/module_layout/page_03227.jpg,page_03227.jpg,173760,408e55d2630e52b40a78f739284a2e4dac3adab2a789f978b63dd7e9d7278cc5,993,1323,True,S7-1500/ET 200MP Manual Collection,A5E35682030-AD,3227,设备特定信息 > 数字量模块 > 数字量输入模块 > 数字量输入模块 DI 16x24...125VUC HF (6ES7521-7EH00-0AB0) > 1 简介 > 1.1 S7-1500/ET 200MP 文档指南 > 1.1.1 信息类 S7-1500/ET 200MP,,,ET 200MP,ET 200MP,6ES7521-7EH00-0AB0,module_cpu_page,real_manual_page,True,True,
ASSET_0381,safeplc_assist_box/frontend/assets/demo_evidence_150/module_layout/page_03228.jpg,page_03228.jpg,163688,b9ba3b0f0cae634960cbc7f3b3c94b124106bf78e134203cb232ab5291cf275b,993,1323,True,S7-1500/ET 200MP Manual Collection,A5E35682030-AD,3228,设备特定信息 > 数字量模块 > 数字量输入模块 > 数字量输入模块 DI 16x24...125VUC HF (6ES7521-7EH00-0AB0) > 1 简介 > 1.1 S7-1500/ET 200MP 文档指南 > 1.1.1 信息类 S7-1500/ET 200MP,,,ET 200MP,ET 200MP,6ES7521-7EH00-0AB0,module_cpu_page,real_manual_page,True,True,
ASSET_0382,safeplc_assist_box/frontend/assets/demo_evidence_150/topology/page_03230.jpg,page_03230.jpg,285004,940a98ca2004c32975732e27d73a5c1c624a4f2fd6dde6ed30d9f849651ef9c9,993,1323,True,S7-1500/ET 200MP Manual Collection,A5E35682030-AD,3230,设备特定信息 > 数字量模块 > 数字量输入模块 > 数字量输入模块 DI 16x24...125VUC HF (6ES7521-7EH00-0AB0) > 1 简介 > 1.1 S7-1500/ET 200MP 文档指南 > 1.1.2 基本工具,,,ET 200MP,ET 200MP,6ES7521-7EH00-0AB0,network_topology_page,real_manual_page,True,True,
ASSET_0383,safeplc_assist_box/frontend/assets/demo_evidence_150/parameters/page_03235.jpg,page_03235.jpg,220497,13453eaf95926a056e933651029a53530e35f5792db200dddb1e1cff40e04db1,993,1323,True,S7-1500/ET 200MP Manual Collection,A5E35682030-AD,3235,设备特定信息 > 数字量模块 > 数字量输入模块 > 数字量输入模块 DI 16x24...125VUC HF (6ES7521-7EH00-0AB0) > 3 产品概述 > 3.1 特性,,,unknown,unknown,6ES7521-7EH00-0AB0,table_or_parameter_page,real_manual_page,True,True,
ASSET_0384,safeplc_assist_box/frontend/assets/demo_evidence_150/wiring_terminal/page_03239.jpg,page_03239.jpg,184341,669949e6d8782b1c4a614dc77069dc52cde4bf9da3fae46ed82d403852ede961,993,1323,True,S7-1500/ET 200MP Manual Collection,A5E35682030-AD,3239,设备特定信息 > 数字量模块 > 数字量输入模块 > 数字量输入模块 DI 16x24...125VUC HF (6ES7521-7EH00-0AB0) > 4 接线 > 4.1 接线图和方框图,图 2-426,方框图和端子分配,unknown,unknown,6ES7521-7EH00-0AB0,wiring_or_terminal_page,real_manual_page,True,True,
ASSET_0385,safeplc_assist_box/frontend/assets/demo_evidence_150/troubleshooting/page_03260.jpg,page_03260.jpg,155637,8934ce28bcc822ae31bce632a0089a05020669471b814b12f4c40bfd58cacd61,993,1323,True,S7-1500/ET 200MP Manual Collection,A5E35682030-AD,3260,设备特定信息 > 数字量模块 > 数字量输入模块 > 数字量输入模块 DI 16x24...125VUC HF (6ES7521-7EH00-0AB0) > 6 中断/诊断报警 > 6.3 诊断报警,,,unknown,unknown,6ES7521-7EH00-0AB0,diagnostic_alarm_page,real_manual_page,True,True,
ASSET_0386,safeplc_assist_box/frontend/assets/demo_evidence_150/parameters/page_03262.jpg,page_03262.jpg,133922,a62df577d65e35023dd3c31c2906efbe1065b20f065c3a12163171812bd89148,993,1323,True,S7-1500/ET 200MP Manual Collection,A5E35682030-AD,3262,设备特定信息 > 数字量模块 > 数字量输入模块 > 数字量输入模块 DI 16x24...125VUC HF (6ES7521-7EH00-0AB0) > 7 技术规范,,,unknown,unknown,6ES7521-7EH00-0AB0,table_or_parameter_page,real_manual_page,True,True,
ASSET_0387,safeplc_assist_box/frontend/assets/demo_evidence_150/module_layout/page_03274.jpg,page_03274.jpg,212298,d2996edc14d2515dd60d69adacf52f34d49895cd725064617d4b34400eed0d03,993,1323,True,S7-1500/ET 200MP Manual Collection,A5E03486163-AD,3274,设备特定信息 > 数字量模块 > 数字量输入模块 > DI 16x24VDC SRC BA 数字量输入模块 (6ES7521-1BH50-0AA0) > 前言 > 安全信息,,,unknown,unknown,6ES7521-1BH50-0AA0,module_cpu_page,real_manual_page,True,True,
ASSET_0388,safeplc_assist_box/frontend/assets/demo_evidence_150/wiring_terminal/page_03282.jpg,page_03282.jpg,142411,55b4c8da89aa874129f46be5a3c79c034baf2d2a7a1c90f294423771c0ed153a,993,1323,True,S7-1500/ET 200MP Manual Collection,A5E03486163-AD,3282,设备特定信息 > 数字量模块 > 数字量输入模块 > DI 16x24VDC SRC BA 数字量输入模块 (6ES7521-1BH50-0AA0) > 3 接线,图 2-449,方框图和端子分配,unknown,unknown,6ES7521-1BH50-0AA0,wiring_or_terminal_page,real_manual_page,True,True,
ASSET_0389,safeplc_assist_box/frontend/assets/demo_evidence_150/wiring_terminal/page_03307.jpg,page_03307.jpg,167462,da7bbf910082acc02f8a505051c53b7ce4af6cc1697cc11bbdcd1d8e8a3577fe,993,1323,True,S7-1500/ET 200MP Manual Collection,A5E50839980-AA,3307,设备特定信息 > 数字量模块 > 数字量输入模块 > 数字量输入模块 DI 16xNAMUR HF (6ES7521-7TH00-0AB0) > 3 连接 > 3.2 接线图和方框图,图 2-459,方框图和引脚分配,unknown,unknown,6ES7521-7TH00-0AB0,wiring_or_terminal_page,real_manual_page,True,True,
ASSET_0390,safeplc_assist_box/frontend/assets/demo_evidence_150/wiring_terminal/page_03308.jpg,page_03308.jpg,157881,1f7f08b9a93023801017f2c89359d364ad72f190e2cb5013d24514e7e0f2b0ba,993,1323,True,S7-1500/ET 200MP Manual Collection,A5E50839980-AA,3308,设备特定信息 > 数字量模块 > 数字量输入模块 > 数字量输入模块 DI 16xNAMUR HF (6ES7521-7TH00-0AB0) > 3 连接 > 3.2 接线图和方框图,图 2-460,方框图和引脚分配,unknown,unknown,6ES7521-7TH00-0AB0,wiring_or_terminal_page,real_manual_page,True,True,
ASSET_0391,safeplc_assist_box/frontend/assets/demo_evidence_150/parameters/page_03337.jpg,page_03337.jpg,144913,b9969efe96bde1de4e4f7463476c128fb4b6075c36d708bf8d18720c52b80bb0,993,1323,True,S7-1500/ET 200MP Manual Collection,A5E50839980-AA,3337,设备特定信息 > 数字量模块 > 数字量输入模块 > 数字量输入模块 DI 16xNAMUR HF (6ES7521-7TH00-0AB0) > 6 技术规范 > 6.1 技术规范,,,unknown,unknown,6ES7521-7TH00-0AB0,table_or_parameter_page,real_manual_page,True,True,
ASSET_0392,safeplc_assist_box/frontend/assets/demo_evidence_150/parameters/page_03338.jpg,page_03338.jpg,150738,bd4da8f35a88d2633b259eeb8f42479668f536f7bdae84f9cddcecd23b2e0afe,993,1323,True,S7-1500/ET 200MP Manual Collection,A5E50839980-AA,3338,设备特定信息 > 数字量模块 > 数字量输入模块 > 数字量输入模块 DI 16xNAMUR HF (6ES7521-7TH00-0AB0) > 6 技术规范 > 6.1 技术规范,,,unknown,unknown,6ES7521-7TH00-0AB0,table_or_parameter_page,real_manual_page,True,True,
ASSET_0393,safeplc_assist_box/frontend/assets/demo_evidence_150/parameters/page_03339.jpg,page_03339.jpg,158676,3f66e6b57dba0cc03a088fcc763395a2cc28c19dcfa5cb3148ade80fd9c80f2a,993,1323,True,S7-1500/ET 200MP Manual Collection,A5E50839980-AA,3339,设备特定信息 > 数字量模块 > 数字量输入模块 > 数字量输入模块 DI 16xNAMUR HF (6ES7521-7TH00-0AB0) > 6 技术规范 > 6.1 技术规范,,,unknown,unknown,6ES7521-7TH00-0AB0,table_or_parameter_page,real_manual_page,True,True,
ASSET_0394,safeplc_assist_box/frontend/assets/demo_evidence_150/wiring_terminal/page_03365.jpg,page_03365.jpg,168047,c1bd89dba6b48711c599acffcc993028a7d71b4d49165f86b13161f5c33ab140,993,1323,True,S7-1500/ET 200MP Manual Collection,A5E50840097-AA,3365,设备特定信息 > 数字量模块 > 数字量输入模块 > DI 16x24VDC HS (6ES7521-7BH00-0AB0) 数字量输入模块 > 3 连接 > 3.2 接线图和方框图,图 2-484,方框图和端子分配,unknown,unknown,6ES7521-7BH00-0AB0,wiring_or_terminal_page,real_manual_page,True,True,
ASSET_0395,safeplc_assist_box/frontend/assets/demo_evidence_150/parameters/page_03396.jpg,page_03396.jpg,141041,b76b826105992fa1b615d7b530b92e271edd174050dd6e5c269bdd8a173e8fb4,993,1323,True,S7-1500/ET 200MP Manual Collection,A5E50840097-AA,3396,设备特定信息 > 数字量模块 > 数字量输入模块 > DI 16x24VDC HS (6ES7521-7BH00-0AB0) 数字量输入模块 > 6 技术规范 > 6.1 技术规范,,,unknown,unknown,6ES7521-7BH00-0AB0,table_or_parameter_page,real_manual_page,True,True,
ASSET_0396,safeplc_assist_box/frontend/assets/demo_evidence_150/parameters/page_03397.jpg,page_03397.jpg,157076,8cf9eb59c46ed5cc77ebd281ff95a7eaa90db5a8c4e6f944e93bf4979237ccd5,993,1323,True,S7-1500/ET 200MP Manual Collection,A5E50840097-AA,3397,设备特定信息 > 数字量模块 > 数字量输入模块 > DI 16x24VDC HS (6ES7521-7BH00-0AB0) 数字量输入模块 > 6 技术规范 > 6.1 技术规范,,,unknown,unknown,6ES7521-7BH00-0AB0,table_or_parameter_page,real_manual_page,True,True,
ASSET_0397,safeplc_assist_box/frontend/assets/demo_evidence_150/module_layout/page_03411.jpg,page_03411.jpg,178822,3ba3f191c06e48b98a0b1c58555231215d12f0185fc55218e9b7b8ee996ef5d9,993,1323,True,S7-1500/ET 200MP Manual Collection,A5E03485939-AH,3411,设备特定信息 > 数字量模块 > 数字量输入模块 > DI 32x24VDC HF 数字量输入模块 (6ES7521-1BL00-0AB0) > 前言,,,ET 200MP,DI 32x24VDC HF,6ES7521-1BL00-0AB0,module_cpu_page,real_manual_page,True,True,
ASSET_0398,safeplc_assist_box/frontend/assets/demo_evidence_150/module_layout/page_03414.jpg,page_03414.jpg,142746,d8f67bfa4352ddb184731a297d15b348ae267fba30d9b1a3a486987943cd4732,993,1323,True,S7-1500/ET 200MP Manual Collection,A5E03485939-AH,3414,设备特定信息 > 数字量模块 > 数字量输入模块 > DI 32x24VDC HF 数字量输入模块 (6ES7521-1BL00-0AB0) > 1 S7-1500/ET 200MP 文档指南 > 1.1 S7-1500/ET 200MP 文档指南,,,ET 200MP,DI 32x24VDC HF,6ES7521-1BL00-0AB0,module_cpu_page,real_manual_page,True,True,
ASSET_0399,safeplc_assist_box/frontend/assets/demo_evidence_150/topology/page_03418.jpg,page_03418.jpg,275874,65169a2da001b668e4a53fb8b07f429fb56875d996e7123315e4f451751d51e5,993,1323,True,S7-1500/ET 200MP Manual Collection,A5E03485939-AH,3418,设备特定信息 > 数字量模块 > 数字量输入模块 > DI 32x24VDC HF 数字量输入模块 (6ES7521-1BL00-0AB0) > 1 S7-1500/ET 200MP 文档指南 > 1.3 工具支持 > 1.3.1 工具支持,,,ET 200MP,DI 32x24VDC HF,6ES7521-1BL00-0AB0,network_topology_page,real_manual_page,True,True,
ASSET_0400,safeplc_assist_box/frontend/assets/demo_evidence_150/parameters/page_03420.jpg,page_03420.jpg,177667,c14f8d2c2410e91c5deb873d1a5904bb526037c62bf3df7ef8f78afa3589a516,993,1323,True,S7-1500/ET 200MP Manual Collection,A5E03485939-AH,3420,设备特定信息 > 数字量模块 > 数字量输入模块 > DI 32x24VDC HF 数字量输入模块 (6ES7521-1BL00-0AB0) > 2 产品总览 > 2.1 特性,,,ET 200MP,DI 32x24VDC HF,6ES7521-1BL00-0AB0,table_or_parameter_page,real_manual_page,True,True,
ASSET_0401,safeplc_assist_box/frontend/assets/demo_evidence_150/wiring_terminal/page_03423.jpg,page_03423.jpg,197984,f908abc5560ccfd19c55dbeb7496fb37debc54f6d78079da6bcb615b7e2b5755,993,1323,True,S7-1500/ET 200MP Manual Collection,A5E03485939-AH,3423,设备特定信息 > 数字量模块 > 数字量输入模块 > DI 32x24VDC HF 数字量输入模块 (6ES7521-1BL00-0AB0) > 3 接线,图 2-508,方框图和端子分配,ET 200MP,DI 32x24VDC HF,6ES7521-1BL00-0AB0,wiring_or_terminal_page,real_manual_page,True,True,
ASSET_0402,safeplc_assist_box/frontend/assets/demo_evidence_150/troubleshooting/page_03446.jpg,page_03446.jpg,216614,bb8e784ba851b68a3fd28e7355aa3527a29c475bbbad17ad0fc3ac53c8bf8cf3,993,1323,True,S7-1500/ET 200MP Manual Collection,A5E03485939-AH,3446,设备特定信息 > 数字量模块 > 数字量输入模块 > DI 32x24VDC HF 数字量输入模块 (6ES7521-1BL00-0AB0) > 5 中断/诊断报警 > 5.3 诊断报警,,,ET 200MP,DI 32x24VDC HF,6ES7521-1BL00-0AB0,diagnostic_alarm_page,real_manual_page,True,True,
ASSET_0403,safeplc_assist_box/frontend/assets/demo_evidence_150/parameters/page_03448.jpg,page_03448.jpg,135942,d22cab50386cb2c6eb5f3819cc5f27e8ac09453308f4a82e10814e07302d6f46,993,1323,True,S7-1500/ET 200MP Manual Collection,A5E03485939-AH,3448,设备特定信息 > 数字量模块 > 数字量输入模块 > DI 32x24VDC HF 数字量输入模块 (6ES7521-1BL00-0AB0) > 6 技术规范,,,ET 200MP,DI 32x24VDC HF,6ES7521-1BL00-0AB0,table_or_parameter_page,real_manual_page,True,True,
ASSET_0404,safeplc_assist_box/frontend/assets/demo_evidence_150/wiring_terminal/page_03467.jpg,page_03467.jpg,175737,71bdbf77a3790c30cba240f755bd34927f26f65ec4ddf12343b413e5d0a5a4b4,993,1323,True,S7-1500/ET 200MP Manual Collection,A5E32363727-AD,3467,设备特定信息 > 数字量模块 > 数字量输入模块 > 数字量输入模块 DI 32x24VDC BA (6ES7521-1BL10-0AA0) > 3 接线 > 3.1 接线图和方框图,图 2-531,方框图和端子分配,unknown,unknown,6ES7521-1BL10-0AA0,wiring_or_terminal_page,real_manual_page,True,True,
ASSET_0405,safeplc_assist_box/frontend/assets/demo_evidence_150/module_layout/page_03479.jpg,page_03479.jpg,212693,19bc5275adb9053ba4ac12f4d25b84c42d76f6c5769de1357e56a32fcbb058bb,993,1323,True,S7-1500/ET 200MP Manual Collection,A5E48025230-AA,3479,设备特定信息 > 数字量模块 > 数字量输入模块 > 数字量输入模块 DI 64x24VDC SNK/SRC BA (6ES7521-1BP00-0AA0) > 前言 > 安全性信息,,,unknown,unknown,6ES7521-1BP00-0AA0,module_cpu_page,real_manual_page,True,True,
ASSET_0406,safeplc_assist_box/frontend/assets/demo_evidence_150/wiring_terminal/page_03488.jpg,page_03488.jpg,226424,d47310415a9194064898bfe5aa7806ff972034dcd5eab03e9ca7b21f583678f0,993,1323,True,S7-1500/ET 200MP Manual Collection,A5E48025230-AA,3488,设备特定信息 > 数字量模块 > 数字量输入模块 > 数字量输入模块 DI 64x24VDC SNK/SRC BA (6ES7521-1BP00-0AA0) > 3 接线 > 3.2 X10 和 X11 端子分配。,,,unknown,unknown,6ES7521-1BP00-0AA0,wiring_or_terminal_page,real_manual_page,True,True,
ASSET_0407,safeplc_assist_box/frontend/assets/demo_evidence_150/wiring_terminal/page_03490.jpg,page_03490.jpg,210036,02b49fa8584b2e38f06badf0f3085bfe8dfe1a16de19b9416911882c3c92e800,993,1323,True,S7-1500/ET 200MP Manual Collection,A5E48025230-AA,3490,设备特定信息 > 数字量模块 > 数字量输入模块 > 数字量输入模块 DI 64x24VDC SNK/SRC BA (6ES7521-1BP00-0AA0) > 3 接线 > 3.3 使用连接模块来连接模块,,,unknown,unknown,6ES7521-1BP00-0AA0,wiring_or_terminal_page,real_manual_page,True,True,
ASSET_0408,safeplc_assist_box/frontend/assets/demo_evidence_150/parameters/page_03504.jpg,page_03504.jpg,126294,9b6ae586d2c2a38a4b413d94fc94f35dae94ec12d8bd95107991c7e4ac4379ef,993,1323,True,S7-1500/ET 200MP Manual Collection,A5E48025230-AA,3504,设备特定信息 > 数字量模块 > 数字量输入模块 > 数字量输入模块 DI 64x24VDC SNK/SRC BA (6ES7521-1BP00-0AA0) > 6 技术规范,,,unknown,unknown,6ES7521-1BP00-0AA0,table_or_parameter_page,real_manual_page,True,True,
ASSET_0409,safeplc_assist_box/frontend/assets/demo_evidence_150/parameters/page_03517.jpg,page_03517.jpg,196111,af193a292a0a9d847aac9071d7ecb74ecc4797255e82d13a85d37153c86f21b4,993,1323,True,S7-1500/ET 200MP Manual Collection,A5E03485654-AF,3517,设备特定信息 > 数字量模块 > 数字量输出模块 > DQ 8x24VDC/2A HF 数字量输出模块 (6ES7522-1BF00-0AB0) > 2 产品概述 > 2.1 特性,,,unknown,unknown,6ES7522-1BF00-0AB0,table_or_parameter_page,real_manual_page,True,True,
ASSET_0410,safeplc_assist_box/frontend/assets/demo_evidence_150/wiring_terminal/page_03523.jpg,page_03523.jpg,152991,7bd3ea36d636201504add5a3065dd2578576b941d4ce8391c9049d1f57c5b611,993,1323,True,S7-1500/ET 200MP Manual Collection,A5E03485654-AF,3523,设备特定信息 > 数字量模块 > 数字量输出模块 > DQ 8x24VDC/2A HF 数字量输出模块 (6ES7522-1BF00-0AB0) > 3 接线,图 2-557,方框图和端子分配,unknown,unknown,6ES7522-1BF00-0AB0,wiring_or_terminal_page,real_manual_page,True,True,
ASSET_0411,safeplc_assist_box/frontend/assets/demo_evidence_150/troubleshooting/page_03533.jpg,page_03533.jpg,141025,f45ae8967c7408afe1721eb7dcead8cd765ce8dcd504cb743087db876e91e025,993,1323,True,S7-1500/ET 200MP Manual Collection,A5E03485654-AF,3533,设备特定信息 > 数字量模块 > 数字量输出模块 > DQ 8x24VDC/2A HF 数字量输出模块 (6ES7522-1BF00-0AB0) > 5 中断/诊断报警 > 5.1 状态和错误指示灯,,,unknown,unknown,6ES7522-1BF00-0AB0,diagnostic_alarm_page,real_manual_page,True,True,
ASSET_0412,safeplc_assist_box/frontend/assets/demo_evidence_150/parameters/page_03537.jpg,page_03537.jpg,148450,94ddd09c710e2175759b82d65c0797226db26179b0e9bad7c3e0f39ade825628,993,1323,True,S7-1500/ET 200MP Manual Collection,A5E03485654-AF,3537,设备特定信息 > 数字量模块 > 数字量输出模块 > DQ 8x24VDC/2A HF 数字量输出模块 (6ES7522-1BF00-0AB0) > 6 技术规范,,,unknown,unknown,6ES7522-1BF00-0AB0,table_or_parameter_page,real_manual_page,True,True,
ASSET_0413,safeplc_assist_box/frontend/assets/demo_evidence_150/module_layout/page_03550.jpg,page_03550.jpg,205340,ef6883d7180944a29b804c83d04c0715901044c1da73573b4e1c20429d494e36,993,1323,True,S7-1500/ET 200MP Manual Collection,A5E03485594-AE,3550,设备特定信息 > 数字量模块 > 数字量输出模块 > 数字量输出模块 DQ 8x230VAC/5A ST 继电器 (6ES7522-5HF00-0AB0) > 前言 > 安全信息,,,unknown,unknown,6ES7522-5HF00-0AB0,module_cpu_page,real_manual_page,True,True,
ASSET_0414,safeplc_assist_box/frontend/assets/demo_evidence_150/parameters/page_03558.jpg,page_03558.jpg,185389,69972687c2196091cecdd254cf9eb6b573008bc25bea389590cbc72a80309a9b,993,1323,True,S7-1500/ET 200MP Manual Collection,A5E03485594-AE,3558,设备特定信息 > 数字量模块 > 数字量输出模块 > 数字量输出模块 DQ 8x230VAC/5A ST 继电器 (6ES7522-5HF00-0AB0) > 2 产品概述 > 2.1 特性,,,unknown,unknown,6ES7522-5HF00-0AB0,table_or_parameter_page,real_manual_page,True,True,
ASSET_0415,safeplc_assist_box/frontend/assets/demo_evidence_150/wiring_terminal/page_03561.jpg,page_03561.jpg,151807,3c7d177a1cb115ac51b945f068597d0ca9f7bf136c9ea07adad979cb20e055c6,993,1323,True,S7-1500/ET 200MP Manual Collection,A5E03485594-AE,3561,设备特定信息 > 数字量模块 > 数字量输出模块 > 数字量输出模块 DQ 8x230VAC/5A ST 继电器 (6ES7522-5HF00-0AB0) > 3 接线,,,unknown,unknown,6ES7522-5HF00-0AB0,wiring_or_terminal_page,real_manual_page,True,True,
ASSET_0416,safeplc_assist_box/frontend/assets/demo_evidence_150/indicators/page_03562.jpg,page_03562.jpg,131198,10fbadc8f79be60f1c1c37d2f33fbb569e2047eaaf7fec49ffe755ff73c5a2f9,993,1323,True,S7-1500/ET 200MP Manual Collection,A5E03485594-AE,3562,设备特定信息 > 数字量模块 > 数字量输出模块 > 数字量输出模块 DQ 8x230VAC/5A ST 继电器 (6ES7522-5HF00-0AB0) > 3 接线,图 2-574,方框图和端子分配,unknown,unknown,6ES7522-5HF00-0AB0,front_panel_or_led_page,real_manual_page,True,True,
ASSET_0417,safeplc_assist_box/frontend/assets/demo_evidence_150/troubleshooting/page_03568.jpg,page_03568.jpg,159262,116f18698c878dae741255a4626772ca3f92f1b8ccf182b66455cc96422a0a48,993,1323,True,S7-1500/ET 200MP Manual Collection,A5E03485594-AE,3568,设备特定信息 > 数字量模块 > 数字量输出模块 > 数字量输出模块 DQ 8x230VAC/5A ST 继电器 (6ES7522-5HF00-0AB0) > 5 中断/诊断报警 > 5.1 状态和错误指示灯,,,unknown,unknown,6ES7522-5HF00-0AB0,diagnostic_alarm_page,real_manual_page,True,True,
ASSET_0418,safeplc_assist_box/frontend/assets/demo_evidence_150/troubleshooting/page_03569.jpg,page_03569.jpg,170815,feaaf1dadf0d45fae0567d89e54e9322f9d217dd9e6adfacc95d7121163c5617,993,1323,True,S7-1500/ET 200MP Manual Collection,A5E03485594-AE,3569,设备特定信息 > 数字量模块 > 数字量输出模块 > 数字量输出模块 DQ 8x230VAC/5A ST 继电器 (6ES7522-5HF00-0AB0) > 5 中断/诊断报警 > 5.3 诊断报警,,,unknown,unknown,6ES7522-5HF00-0AB0,diagnostic_alarm_page,real_manual_page,True,True,
ASSET_0419,safeplc_assist_box/frontend/assets/demo_evidence_150/parameters/page_03571.jpg,page_03571.jpg,159551,a6dd5769fb46513749302b42965f85b22fbfc5bb5dcde3390be8d23df0afb134,993,1323,True,S7-1500/ET 200MP Manual Collection,A5E03485594-AE,3571,设备特定信息 > 数字量模块 > 数字量输出模块 > 数字量输出模块 DQ 8x230VAC/5A ST 继电器 (6ES7522-5HF00-0AB0) > 6 技术规范,,,unknown,unknown,6ES7522-5HF00-0AB0,table_or_parameter_page,real_manual_page,True,True,
ASSET_0420,safeplc_assist_box/frontend/assets/demo_evidence_150/parameters/page_03574.jpg,page_03574.jpg,175817,43dd27057825cbe3f9ef4501a311a5faba434cb881249ab22440aa5d3464c51e,993,1323,True,S7-1500/ET 200MP Manual Collection,A5E03485594-AE,3574,设备特定信息 > 数字量模块 > 数字量输出模块 > 数字量输出模块 DQ 8x230VAC/5A ST 继电器 (6ES7522-5HF00-0AB0) > 6 技术规范,图 2-579,每个通道输出总电流的详细信息,unknown,unknown,6ES7522-5HF00-0AB0,table_or_parameter_page,real_manual_page,True,True,
ASSET_0421,safeplc_assist_box/frontend/assets/demo_evidence_150/module_layout/page_03585.jpg,page_03585.jpg,208737,92195f23b9b9ba46fe365c3fa105459074e0d365fd690977aae2b0962153480c,993,1323,True,S7-1500/ET 200MP Manual Collection,A5E03485737-AE,3585,设备特定信息 > 数字量模块 > 数字量输出模块 > 数字量输出模块 DQ 8x230VAC/2A ST Triac (6ES7522-5FF00-0AB0) > 前言 > 安全性信息,,,unknown,unknown,6ES7522-5FF00-0AB0,module_cpu_page,real_manual_page,True,True,
ASSET_0422,safeplc_assist_box/frontend/assets/demo_evidence_150/parameters/page_03591.jpg,page_03591.jpg,169256,e4c174dd6ae7caecba1f5784a959be5f1c641e30d76687e70eb40a4cc41df63d,993,1323,True,S7-1500/ET 200MP Manual Collection,A5E03485737-AE,3591,设备特定信息 > 数字量模块 > 数字量输出模块 > 数字量输出模块 DQ 8x230VAC/2A ST Triac (6ES7522-5FF00-0AB0) > 2 产品概述 > 2.1 特性,,,unknown,unknown,6ES7522-5FF00-0AB0,table_or_parameter_page,real_manual_page,True,True,
ASSET_0423,safeplc_assist_box/frontend/assets/demo_evidence_150/wiring_terminal/page_03594.jpg,page_03594.jpg,159651,bed0252f4dcea75292e86eb9afad4e69328dd7f3592a782a192ac763d37a7214,993,1323,True,S7-1500/ET 200MP Manual Collection,A5E03485737-AE,3594,设备特定信息 > 数字量模块 > 数字量输出模块 > 数字量输出模块 DQ 8x230VAC/2A ST Triac (6ES7522-5FF00-0AB0) > 3 接线,图 2-587,方框图和端子分配,unknown,unknown,6ES7522-5FF00-0AB0,wiring_or_terminal_page,real_manual_page,True,True,
ASSET_0424,safeplc_assist_box/frontend/assets/demo_evidence_150/parameters/page_03602.jpg,page_03602.jpg,156817,c0c9999055de898defbb900ff97efb6e01da49937847789e2d687b975e1156e2,993,1323,True,S7-1500/ET 200MP Manual Collection,A5E03485737-AE,3602,设备特定信息 > 数字量模块 > 数字量输出模块 > 数字量输出模块 DQ 8x230VAC/2A ST Triac (6ES7522-5FF00-0AB0) > 6 技术规范,,,unknown,unknown,6ES7522-5FF00-0AB0,table_or_parameter_page,real_manual_page,True,True,
ASSET_0425,safeplc_assist_box/frontend/assets/demo_evidence_150/parameters/page_03620.jpg,page_03620.jpg,191076,11461d5afc2dc21bb0f9af7f5e239ce811f29f04750d80485f0fb2e6b15279f1,993,1323,True,S7-1500/ET 200MP Manual Collection,A5E35683466-AC,3620,设备特定信息 > 数字量模块 > 数字量输出模块 > 数字量输出模块 DQ 16x24VDC/0.5A HF (6ES7522-1BH01-0AB0) > 2 产品概述 > 2.1 特性,,,unknown,unknown,6ES7522-1BH01-0AB0,table_or_parameter_page,real_manual_page,True,True,
ASSET_0426,safeplc_assist_box/frontend/assets/demo_evidence_150/wiring_terminal/page_03624.jpg,page_03624.jpg,160927,26ef88a7629751b6be89369b41d15c475ab64c1ce2494b81b1b627886ad8b486,993,1323,True,S7-1500/ET 200MP Manual Collection,A5E35683466-AC,3624,设备特定信息 > 数字量模块 > 数字量输出模块 > 数字量输出模块 DQ 16x24VDC/0.5A HF (6ES7522-1BH01-0AB0) > 3 接线,图 2-599,方框图和端子分配,unknown,unknown,6ES7522-1BH01-0AB0,wiring_or_terminal_page,real_manual_page,True,True,
ASSET_0427,safeplc_assist_box/frontend/assets/demo_evidence_150/troubleshooting/page_03634.jpg,page_03634.jpg,137867,0e85a5d98791aa93069de7250f9df9b4600039638f110493899e181299b68b21,993,1323,True,S7-1500/ET 200MP Manual Collection,A5E35683466-AC,3634,设备特定信息 > 数字量模块 > 数字量输出模块 > 数字量输出模块 DQ 16x24VDC/0.5A HF (6ES7522-1BH01-0AB0) > 5 中断/诊断报警 > 5.1 状态和错误指示灯,,,unknown,unknown,6ES7522-1BH01-0AB0,diagnostic_alarm_page,real_manual_page,True,True,
ASSET_0428,safeplc_assist_box/frontend/assets/demo_evidence_150/troubleshooting/page_03636.jpg,page_03636.jpg,158499,a5af4237f57f09b7a070a1b71d1e9b56bf3486c2e673a78853d3e0bdcb45949e,993,1323,True,S7-1500/ET 200MP Manual Collection,A5E35683466-AC,3636,设备特定信息 > 数字量模块 > 数字量输出模块 > 数字量输出模块 DQ 16x24VDC/0.5A HF (6ES7522-1BH01-0AB0) > 5 中断/诊断报警 > 5.3 诊断报警,,,unknown,unknown,6ES7522-1BH01-0AB0,diagnostic_alarm_page,real_manual_page,True,True,
ASSET_0429,safeplc_assist_box/frontend/assets/demo_evidence_150/module_layout/page_03652.jpg,page_03652.jpg,211480,bd67951617a4a89798da004c69a9bbfc8a5b2e9479a384a9a633a3604f476b90,993,1323,True,S7-1500/ET 200MP Manual Collection,A5E32364060-AC,3652,设备特定信息 > 数字量模块 > 数字量输出模块 > 数字量输出模块 DQ 16x24VDC/0.5A BA (6ES7522-1BH10-0AA0) > 前言 > 安全信息,,,unknown,unknown,6ES7522-1BH10-0AA0,module_cpu_page,real_manual_page,True,True,
ASSET_0430,safeplc_assist_box/frontend/assets/demo_evidence_150/wiring_terminal/page_03661.jpg,page_03661.jpg,157355,a280d9d563461a158ad79603c940ec32f8cbd7150ec3c8f29fc9541ce3195559,993,1323,True,S7-1500/ET 200MP Manual Collection,A5E32364060-AC,3661,设备特定信息 > 数字量模块 > 数字量输出模块 > 数字量输出模块 DQ 16x24VDC/0.5A BA (6ES7522-1BH10-0AA0) > 3 接线,图 2-616,方框图和端子分配,unknown,unknown,6ES7522-1BH10-0AA0,wiring_or_terminal_page,real_manual_page,True,True,
ASSET_0431,safeplc_assist_box/frontend/assets/demo_evidence_150/module_layout/page_03674.jpg,page_03674.jpg,193033,d1f0737c7989788de29ea0797a08b7e606bf6bcbb47821bdba7eba8c11586d03,993,1323,True,S7-1500/ET 200MP Manual Collection,A5E34934242-AC,3674,设备特定信息 > 数字量模块 > 数字量输出模块 > 数字量输出模块 DQ 16x230VAC/1A ST Triac (6ES7522-5FH00-0AB0) > 前言 > 安全性信息,,,unknown,unknown,6ES7522-5FH00-0AB0,module_cpu_page,real_manual_page,True,True,
ASSET_0432,safeplc_assist_box/frontend/assets/demo_evidence_150/parameters/page_03680.jpg,page_03680.jpg,162171,41a78f9d4e363a6d6cad7a63f3e296be3d6da26da3926d15015141e38f543fb3,993,1323,True,S7-1500/ET 200MP Manual Collection,A5E34934242-AC,3680,设备特定信息 > 数字量模块 > 数字量输出模块 > 数字量输出模块 DQ 16x230VAC/1A ST Triac (6ES7522-5FH00-0AB0) > 2 产品概述 > 2.1 特性,,,unknown,unknown,6ES7522-5FH00-0AB0,table_or_parameter_page,real_manual_page,True,True,
ASSET_0433,safeplc_assist_box/frontend/assets/demo_evidence_150/wiring_terminal/page_03683.jpg,page_03683.jpg,175334,718cb474ace4e954c45dbfbdf359c07fd808f9872b3ed91fa210752d4f584964,993,1323,True,S7-1500/ET 200MP Manual Collection,A5E34934242-AC,3683,设备特定信息 > 数字量模块 > 数字量输出模块 > 数字量输出模块 DQ 16x230VAC/1A ST Triac (6ES7522-5FH00-0AB0) > 3 接线,图 2-626,方框图和端子分配,unknown,unknown,6ES7522-5FH00-0AB0,wiring_or_terminal_page,real_manual_page,True,True,
ASSET_0434,safeplc_assist_box/frontend/assets/demo_evidence_150/parameters/page_03692.jpg,page_03692.jpg,157891,1404557af8fe0365af858de7006fa635eea6463cedd43709ecd28ce0ea714670,993,1323,True,S7-1500/ET 200MP Manual Collection,A5E34934242-AC,3692,设备特定信息 > 数字量模块 > 数字量输出模块 > 数字量输出模块 DQ 16x230VAC/1A ST Triac (6ES7522-5FH00-0AB0) > 6 技术规范,,,unknown,unknown,6ES7522-5FH00-0AB0,table_or_parameter_page,real_manual_page,True,True,
ASSET_0435,safeplc_assist_box/frontend/assets/demo_evidence_150/module_layout/page_03706.jpg,page_03706.jpg,148019,6afb118c5ec7234c91ac7dccebbeef809f27ddc5e8d70742fcbb4c8aa5bc28c3,993,1323,True,S7-1500/ET 200MP Manual Collection,A5E35683352-AC,3706,设备特定信息 > 数字量模块 > 数字量输出模块 > 数字量输出模块 DQ 16x24...48VUC/125VDC/0.5A ST (6ES7522-5EH00-0AB0) > 1 简介 > 1.1 S7-1500/ET 200MP 文档指南 > 1.1.1 信息类 S7-1500/ET 200MP,,,ET 200MP,ET 200MP,6ES7522-5EH00-0AB0,module_cpu_page,real_manual_page,True,True,
ASSET_0436,safeplc_assist_box/frontend/assets/demo_evidence_150/topology/page_03709.jpg,page_03709.jpg,273981,0c386b5657415f35d87d633109dee637ab2679d95c9715438b804f83c5629a8d,993,1323,True,S7-1500/ET 200MP Manual Collection,A5E35683352-AC,3709,设备特定信息 > 数字量模块 > 数字量输出模块 > 数字量输出模块 DQ 16x24...48VUC/125VDC/0.5A ST (6ES7522-5EH00-0AB0) > 1 简介 > 1.1 S7-1500/ET 200MP 文档指南 > 1.1.2 基本工具,,,ET 200MP,ET 200MP,6ES7522-5EH00-0AB0,network_topology_page,real_manual_page,True,True,
ASSET_0437,safeplc_assist_box/frontend/assets/demo_evidence_150/parameters/page_03714.jpg,page_03714.jpg,234914,eea7eff7051653443782583c285d079abb12cc23369feb61ebdb21efde6ba312,993,1323,True,S7-1500/ET 200MP Manual Collection,A5E35683352-AC,3714,设备特定信息 > 数字量模块 > 数字量输出模块 > 数字量输出模块 DQ 16x24...48VUC/125VDC/0.5A ST (6ES7522-5EH00-0AB0) > 3 产品概述 > 3.1 特性,,,unknown,unknown,6ES7522-5EH00-0AB0,table_or_parameter_page,real_manual_page,True,True,
ASSET_0438,safeplc_assist_box/frontend/assets/demo_evidence_150/wiring_terminal/page_03717.jpg,page_03717.jpg,167350,9a1e65e8d45c423a15f8814604b585adbe9e3d2dcbcab138ad51c7bcc7e09be1,993,1323,True,S7-1500/ET 200MP Manual Collection,A5E35683352-AC,3717,设备特定信息 > 数字量模块 > 数字量输出模块 > 数字量输出模块 DQ 16x24...48VUC/125VDC/0.5A ST (6ES7522-5EH00-0AB0) > 4 接线 > 4.1 接线图与方框图,,,unknown,unknown,6ES7522-5EH00-0AB0,wiring_or_terminal_page,real_manual_page,True,True,
ASSET_0439,safeplc_assist_box/frontend/assets/demo_evidence_150/troubleshooting/page_03726.jpg,page_03726.jpg,136651,0fc78e4d9052d4ade46040770d4ffa438efd729f666215c2ebf72cfa03e5c3a0,993,1323,True,S7-1500/ET 200MP Manual Collection,A5E35683352-AC,3726,设备特定信息 > 数字量模块 > 数字量输出模块 > 数字量输出模块 DQ 16x24...48VUC/125VDC/0.5A ST (6ES7522-5EH00-0AB0) > 6 中断/诊断报警 > 6.1 状态和错误指示灯,,,unknown,unknown,6ES7522-5EH00-0AB0,diagnostic_alarm_page,real_manual_page,True,True,
ASSET_0440,safeplc_assist_box/frontend/assets/demo_evidence_150/troubleshooting/page_03727.jpg,page_03727.jpg,124582,40dcc305460ec1569759daedc08a18dfe84cc7937c3dd460abd2130aed74311c,993,1323,True,S7-1500/ET 200MP Manual Collection,A5E35683352-AC,3727,设备特定信息 > 数字量模块 > 数字量输出模块 > 数字量输出模块 DQ 16x24...48VUC/125VDC/0.5A ST (6ES7522-5EH00-0AB0) > 6 中断/诊断报警 > 6.3 诊断报警,,,unknown,unknown,6ES7522-5EH00-0AB0,diagnostic_alarm_page,real_manual_page,True,True,
ASSET_0441,safeplc_assist_box/frontend/assets/demo_evidence_150/module_layout/page_03740.jpg,page_03740.jpg,190256,d4f89c6781058343d243d99dd42fd2e858aa2b71996283e1d8be92e1650cac8a,993,1323,True,S7-1500/ET 200MP Manual Collection,A5E34934033-AD,3740,设备特定信息 > 数字量模块 > 数字量输出模块 > 数字量输出模块 DQ 16x230VAC/2A ST Relay (6ES7522-5HH00-0AB0) > 前言 > 安全信息,,,unknown,unknown,6ES7522-5HH00-0AB0,module_cpu_page,real_manual_page,True,True,
ASSET_0442,safeplc_assist_box/frontend/assets/demo_evidence_150/parameters/page_03748.jpg,page_03748.jpg,180628,f238cc7ffc3ec9083bb87411744eabbdd21eb8d95c590afec4d09b42ea9d4be0,993,1323,True,S7-1500/ET 200MP Manual Collection,A5E34934033-AD,3748,设备特定信息 > 数字量模块 > 数字量输出模块 > 数字量输出模块 DQ 16x230VAC/2A ST Relay (6ES7522-5HH00-0AB0) > 2 产品概述 > 2.1 特性,,,unknown,unknown,6ES7522-5HH00-0AB0,table_or_parameter_page,real_manual_page,True,True,
ASSET_0443,safeplc_assist_box/frontend/assets/demo_evidence_150/wiring_terminal/page_03751.jpg,page_03751.jpg,165469,908e6af16a709bf5fcf2d437d1872ade5ded74b21d9d7182204c15cec0547eb4,993,1323,True,S7-1500/ET 200MP Manual Collection,A5E34934033-AD,3751,设备特定信息 > 数字量模块 > 数字量输出模块 > 数字量输出模块 DQ 16x230VAC/2A ST Relay (6ES7522-5HH00-0AB0) > 3 接线,,,unknown,unknown,6ES7522-5HH00-0AB0,wiring_or_terminal_page,real_manual_page,True,True,
ASSET_0444,safeplc_assist_box/frontend/assets/demo_evidence_150/troubleshooting/page_03760.jpg,page_03760.jpg,163794,e6abc1d6c8335bf1ea50b5e1c47cea68d2cdead2222af968230a909b074bcd88,993,1323,True,S7-1500/ET 200MP Manual Collection,A5E34934033-AD,3760,设备特定信息 > 数字量模块 > 数字量输出模块 > 数字量输出模块 DQ 16x230VAC/2A ST Relay (6ES7522-5HH00-0AB0) > 5 中断/诊断报警 > 5.1 状态和错误指示灯,,,unknown,unknown,6ES7522-5HH00-0AB0,diagnostic_alarm_page,real_manual_page,True,True,
ASSET_0445,safeplc_assist_box/frontend/assets/demo_evidence_150/troubleshooting/page_03761.jpg,page_03761.jpg,173475,6eb3e2a3cadc9279a0a10ab9a57272039be180de1fa19e1c0cb23c72022f0879,993,1323,True,S7-1500/ET 200MP Manual Collection,A5E34934033-AD,3761,设备特定信息 > 数字量模块 > 数字量输出模块 > 数字量输出模块 DQ 16x230VAC/2A ST Relay (6ES7522-5HH00-0AB0) > 5 中断/诊断报警 > 5.3 诊断报警,,,unknown,unknown,6ES7522-5HH00-0AB0,diagnostic_alarm_page,real_manual_page,True,True,
ASSET_0446,safeplc_assist_box/frontend/assets/demo_evidence_150/parameters/page_03763.jpg,page_03763.jpg,161047,d15ad9f3f9f4384948f01ca373e75cb374e040f88f27c82219489d733c879381,993,1323,True,S7-1500/ET 200MP Manual Collection,A5E34934033-AD,3763,设备特定信息 > 数字量模块 > 数字量输出模块 > 数字量输出模块 DQ 16x230VAC/2A ST Relay (6ES7522-5HH00-0AB0) > 6 技术规范,,,unknown,unknown,6ES7522-5HH00-0AB0,table_or_parameter_page,real_manual_page,True,True,
ASSET_0447,safeplc_assist_box/frontend/assets/demo_evidence_150/parameters/page_03786.jpg,page_03786.jpg,199833,6b612ee821eed02132f8d7888ca584af4c526ad7063fb9e038420e6c38526d9a,993,1323,True,S7-1500/ET 200MP Manual Collection,A5E35683695-AC,3786,设备特定信息 > 数字量模块 > 数字量输出模块 > 数字量输出模块 DQ 32x24VDC/0.5A HF (6ES7522-1BL01-0AB0) > 2 产品概述 > 2.1 特性,,,unknown,unknown,6ES7522-1BL01-0AB0,table_or_parameter_page,real_manual_page,True,True,
ASSET_0448,safeplc_assist_box/frontend/assets/demo_evidence_150/wiring_terminal/page_03789.jpg,page_03789.jpg,195090,a88f05eb9c7d6298294aceeac3119944146be0fdf90378a598da1d5d63abe9cc,993,1323,True,S7-1500/ET 200MP Manual Collection,A5E35683695-AC,3789,设备特定信息 > 数字量模块 > 数字量输出模块 > 数字量输出模块 DQ 32x24VDC/0.5A HF (6ES7522-1BL01-0AB0) > 3 接线,图 2-671,方框图和端子分配,unknown,unknown,6ES7522-1BL01-0AB0,wiring_or_terminal_page,real_manual_page,True,True,
ASSET_0449,safeplc_assist_box/frontend/assets/demo_evidence_150/troubleshooting/page_03799.jpg,page_03799.jpg,141280,1e29d7d62c358aa91320c244bed2663ab2a26e99b08d37907d71bba0d1173265,993,1323,True,S7-1500/ET 200MP Manual Collection,A5E35683695-AC,3799,设备特定信息 > 数字量模块 > 数字量输出模块 > 数字量输出模块 DQ 32x24VDC/0.5A HF (6ES7522-1BL01-0AB0) > 5 中断/诊断报警 > 5.1 状态和错误显示,,,unknown,unknown,6ES7522-1BL01-0AB0,diagnostic_alarm_page,real_manual_page,True,True,
ASSET_0450,safeplc_assist_box/frontend/assets/demo_evidence_150/troubleshooting/page_03801.jpg,page_03801.jpg,165568,513f28cd45d626866d3c5905e1acb0fa11794f9af187ed3948e5d5501982a9bd,993,1323,True,S7-1500/ET 200MP Manual Collection,A5E35683695-AC,3801,设备特定信息 > 数字量模块 > 数字量输出模块 > 数字量输出模块 DQ 32x24VDC/0.5A HF (6ES7522-1BL01-0AB0) > 5 中断/诊断报警 > 5.3 诊断报警,,,unknown,unknown,6ES7522-1BL01-0AB0,diagnostic_alarm_page,real_manual_page,True,True,
ASSET_0451,safeplc_assist_box/frontend/assets/demo_evidence_150/module_layout/page_03817.jpg,page_03817.jpg,211300,73de4988bfa12ece17ac8812bda875546854b7922ebc56bca525e13f7b21ae96,993,1323,True,S7-1500/ET 200MP Manual Collection,A5E03485064-AD,3817,设备特定信息 > 数字量模块 > 数字量输出模块 > DQ 32x24VDC/0.5A ST 数字量输出模块 (6ES7522-1BL00-0AB0) > 前言 > 安全信息,,,unknown,unknown,6ES7522-1BL00-0AB0,module_cpu_page,real_manual_page,True,True,
ASSET_0452,safeplc_assist_box/frontend/assets/demo_evidence_150/parameters/page_03824.jpg,page_03824.jpg,180460,5847f47f34d553b041e40756bd816929777bd9a0d9b3a445857a8ff40e31af1d,993,1323,True,S7-1500/ET 200MP Manual Collection,A5E03485064-AD,3824,设备特定信息 > 数字量模块 > 数字量输出模块 > DQ 32x24VDC/0.5A ST 数字量输出模块 (6ES7522-1BL00-0AB0) > 2 产品概述 > 2.1 特性,,,unknown,unknown,6ES7522-1BL00-0AB0,table_or_parameter_page,real_manual_page,True,True,
ASSET_0453,safeplc_assist_box/frontend/assets/demo_evidence_150/wiring_terminal/page_03826.jpg,page_03826.jpg,194318,5e13873362bd4ec250d24e6618594b432af9831a846abaf4ddddc0d784733023,993,1323,True,S7-1500/ET 200MP Manual Collection,A5E03485064-AD,3826,设备特定信息 > 数字量模块 > 数字量输出模块 > DQ 32x24VDC/0.5A ST 数字量输出模块 (6ES7522-1BL00-0AB0) > 3 接线,图 2-688,方框图和端子分配,unknown,unknown,6ES7522-1BL00-0AB0,wiring_or_terminal_page,real_manual_page,True,True,
ASSET_0454,safeplc_assist_box/frontend/assets/demo_evidence_150/troubleshooting/page_03836.jpg,page_03836.jpg,145633,8d4be2b5232112c75b8d07b373b9dd1aed58f1b7fbd10e3665887b664b196b27,993,1323,True,S7-1500/ET 200MP Manual Collection,A5E03485064-AD,3836,设备特定信息 > 数字量模块 > 数字量输出模块 > DQ 32x24VDC/0.5A ST 数字量输出模块 (6ES7522-1BL00-0AB0) > 5 中断/诊断报警 > 5.3 诊断报警,,,unknown,unknown,6ES7522-1BL00-0AB0,diagnostic_alarm_page,real_manual_page,True,True,
ASSET_0455,safeplc_assist_box/frontend/assets/demo_evidence_150/module_layout/page_03845.jpg,page_03845.jpg,211516,18a4d8ec7402f6715d7b4bb2dd6039fb9fc4619abf4a396b9af0c81d852640d1,993,1323,True,S7-1500/ET 200MP Manual Collection,A5E32364304-AC,3845,设备特定信息 > 数字量模块 > 数字量输出模块 > 数字量输出模块 DQ 32x24VDC/0.5A BA (6ES7522-1BL10-0AA0) > 前言 > 安全信息,,,unknown,unknown,6ES7522-1BL10-0AA0,module_cpu_page,real_manual_page,True,True,
ASSET_0456,safeplc_assist_box/frontend/assets/demo_evidence_150/wiring_terminal/page_03853.jpg,page_03853.jpg,194006,24b0bd11bc43c22c7f30305f6a9b4a9e8faef14c187b6380e3df694f2b48ac72,993,1323,True,S7-1500/ET 200MP Manual Collection,A5E32364304-AC,3853,设备特定信息 > 数字量模块 > 数字量输出模块 > 数字量输出模块 DQ 32x24VDC/0.5A BA (6ES7522-1BL10-0AA0) > 3 接线,图 2-700,方框图和端子分配,unknown,unknown,6ES7522-1BL10-0AA0,wiring_or_terminal_page,real_manual_page,True,True,
ASSET_0457,safeplc_assist_box/frontend/assets/demo_evidence_150/module_layout/page_03867.jpg,page_03867.jpg,212941,cb7695676fe2b501fa6bb08e22bf3a004e94de06bc54f8a83bbb03fb883cf215,993,1323,True,S7-1500/ET 200MP Manual Collection,A5E48024690-AA,3867,设备特定信息 > 数字量模块 > 数字量输出模块 > 数字量输出模块 DQ 64x24VDC/0.3A BA (6ES7522-1BP00-0AA0) > 前言 > 安全性信息,,,unknown,unknown,6ES7522-1BP00-0AA0,module_cpu_page,real_manual_page,True,True,
ASSET_0458,safeplc_assist_box/frontend/assets/demo_evidence_150/parameters/page_03873.jpg,page_03873.jpg,167293,0c731655fb6d6adb86cbc3372b9a9b55dd8f2a2f300b2d8d793a1cb453dd0c6e,993,1323,True,S7-1500/ET 200MP Manual Collection,A5E48024690-AA,3873,设备特定信息 > 数字量模块 > 数字量输出模块 > 数字量输出模块 DQ 64x24VDC/0.3A BA (6ES7522-1BP00-0AA0) > 2 产品概述 > 2.1 特性,,,unknown,unknown,6ES7522-1BP00-0AA0,table_or_parameter_page,real_manual_page,True,True,
ASSET_0459,safeplc_assist_box/frontend/assets/demo_evidence_150/wiring_terminal/page_03875.jpg,page_03875.jpg,128084,4d89f98db8947cb504a02dfffc15993a94a3a58ceacbe275dc4bff0d9c12bc07,993,1323,True,S7-1500/ET 200MP Manual Collection,A5E48024690-AA,3875,设备特定信息 > 数字量模块 > 数字量输出模块 > 数字量输出模块 DQ 64x24VDC/0.3A BA (6ES7522-1BP00-0AA0) > 3 接线 > 3.2 X10 和 X11 端子分配。,图 2-711,模块（不带前盖）的正视图,unknown,unknown,6ES7522-1BP00-0AA0,wiring_or_terminal_page,real_manual_page,True,True,
ASSET_0460,safeplc_assist_box/frontend/assets/demo_evidence_150/wiring_terminal/page_03876.jpg,page_03876.jpg,219459,12096cbc7c9b417017537dbdebc56533feafc6d8c2e85e503417921a4e5745bb,993,1323,True,S7-1500/ET 200MP Manual Collection,A5E48024690-AA,3876,设备特定信息 > 数字量模块 > 数字量输出模块 > 数字量输出模块 DQ 64x24VDC/0.3A BA (6ES7522-1BP00-0AA0) > 3 接线 > 3.2 X10 和 X11 端子分配。,,,unknown,unknown,6ES7522-1BP00-0AA0,wiring_or_terminal_page,real_manual_page,True,True,
ASSET_0461,safeplc_assist_box/frontend/assets/demo_evidence_150/wiring_terminal/page_03877.jpg,page_03877.jpg,214933,bc87600a89d200a64459f1ec757995b39aabd7fe5a8bfb8ff7f095c4d4583a89,993,1323,True,S7-1500/ET 200MP Manual Collection,A5E48024690-AA,3877,设备特定信息 > 数字量模块 > 数字量输出模块 > 数字量输出模块 DQ 64x24VDC/0.3A BA (6ES7522-1BP00-0AA0) > 3 接线 > 3.3 使用连接模块来连接模块,,,unknown,unknown,6ES7522-1BP00-0AA0,wiring_or_terminal_page,real_manual_page,True,True,
ASSET_0462,safeplc_assist_box/frontend/assets/demo_evidence_150/parameters/page_03891.jpg,page_03891.jpg,160470,202283ce46d1606c8c66be27dfaa654dc2289613a8fe1763acf3d862d2b1a63a,993,1323,True,S7-1500/ET 200MP Manual Collection,A5E48024690-AA,3891,设备特定信息 > 数字量模块 > 数字量输出模块 > 数字量输出模块 DQ 64x24VDC/0.3A BA (6ES7522-1BP00-0AA0) > 6 技术规范,,,unknown,unknown,6ES7522-1BP00-0AA0,table_or_parameter_page,real_manual_page,True,True,
ASSET_0463,safeplc_assist_box/frontend/assets/demo_evidence_150/module_layout/page_03897.jpg,page_03897.jpg,212934,53eb70624a71e1ad378c5badd3620baf99051d390686b2c312d4c8fac5442e9b,993,1323,True,S7-1500/ET 200MP Manual Collection,A5E48024852-AA,3897,设备特定信息 > 数字量模块 > 数字量输出模块 > 数字量输出模块 DQ 64x24VDC/0.3A SNK BA (6ES7522-1BP50-0AA0) > 前言 > 安全性信息,,,unknown,unknown,6ES7522-1BP50-0AA0,module_cpu_page,real_manual_page,True,True,
ASSET_0464,safeplc_assist_box/frontend/assets/demo_evidence_150/parameters/page_03903.jpg,page_03903.jpg,167577,cd64fc6bac75b37903ae9d64c84c613e6e86496d4ae5bab6dfeb4fabdf4c9b8e,993,1323,True,S7-1500/ET 200MP Manual Collection,A5E48024852-AA,3903,设备特定信息 > 数字量模块 > 数字量输出模块 > 数字量输出模块 DQ 64x24VDC/0.3A SNK BA (6ES7522-1BP50-0AA0) > 2 产品概述 > 2.1 特性,,,unknown,unknown,6ES7522-1BP50-0AA0,table_or_parameter_page,real_manual_page,True,True,
ASSET_0465,safeplc_assist_box/frontend/assets/demo_evidence_150/wiring_terminal/page_03905.jpg,page_03905.jpg,129560,96298922bef2f7b1cf1df4b295449de752b5ca0c8e4b0050a7dacecc4f9598ee,993,1323,True,S7-1500/ET 200MP Manual Collection,A5E48024852-AA,3905,设备特定信息 > 数字量模块 > 数字量输出模块 > 数字量输出模块 DQ 64x24VDC/0.3A SNK BA (6ES7522-1BP50-0AA0) > 3 接线 > 3.2 X10 和 X11 端子分配。,图 2-723,模块（不带前盖）的正视图,unknown,unknown,6ES7522-1BP50-0AA0,wiring_or_terminal_page,real_manual_page,True,True,
ASSET_0466,safeplc_assist_box/frontend/assets/demo_evidence_150/wiring_terminal/page_03906.jpg,page_03906.jpg,220534,e8969e739ef3fecbaa2f20b72dd90b5ee6c83816987a2ba536efb92f170ce4fa,993,1323,True,S7-1500/ET 200MP Manual Collection,A5E48024852-AA,3906,设备特定信息 > 数字量模块 > 数字量输出模块 > 数字量输出模块 DQ 64x24VDC/0.3A SNK BA (6ES7522-1BP50-0AA0) > 3 接线 > 3.2 X10 和 X11 端子分配。,,,unknown,unknown,6ES7522-1BP50-0AA0,wiring_or_terminal_page,real_manual_page,True,True,
ASSET_0467,safeplc_assist_box/frontend/assets/demo_evidence_150/wiring_terminal/page_03907.jpg,page_03907.jpg,227141,9409cf66924ae7220954b1e3294bd1bdb50902b0620928bc139919488bb6a8b2,993,1323,True,S7-1500/ET 200MP Manual Collection,A5E48024852-AA,3907,设备特定信息 > 数字量模块 > 数字量输出模块 > 数字量输出模块 DQ 64x24VDC/0.3A SNK BA (6ES7522-1BP50-0AA0) > 3 接线 > 3.3 使用连接模块来连接模块,,,unknown,unknown,6ES7522-1BP50-0AA0,wiring_or_terminal_page,real_manual_page,True,True,
ASSET_0468,safeplc_assist_box/frontend/assets/demo_evidence_150/parameters/page_03919.jpg,page_03919.jpg,161457,158fbec4142b6f578632cc79784d9743d23aad30ce03b7773b8e969f12c4c687,993,1323,True,S7-1500/ET 200MP Manual Collection,A5E48024852-AA,3919,设备特定信息 > 数字量模块 > 数字量输出模块 > 数字量输出模块 DQ 64x24VDC/0.3A SNK BA (6ES7522-1BP50-0AA0) > 6 技术规范,,,unknown,unknown,6ES7522-1BP50-0AA0,table_or_parameter_page,real_manual_page,True,True,
ASSET_0469,safeplc_assist_box/frontend/assets/demo_evidence_150/parameters/page_03932.jpg,page_03932.jpg,174539,3613b38ee61a6ad657d1325d828b77f31c0cc08dcf769ddff82eb6da6a328381,993,1323,True,S7-1500/ET 200MP Manual Collection,A5E32364645-AC,3932,设备特定信息 > 数字量模块 > 数字量输入/输出模块 > 数字量输入/输出模块 DI 16x24VDC/DQ 16x24VDC/0.5A BA (6ES7523-1BL00-0AA0) > 2 产品概述 > 2.1 特性,,,unknown,unknown,6ES7523-1BL00-0AA0,table_or_parameter_page,real_manual_page,True,True,
ASSET_0470,safeplc_assist_box/frontend/assets/demo_evidence_150/wiring_terminal/page_03933.jpg,page_03933.jpg,194132,cfe8998f18dcb15d08156a0a5c34a6461cc6dfaf5e5c2c7d143f2f526d0e30da,993,1323,True,S7-1500/ET 200MP Manual Collection,A5E32364645-AC,3933,设备特定信息 > 数字量模块 > 数字量输入/输出模块 > 数字量输入/输出模块 DI 16x24VDC/DQ 16x24VDC/0.5A BA (6ES7523-1BL00-0AA0) > 3 接线 > 3.1 接线图和方框图,图 2-734,方框图和端子分配,unknown,unknown,6ES7523-1BL00-0AA0,wiring_or_terminal_page,real_manual_page,True,True,
ASSET_0471,safeplc_assist_box/frontend/assets/demo_evidence_150/module_layout/page_03950.jpg,page_03950.jpg,214202,cad363380939776858262bc7ec21a8d5d643e8cb49c834faaf4ed1bf747eb25b,993,1323,True,S7-1500/ET 200MP Manual Collection,A5E48028722-AA,3950,设备特定信息 > 数字量模块 > 数字量输入/输出模块 > 数字量输入/输出模块 DI 32x24VDC SNK/SRC/DQ 32x24VDC/0.3A SNK BA (6ES7523-1BP50-0AA0) > 前言 > 安全性信息,,,unknown,unknown,6ES7523-1BP50-0AA0,module_cpu_page,real_manual_page,True,True,
ASSET_0472,safeplc_assist_box/frontend/assets/demo_evidence_150/parameters/page_03956.jpg,page_03956.jpg,175734,3b4869b7b6a55d8928b2dfd71e206bc8140386bc8fe76c5db797513065ba9c49,993,1323,True,S7-1500/ET 200MP Manual Collection,A5E48028722-AA,3956,设备特定信息 > 数字量模块 > 数字量输入/输出模块 > 数字量输入/输出模块 DI 32x24VDC SNK/SRC/DQ 32x24VDC/0.3A SNK BA (6ES7523-1BP50-0AA0) > 2 产品概述 > 2.1 特性,,,unknown,unknown,6ES7523-1BP50-0AA0,table_or_parameter_page,real_manual_page,True,True,
ASSET_0473,safeplc_assist_box/frontend/assets/demo_evidence_150/wiring_terminal/page_03960.jpg,page_03960.jpg,217063,801ab395ed24398ef06e50e18fd44fedc0ffb63b0a02e256df583524dfe94871,993,1323,True,S7-1500/ET 200MP Manual Collection,A5E48028722-AA,3960,设备特定信息 > 数字量模块 > 数字量输入/输出模块 > 数字量输入/输出模块 DI 32x24VDC SNK/SRC/DQ 32x24VDC/0.3A SNK BA (6ES7523-1BP50-0AA0) > 3 接线 > 3.2 X10 和 X11 端子分配,,,unknown,unknown,6ES7523-1BP50-0AA0,wiring_or_terminal_page,real_manual_page,True,True,
ASSET_0474,safeplc_assist_box/frontend/assets/demo_evidence_150/wiring_terminal/page_03962.jpg,page_03962.jpg,220872,367cbc12df7e50079c37364ed575f95d09b9eee9c4250b23329c47f72fc23d92,993,1323,True,S7-1500/ET 200MP Manual Collection,A5E48028722-AA,3962,设备特定信息 > 数字量模块 > 数字量输入/输出模块 > 数字量输入/输出模块 DI 32x24VDC SNK/SRC/DQ 32x24VDC/0.3A SNK BA (6ES7523-1BP50-0AA0) > 3 接线 > 3.3 使用连接模块来连接模块,,,unknown,unknown,6ES7523-1BP50-0AA0,wiring_or_terminal_page,real_manual_page,True,True,
ASSET_0475,safeplc_assist_box/frontend/assets/demo_evidence_150/parameters/page_03977.jpg,page_03977.jpg,151859,296df0bf1e2621b11bcef51e14855c726a89742137f1c8be7d2759cd42547873,993,1323,True,S7-1500/ET 200MP Manual Collection,A5E48028722-AA,3977,设备特定信息 > 数字量模块 > 数字量输入/输出模块 > 数字量输入/输出模块 DI 32x24VDC SNK/SRC/DQ 32x24VDC/0.3A SNK BA (6ES7523-1BP50-0AA0) > 6 技术规范,,,unknown,unknown,6ES7523-1BP50-0AA0,table_or_parameter_page,real_manual_page,True,True,
ASSET_0476,safeplc_assist_box/frontend/assets/demo_evidence_150/parameters/page_03978.jpg,page_03978.jpg,142026,ac128ef4f6f3b8e75555b0e70a96b593ec05579476445673b1d66f2a2c768cb0,993,1323,True,S7-1500/ET 200MP Manual Collection,A5E48028722-AA,3978,设备特定信息 > 数字量模块 > 数字量输入/输出模块 > 数字量输入/输出模块 DI 32x24VDC SNK/SRC/DQ 32x24VDC/0.3A SNK BA (6ES7523-1BP50-0AA0) > 6 技术规范,,,unknown,unknown,6ES7523-1BP50-0AA0,table_or_parameter_page,real_manual_page,True,True,
ASSET_0477,safeplc_assist_box/frontend/assets/demo_evidence_150/module_layout/page_03983.jpg,page_03983.jpg,211938,5e5a5d6a93c80e7c9bfde4bf69c63439a848de7ec107ba0b670869cd24cb3697,993,1323,True,S7-1500/ET 200MP Manual Collection,A5E32366236-AC,3983,设备特定信息 > 模拟量模块 > 模拟量输入模块 > 模拟量输入模块 AI 4xU/I/RTD/TC ST (6ES7531-7QD00-0AB0) > 前言 > 安全信息,,,unknown,unknown,6ES7531-7QD00-0AB0,module_cpu_page,real_manual_page,True,True,
ASSET_0478,safeplc_assist_box/frontend/assets/demo_evidence_150/wiring_terminal/page_03992.jpg,page_03992.jpg,150584,b3b3703fb4bce9cd3df3f1c85e6f12733fc508c404d3b7608bd7c30399d55306,993,1323,True,S7-1500/ET 200MP Manual Collection,A5E32366236-AC,3992,设备特定信息 > 模拟量模块 > 模拟量输入模块 > 模拟量输入模块 AI 4xU/I/RTD/TC ST (6ES7531-7QD00-0AB0) > 3 接线 > 3.1 接线图和方框图,图 2-762,接线电源元件,unknown,unknown,6ES7531-7QD00-0AB0,wiring_or_terminal_page,real_manual_page,True,True,
ASSET_0479,safeplc_assist_box/frontend/assets/demo_evidence_150/parameters/page_04003.jpg,page_04003.jpg,234375,367eae64b10617bbe153f1cb1da659d3539b33842c651ea5e4233b143341ad7d,993,1323,True,S7-1500/ET 200MP Manual Collection,A5E32366236-AC,4003,设备特定信息 > 模拟量模块 > 模拟量输入模块 > 模拟量输入模块 AI 4xU/I/RTD/TC ST (6ES7531-7QD00-0AB0) > 4 参数/地址空间 > 4.2 参数,,,unknown,unknown,6ES7531-7QD00-0AB0,table_or_parameter_page,real_manual_page,True,True,
ASSET_0480,safeplc_assist_box/frontend/assets/demo_evidence_150/troubleshooting/page_04015.jpg,page_04015.jpg,209611,e1dbd1d2aab76323152d13a18aab5a48245f791935a19d351c57f10f3c57df30,993,1323,True,S7-1500/ET 200MP Manual Collection,A5E32366236-AC,4015,设备特定信息 > 模拟量模块 > 模拟量输入模块 > 模拟量输入模块 AI 4xU/I/RTD/TC ST (6ES7531-7QD00-0AB0) > 5 中断/诊断报警 > 5.3 诊断报警,,,unknown,unknown,6ES7531-7QD00-0AB0,diagnostic_alarm_page,real_manual_page,True,True,
ASSET_0481,safeplc_assist_box/frontend/assets/demo_evidence_150/parameters/page_04017.jpg,page_04017.jpg,151571,2c2b3e10d306d0d438db3211b40b4a2989bb4b143d77b16195acfc9d73601381,993,1323,True,S7-1500/ET 200MP Manual Collection,A5E32366236-AC,4017,设备特定信息 > 模拟量模块 > 模拟量输入模块 > 模拟量输入模块 AI 4xU/I/RTD/TC ST (6ES7531-7QD00-0AB0) > 6 技术数据,,,unknown,unknown,6ES7531-7QD00-0AB0,table_or_parameter_page,real_manual_page,True,True,
ASSET_0482,safeplc_assist_box/frontend/assets/demo_evidence_150/parameters/page_04031.jpg,page_04031.jpg,151801,2a5cf291387584c01ab1ce4a0f075419e59f7d35e49287cc17fbbfb27a08c597,993,1323,True,S7-1500/ET 200MP Manual Collection,A5E32366236-AC,4031,设备特定信息 > 模拟量模块 > 模拟量输入模块 > 模拟量输入模块 AI 4xU/I/RTD/TC ST (6ES7531-7QD00-0AB0) > B 参数数据记录 > B.1 参数分配和参数数据记录的结构,,,unknown,unknown,6ES7531-7QD00-0AB0,table_or_parameter_page,real_manual_page,True,True,
ASSET_0483,safeplc_assist_box/frontend/assets/demo_evidence_150/parameters/page_04038.jpg,page_04038.jpg,186157,28ffaba4cbfc5b9f7cc3b6cd138e8c010a6c06b8b19354d53c18bb589404b928,993,1323,True,S7-1500/ET 200MP Manual Collection,A5E32366236-AC,4038,设备特定信息 > 模拟量模块 > 模拟量输入模块 > 模拟量输入模块 AI 4xU/I/RTD/TC ST (6ES7531-7QD00-0AB0) > C 模拟值表示 > C.3 电流测量范围内模拟值的表示,,,unknown,unknown,6ES7531-7QD00-0AB0,table_or_parameter_page,real_manual_page,True,True,
ASSET_0484,safeplc_assist_box/frontend/assets/demo_evidence_150/module_layout/page_04047.jpg,page_04047.jpg,173339,4604e3602fd9cb3eb113e1ddb437165442907ba095c7ef60123211eb9c534f04,993,1323,True,S7-1500/ET 200MP Manual Collection,A5E51346591-AA,4047,设备特定信息 > 模拟量模块 > 模拟量输入模块 > 模拟量输入模块 AI 8xHART HF (6ES7531-7TF00-0AB0) > 1 简介 > 1.1 S7-1500/ET 200MP 文档指南 > 1.1.1 S7-1500/ET 200MP 文档指南,,,ET 200MP,ET 200MP,6ES7531-7TF00-0AB0,module_cpu_page,real_manual_page,True,True,
ASSET_0485,safeplc_assist_box/frontend/assets/demo_evidence_150/module_layout/page_04048.jpg,page_04048.jpg,163047,aec3b7f400ac4ccb5b5f6e54f2a5fe30c93bc1db316087868f2324fea5e26693,993,1323,True,S7-1500/ET 200MP Manual Collection,A5E51346591-AA,4048,设备特定信息 > 模拟量模块 > 模拟量输入模块 > 模拟量输入模块 AI 8xHART HF (6ES7531-7TF00-0AB0) > 1 简介 > 1.1 S7-1500/ET 200MP 文档指南 > 1.1.1 S7-1500/ET 200MP 文档指南,,,ET 200MP,ET 200MP,6ES7531-7TF00-0AB0,module_cpu_page,real_manual_page,True,True,
ASSET_0486,safeplc_assist_box/frontend/assets/demo_evidence_150/topology/page_04051.jpg,page_04051.jpg,274962,1f9f537e38d8b5729888e1cde2fecca33e0679eab5c9f3aaa0921b786df2c1b8,993,1323,True,S7-1500/ET 200MP Manual Collection,A5E51346591-AA,4051,设备特定信息 > 模拟量模块 > 模拟量输入模块 > 模拟量输入模块 AI 8xHART HF (6ES7531-7TF00-0AB0) > 1 简介 > 1.1 S7-1500/ET 200MP 文档指南 > 1.1.3 工具支持,,,ET 200MP,ET 200MP,6ES7531-7TF00-0AB0,network_topology_page,real_manual_page,True,True,
ASSET_0487,safeplc_assist_box/frontend/assets/demo_evidence_150/wiring_terminal/page_04056.jpg,page_04056.jpg,113214,852f5c2209419f87f5cf54f7b47ccf5a15924b3b2003eff576e7f615109f227b,993,1323,True,S7-1500/ET 200MP Manual Collection,A5E51346591-AA,4056,设备特定信息 > 模拟量模块 > 模拟量输入模块 > 模拟量输入模块 AI 8xHART HF (6ES7531-7TF00-0AB0) > 4 连接 > 4.1 接线图和方框图,图 2-785,接线电源元件,unknown,unknown,6ES7531-7TF00-0AB0,wiring_or_terminal_page,real_manual_page,True,True,
ASSET_0488,safeplc_assist_box/frontend/assets/demo_evidence_150/wiring_terminal/page_04057.jpg,page_04057.jpg,185642,b4fd8d6c4d3a39cb957d363b7bc67853363c647962e068990a22c0efbf83a058,993,1323,True,S7-1500/ET 200MP Manual Collection,A5E51346591-AA,4057,设备特定信息 > 模拟量模块 > 模拟量输入模块 > 模拟量输入模块 AI 8xHART HF (6ES7531-7TF00-0AB0) > 4 连接 > 4.1 接线图和方框图,图 2-786,4 线制变送器的电路示意图和端子分配,unknown,unknown,6ES7531-7TF00-0AB0,wiring_or_terminal_page,real_manual_page,True,True,
ASSET_0489,safeplc_assist_box/frontend/assets/demo_evidence_150/wiring_terminal/page_04058.jpg,page_04058.jpg,182909,0ba073f300aee5bb70a30512d117384ebcf1c5f198059c5c7892216637977bdd,993,1323,True,S7-1500/ET 200MP Manual Collection,A5E51346591-AA,4058,设备特定信息 > 模拟量模块 > 模拟量输入模块 > 模拟量输入模块 AI 8xHART HF (6ES7531-7TF00-0AB0) > 4 连接 > 4.1 接线图和方框图,图 2-787,2 线制变送器的电路示意图和端子分配,unknown,unknown,6ES7531-7TF00-0AB0,wiring_or_terminal_page,real_manual_page,True,True,
ASSET_0490,safeplc_assist_box/frontend/assets/demo_evidence_150/parameters/page_04072.jpg,page_04072.jpg,210509,96a4c2dc8c866c5e809418f9ef6ff5bb9885f66a445dabe463d03b52d07a4174,993,1323,True,S7-1500/ET 200MP Manual Collection,A5E51346591-AA,4072,设备特定信息 > 模拟量模块 > 模拟量输入模块 > 模拟量输入模块 AI 8xHART HF (6ES7531-7TF00-0AB0) > 6 参数分配/寻址 > 6.2 参数,,,unknown,unknown,6ES7531-7TF00-0AB0,table_or_parameter_page,real_manual_page,True,True,
ASSET_0491,safeplc_assist_box/frontend/assets/demo_evidence_150/troubleshooting/page_04091.jpg,page_04091.jpg,246444,7cce0e10ef2f652d194198a7de5ab99d8feeceefccbffce0034bb1141f154b37,993,1323,True,S7-1500/ET 200MP Manual Collection,A5E51346591-AA,4091,设备特定信息 > 模拟量模块 > 模拟量输入模块 > 模拟量输入模块 AI 8xHART HF (6ES7531-7TF00-0AB0) > 7 中断/诊断报警 > 7.3 诊断报警,,,unknown,unknown,6ES7531-7TF00-0AB0,diagnostic_alarm_page,real_manual_page,True,True,
ASSET_0492,safeplc_assist_box/frontend/assets/demo_evidence_150/parameters/page_04095.jpg,page_04095.jpg,172997,b7cb09672383bfc4fa4c93183e35c33a4becd52bd807743c9e14e1c78b15dfc5,993,1323,True,S7-1500/ET 200MP Manual Collection,A5E51346591-AA,4095,设备特定信息 > 模拟量模块 > 模拟量输入模块 > 模拟量输入模块 AI 8xHART HF (6ES7531-7TF00-0AB0) > 8 技术规范 > 8.1 技术规范,,,unknown,unknown,6ES7531-7TF00-0AB0,table_or_parameter_page,real_manual_page,True,True,
ASSET_0493,safeplc_assist_box/frontend/assets/demo_evidence_150/parameters/page_04096.jpg,page_04096.jpg,196071,8dfd9bcaad3df541c9c35d6e417480b6c6f3a28606215437b82f400d369241af,993,1323,True,S7-1500/ET 200MP Manual Collection,A5E51346591-AA,4096,设备特定信息 > 模拟量模块 > 模拟量输入模块 > 模拟量输入模块 AI 8xHART HF (6ES7531-7TF00-0AB0) > 8 技术规范 > 8.1 技术规范,,,unknown,unknown,6ES7531-7TF00-0AB0,table_or_parameter_page,real_manual_page,True,True,
ASSET_0494,safeplc_assist_box/frontend/assets/demo_evidence_150/parameters/page_04128.jpg,page_04128.jpg,190442,50b32250ffe3e764cfceffe73e40b7c87c7c5c2551f4e90863f2c48e811b893b,993,1323,True,S7-1500/ET 200MP Manual Collection,A5E03484868-AE,4128,设备特定信息 > 模拟量模块 > 模拟量输入模块 > 模拟量输入模块 AI 8xU/I/RTD/TC ST (6ES7531-7KF00-0AB0) > 目录,,,unknown,unknown,6ES7531-7KF00-0AB0,table_or_parameter_page,real_manual_page,True,True,
ASSET_0495,safeplc_assist_box/frontend/assets/demo_evidence_150/parameters/page_04134.jpg,page_04134.jpg,175693,83126118faf6435823d9b1a706b7b33a1b4eaa14fb0c1fd3ec14d395384ae852,993,1323,True,S7-1500/ET 200MP Manual Collection,A5E03484868-AE,4134,设备特定信息 > 模拟量模块 > 模拟量输入模块 > 模拟量输入模块 AI 8xU/I/RTD/TC ST (6ES7531-7KF00-0AB0) > 2 产品总览 > 2.1 特性,,,unknown,unknown,6ES7531-7KF00-0AB0,table_or_parameter_page,real_manual_page,True,True,
ASSET_0496,safeplc_assist_box/frontend/assets/demo_evidence_150/parameters/page_04147.jpg,page_04147.jpg,247102,5efc4c9a3029c4767060dc36c95a380da4b2a0e4b68b08e4b278a4c8383d4e57,993,1323,True,S7-1500/ET 200MP Manual Collection,A5E03484868-AE,4147,设备特定信息 > 模拟量模块 > 模拟量输入模块 > 模拟量输入模块 AI 8xU/I/RTD/TC ST (6ES7531-7KF00-0AB0) > 4 参数/地址空间 > 4.2 参数,,,unknown,unknown,6ES7531-7KF00-0AB0,table_or_parameter_page,real_manual_page,True,True,
ASSET_0497,safeplc_assist_box/frontend/assets/demo_evidence_150/troubleshooting/page_04160.jpg,page_04160.jpg,228349,38b0f4e3bce2253cd6c14c851ddb7143d85d0862f0f34351d996ea607d7fe761,993,1323,True,S7-1500/ET 200MP Manual Collection,A5E03484868-AE,4160,设备特定信息 > 模拟量模块 > 模拟量输入模块 > 模拟量输入模块 AI 8xU/I/RTD/TC ST (6ES7531-7KF00-0AB0) > 5 中断/诊断报警 > 5.3 诊断报警,,,unknown,unknown,6ES7531-7KF00-0AB0,diagnostic_alarm_page,real_manual_page,True,True,
ASSET_0498,safeplc_assist_box/frontend/assets/demo_evidence_150/parameters/page_04162.jpg,page_04162.jpg,143673,9c5b15a4de2b898044c73a721931cda94591bedaa303acf9f57bb05ee9ef40f5,993,1323,True,S7-1500/ET 200MP Manual Collection,A5E03484868-AE,4162,设备特定信息 > 模拟量模块 > 模拟量输入模块 > 模拟量输入模块 AI 8xU/I/RTD/TC ST (6ES7531-7KF00-0AB0) > 6 技术规范,,,unknown,unknown,6ES7531-7KF00-0AB0,table_or_parameter_page,real_manual_page,True,True,
ASSET_0499,safeplc_assist_box/frontend/assets/demo_evidence_150/parameters/page_04167.jpg,page_04167.jpg,209541,c0c05294500e95c6ca0f75f6e4d2130a928f3586bc3c3d1f1bc8e8bd4a39470f,993,1323,True,S7-1500/ET 200MP Manual Collection,A5E03484868-AE,4167,设备特定信息 > 模拟量模块 > 模拟量输入模块 > 模拟量输入模块 AI 8xU/I/RTD/TC ST (6ES7531-7KF00-0AB0) > 6 技术规范,,,unknown,unknown,6ES7531-7KF00-0AB0,table_or_parameter_page,real_manual_page,True,True,
ASSET_0500,safeplc_assist_box/frontend/assets/demo_evidence_150/parameters/page_04172.jpg,page_04172.jpg,211193,df5fe0ee0d36d03cd95d7fb5a4286166e10208e9c330e59e601ae4994e498aaf,993,1323,True,S7-1500/ET 200MP Manual Collection,A5E03484868-AE,4172,设备特定信息 > 模拟量模块 > 模拟量输入模块 > 模拟量输入模块 AI 8xU/I/RTD/TC ST (6ES7531-7KF00-0AB0) > B 参数数据记录 > B.1 参数分配和参数数据记录的结构,,,unknown,unknown,6ES7531-7KF00-0AB0,table_or_parameter_page,real_manual_page,True,True,
ASSET_0501,safeplc_assist_box/frontend/assets/demo_evidence_150/parameters/page_04178.jpg,page_04178.jpg,151838,dcc516d1d467554aeabdc5785f1c7d4ff6174921029288e151231cbf1c0ea79b,993,1323,True,S7-1500/ET 200MP Manual Collection,A5E03484868-AE,4178,设备特定信息 > 模拟量模块 > 模拟量输入模块 > 模拟量输入模块 AI 8xU/I/RTD/TC ST (6ES7531-7KF00-0AB0) > B 参数数据记录 > B.1 参数分配和参数数据记录的结构,,,unknown,unknown,6ES7531-7KF00-0AB0,table_or_parameter_page,real_manual_page,True,True,
ASSET_0502,safeplc_assist_box/frontend/assets/demo_evidence_150/parameters/page_04180.jpg,page_04180.jpg,195064,fc687363faa67718291af049bc85ced7f43b8a663d30f22fef7817d6e9060e91,993,1323,True,S7-1500/ET 200MP Manual Collection,A5E03484868-AE,4180,设备特定信息 > 模拟量模块 > 模拟量输入模块 > 模拟量输入模块 AI 8xU/I/RTD/TC ST (6ES7531-7KF00-0AB0) > B 参数数据记录 > B.1 参数分配和参数数据记录的结构,,,unknown,unknown,6ES7531-7KF00-0AB0,table_or_parameter_page,real_manual_page,True,True,
ASSET_0503,safeplc_assist_box/frontend/assets/demo_evidence_150/parameters/page_04185.jpg,page_04185.jpg,186044,6c3fd15da99b721eb7c6baf12ba1c1d5e6e7613c97fe04746e0369d38b10ebcb,993,1323,True,S7-1500/ET 200MP Manual Collection,A5E03484868-AE,4185,设备特定信息 > 模拟量模块 > 模拟量输入模块 > 模拟量输入模块 AI 8xU/I/RTD/TC ST (6ES7531-7KF00-0AB0) > C 模拟值表示 > C.3 电流测量范围内模拟值的表示,,,unknown,unknown,6ES7531-7KF00-0AB0,table_or_parameter_page,real_manual_page,True,True,
ASSET_0504,safeplc_assist_box/frontend/assets/demo_evidence_150/module_layout/page_04192.jpg,page_04192.jpg,202513,9e60939fbdfa910405664a62bb4cde6f1f374ad5e2e84b91f09740ccd3c95e91,993,1323,True,S7-1500/ET 200MP Manual Collection,A5E03484890-AE,4192,设备特定信息 > 模拟量模块 > 模拟量输入模块 > 模拟量输入模块 AI 8xU/I HS (6ES7531-7NF10-0AB0) > 前言 > 安全信息,,,unknown,unknown,6ES7531-7NF10-0AB0,module_cpu_page,real_manual_page,True,True,
ASSET_0505,safeplc_assist_box/frontend/assets/demo_evidence_150/parameters/page_04194.jpg,page_04194.jpg,195089,93140838d5fff312c364c8a20ed589edaf518546ba2376c1b2c01fa9ced53423,993,1323,True,S7-1500/ET 200MP Manual Collection,A5E03484890-AE,4194,设备特定信息 > 模拟量模块 > 模拟量输入模块 > 模拟量输入模块 AI 8xU/I HS (6ES7531-7NF10-0AB0) > 目录,,,unknown,unknown,6ES7531-7NF10-0AB0,table_or_parameter_page,real_manual_page,True,True,
ASSET_0506,safeplc_assist_box/frontend/assets/demo_evidence_150/parameters/page_04199.jpg,page_04199.jpg,181017,0a928c30fe6b2eff46f5840fa03e996b9133b4704e1b394b0d1a811d7140f4a7,993,1323,True,S7-1500/ET 200MP Manual Collection,A5E03484890-AE,4199,设备特定信息 > 模拟量模块 > 模拟量输入模块 > 模拟量输入模块 AI 8xU/I HS (6ES7531-7NF10-0AB0) > 2 产品概述 > 2.1 特性,,,unknown,unknown,6ES7531-7NF10-0AB0,table_or_parameter_page,real_manual_page,True,True,
ASSET_0507,safeplc_assist_box/frontend/assets/demo_evidence_150/wiring_terminal/page_04202.jpg,page_04202.jpg,130027,5bf02335b560b5c025068db6e0bad0c83aa426a94504910e0cbe28c57cc0017e,993,1323,True,S7-1500/ET 200MP Manual Collection,A5E03484890-AE,4202,设备特定信息 > 模拟量模块 > 模拟量输入模块 > 模拟量输入模块 AI 8xU/I HS (6ES7531-7NF10-0AB0) > 3 接线,图 2-840,接线电源元件,unknown,unknown,6ES7531-7NF10-0AB0,wiring_or_terminal_page,real_manual_page,True,True,
ASSET_0508,safeplc_assist_box/frontend/assets/demo_evidence_150/parameters/page_04207.jpg,page_04207.jpg,190500,2572c70ccc8c9b67f8c0776f476712f78318a788962f320dd1ed0cc42b4f2cc6,993,1323,True,S7-1500/ET 200MP Manual Collection,A5E03484890-AE,4207,设备特定信息 > 模拟量模块 > 模拟量输入模块 > 模拟量输入模块 AI 8xU/I HS (6ES7531-7NF10-0AB0) > 4 参数/地址空间 > 4.2 参数,,,unknown,unknown,6ES7531-7NF10-0AB0,table_or_parameter_page,real_manual_page,True,True,
ASSET_0509,safeplc_assist_box/frontend/assets/demo_evidence_150/troubleshooting/page_04219.jpg,page_04219.jpg,241960,cb46b94027c42b86d74d7eed26eebe0a93288abd7577ca2af05e556a694457de,993,1323,True,S7-1500/ET 200MP Manual Collection,A5E03484890-AE,4219,设备特定信息 > 模拟量模块 > 模拟量输入模块 > 模拟量输入模块 AI 8xU/I HS (6ES7531-7NF10-0AB0) > 5 中断/诊断报警 > 5.3 诊断报警,,,unknown,unknown,6ES7531-7NF10-0AB0,diagnostic_alarm_page,real_manual_page,True,True,
ASSET_0510,safeplc_assist_box/frontend/assets/demo_evidence_150/parameters/page_04221.jpg,page_04221.jpg,138506,1ec6e42d65a013f9426c334c9af42f650af311c6a9751c23cff136224c568638,993,1323,True,S7-1500/ET 200MP Manual Collection,A5E03484890-AE,4221,设备特定信息 > 模拟量模块 > 模拟量输入模块 > 模拟量输入模块 AI 8xU/I HS (6ES7531-7NF10-0AB0) > 6 技术规范,,,unknown,unknown,6ES7531-7NF10-0AB0,table_or_parameter_page,real_manual_page,True,True,
ASSET_0511,safeplc_assist_box/frontend/assets/demo_evidence_150/parameters/page_04224.jpg,page_04224.jpg,169692,f7869edda57c92f1fc3d1e49d925a1f160664bac318f7bda800aec16d273f4d9,993,1323,True,S7-1500/ET 200MP Manual Collection,A5E03484890-AE,4224,设备特定信息 > 模拟量模块 > 模拟量输入模块 > 模拟量输入模块 AI 8xU/I HS (6ES7531-7NF10-0AB0) > 6 技术规范,,,unknown,unknown,6ES7531-7NF10-0AB0,table_or_parameter_page,real_manual_page,True,True,
ASSET_0512,safeplc_assist_box/frontend/assets/demo_evidence_150/parameters/page_04233.jpg,page_04233.jpg,157166,1533ea5a7182e678f7567c1835221ee1fc353d803c71653493fb9b775d4c24a0,993,1323,True,S7-1500/ET 200MP Manual Collection,A5E03484890-AE,4233,设备特定信息 > 模拟量模块 > 模拟量输入模块 > 模拟量输入模块 AI 8xU/I HS (6ES7531-7NF10-0AB0) > B 参数数据记录 > B.1 参数分配和参数数据记录的结构,,,unknown,unknown,6ES7531-7NF10-0AB0,table_or_parameter_page,real_manual_page,True,True,
ASSET_0513,safeplc_assist_box/frontend/assets/demo_evidence_150/parameters/page_04241.jpg,page_04241.jpg,217469,77c5e07bb048703a25b14793611a037a7eb4bc6dde17f38a3548797d7717d161,993,1323,True,S7-1500/ET 200MP Manual Collection,A5E36649220-AB,4241,设备特定信息 > 模拟量模块 > 模拟量输入模块 > 模拟量输入模块 AI 8xU/I HF (6ES7531-7NF00-0AB0) > 目录,,,unknown,unknown,6ES7531-7NF00-0AB0,table_or_parameter_page,real_manual_page,True,True,
ASSET_0514,safeplc_assist_box/frontend/assets/demo_evidence_150/parameters/page_04247.jpg,page_04247.jpg,179295,e970a11e0129c63914dfc97d911bc59318c0c8f0f15007ce8fc961daeadfa451,993,1323,True,S7-1500/ET 200MP Manual Collection,A5E36649220-AB,4247,设备特定信息 > 模拟量模块 > 模拟量输入模块 > 模拟量输入模块 AI 8xU/I HF (6ES7531-7NF00-0AB0) > 2 产品概述 > 2.2 功能 > 2.2.1 测量范围调整,,,unknown,unknown,6ES7531-7NF00-0AB0,table_or_parameter_page,real_manual_page,True,True,
ASSET_0515,safeplc_assist_box/frontend/assets/demo_evidence_150/wiring_terminal/page_04254.jpg,page_04254.jpg,113948,88515127823564e3794e76d3f037cdd94f0c9bb27370274f2775857471445ef3,993,1323,True,S7-1500/ET 200MP Manual Collection,A5E36649220-AB,4254,设备特定信息 > 模拟量模块 > 模拟量输入模块 > 模拟量输入模块 AI 8xU/I HF (6ES7531-7NF00-0AB0) > 3 接线,图 2-861,接线电源元件,unknown,unknown,6ES7531-7NF00-0AB0,wiring_or_terminal_page,real_manual_page,True,True,
ASSET_0516,safeplc_assist_box/frontend/assets/demo_evidence_150/wiring_terminal/page_04256.jpg,page_04256.jpg,165411,c8837c922a0e0886e849e4d5faa7944ae7560f0fbabff87b89a995639dc95f86,993,1323,True,S7-1500/ET 200MP Manual Collection,A5E36649220-AB,4256,设备特定信息 > 模拟量模块 > 模拟量输入模块 > 模拟量输入模块 AI 8xU/I HF (6ES7531-7NF00-0AB0) > 3 接线,图 2-863,用于电流测量的 4 线制变送器的方框图和端子分配,unknown,unknown,6ES7531-7NF00-0AB0,wiring_or_terminal_page,real_manual_page,True,True,
ASSET_0517,safeplc_assist_box/frontend/assets/demo_evidence_150/wiring_terminal/page_04257.jpg,page_04257.jpg,155299,a2c294895b089854817fea1fb6ea2b405c4a24be3968ba5049d59296ba14fd44,993,1323,True,S7-1500/ET 200MP Manual Collection,A5E36649220-AB,4257,设备特定信息 > 模拟量模块 > 模拟量输入模块 > 模拟量输入模块 AI 8xU/I HF (6ES7531-7NF00-0AB0) > 3 接线,图 2-864,用于电流测量的 2 线制变送器的方框图和端子分配,unknown,unknown,6ES7531-7NF00-0AB0,wiring_or_terminal_page,real_manual_page,True,True,
ASSET_0518,safeplc_assist_box/frontend/assets/demo_evidence_150/parameters/page_04259.jpg,page_04259.jpg,172515,213080b980ef1ddaad6bf90288d914ac78291684d19bf32545c27a1a6cac52d7,993,1323,True,S7-1500/ET 200MP Manual Collection,A5E36649220-AB,4259,设备特定信息 > 模拟量模块 > 模拟量输入模块 > 模拟量输入模块 AI 8xU/I HF (6ES7531-7NF00-0AB0) > 4 参数/地址空间 > 4.2 参数,,,unknown,unknown,6ES7531-7NF00-0AB0,table_or_parameter_page,real_manual_page,True,True,
ASSET_0519,safeplc_assist_box/frontend/assets/demo_evidence_150/troubleshooting/page_04272.jpg,page_04272.jpg,241928,3a4f060f9ae130ce9b25d37040eca692b8166197cbdd14a17316b2228f9ed95f,993,1323,True,S7-1500/ET 200MP Manual Collection,A5E36649220-AB,4272,设备特定信息 > 模拟量模块 > 模拟量输入模块 > 模拟量输入模块 AI 8xU/I HF (6ES7531-7NF00-0AB0) > 5 中断/诊断报警 > 5.3 诊断报警,,,unknown,unknown,6ES7531-7NF00-0AB0,diagnostic_alarm_page,real_manual_page,True,True,
ASSET_0520,safeplc_assist_box/frontend/assets/demo_evidence_150/parameters/page_04275.jpg,page_04275.jpg,206958,f9d0ff943968fa6be0d0758bc1ff9cef8318bd9bb1c3fcb85a2b4b564f52820f,993,1323,True,S7-1500/ET 200MP Manual Collection,A5E36649220-AB,4275,设备特定信息 > 模拟量模块 > 模拟量输入模块 > 模拟量输入模块 AI 8xU/I HF (6ES7531-7NF00-0AB0) > 6 技术规范,,,unknown,unknown,6ES7531-7NF00-0AB0,table_or_parameter_page,real_manual_page,True,True,
ASSET_0521,safeplc_assist_box/frontend/assets/demo_evidence_150/parameters/page_04288.jpg,page_04288.jpg,176763,bfe2f64badde05a3589e9bfd51a1b4d0ee3aa7ade69c82ae409b7303f3526bcf,993,1323,True,S7-1500/ET 200MP Manual Collection,A5E36649220-AB,4288,设备特定信息 > 模拟量模块 > 模拟量输入模块 > 模拟量输入模块 AI 8xU/I HF (6ES7531-7NF00-0AB0) > B 参数数据记录 > B.4 测量类型代码/测量范围和硬件中断限制,,,unknown,unknown,6ES7531-7NF00-0AB0,table_or_parameter_page,real_manual_page,True,True,
ASSET_0522,safeplc_assist_box/frontend/assets/demo_evidence_150/wiring_terminal/page_04308.jpg,page_04308.jpg,151418,5ae6b13ac431cf23e78e8b795bcbd96b01b6b88bea3c169173770f07633cee0c,993,1323,True,S7-1500/ET 200MP Manual Collection,A5E36648127-AB,4308,设备特定信息 > 模拟量模块 > 模拟量输入模块 > 模拟量输入模块 AI 8xU/R/RTD/TC HF (6ES7531-7PF00-0AB0) > 3 接线,图 2-886,接线电源元件,unknown,unknown,6ES7531-7PF00-0AB0,wiring_or_terminal_page,real_manual_page,True,True,
ASSET_0523,safeplc_assist_box/frontend/assets/demo_evidence_150/troubleshooting/page_04331.jpg,page_04331.jpg,254967,7139901416dc76bfe70b76a7b6e0edcca3b35b85a3b1298a4a01b71d6e3738e5,993,1323,True,S7-1500/ET 200MP Manual Collection,A5E36648127-AB,4331,设备特定信息 > 模拟量模块 > 模拟量输入模块 > 模拟量输入模块 AI 8xU/R/RTD/TC HF (6ES7531-7PF00-0AB0) > 5 中断/诊断报警 > 5.3 诊断报警,,,unknown,unknown,6ES7531-7PF00-0AB0,diagnostic_alarm_page,real_manual_page,True,True,
ASSET_0524,safeplc_assist_box/frontend/assets/demo_evidence_150/parameters/page_04349.jpg,page_04349.jpg,206477,322ab5607c0baa96826e4fd0ad9075a8c6aa4b611c65118597187fa978dabf2f,993,1323,True,S7-1500/ET 200MP Manual Collection,A5E36648127-AB,4349,设备特定信息 > 模拟量模块 > 模拟量输入模块 > 模拟量输入模块 AI 8xU/R/RTD/TC HF (6ES7531-7PF00-0AB0) > B 参数数据记录 > B.1 参数分配和参数数据记录的结构,,,unknown,unknown,6ES7531-7PF00-0AB0,table_or_parameter_page,real_manual_page,True,True,
ASSET_0525,safeplc_assist_box/frontend/assets/demo_evidence_150/module_layout/page_04368.jpg,page_04368.jpg,208379,cd6adcce199740d002a0d7380de10475ad66beb87a903edba8cbb7ebe3db2706,993,1323,True,S7-1500/ET 200MP Manual Collection,A5E44792398-AA,4368,设备特定信息 > 模拟量模块 > 模拟量输入模块 > 模拟量输入模块 AI 8xU/I/R/RTD BA (6ES7531-7QF00-0AB0) > 前言 > 安全信息,,,unknown,unknown,6ES7531-7QF00-0AB0,module_cpu_page,real_manual_page,True,True,
ASSET_0526,safeplc_assist_box/frontend/assets/demo_evidence_150/parameters/page_04370.jpg,page_04370.jpg,185852,413e739cd95e305109bf04b86cfd81e0292290bec150a7cdbf78720c51f8be95,993,1323,True,S7-1500/ET 200MP Manual Collection,A5E44792398-AA,4370,设备特定信息 > 模拟量模块 > 模拟量输入模块 > 模拟量输入模块 AI 8xU/I/R/RTD BA (6ES7531-7QF00-0AB0) > 目录,,,unknown,unknown,6ES7531-7QF00-0AB0,table_or_parameter_page,real_manual_page,True,True,
ASSET_0527,safeplc_assist_box/frontend/assets/demo_evidence_150/troubleshooting/page_04397.jpg,page_04397.jpg,226619,5f8d8f4be397b6fd968afd4e8a1298e905392452d7532941f9f8ec154adccdf7,993,1323,True,S7-1500/ET 200MP Manual Collection,A5E44792398-AA,4397,设备特定信息 > 模拟量模块 > 模拟量输入模块 > 模拟量输入模块 AI 8xU/I/R/RTD BA (6ES7531-7QF00-0AB0) > 5 中断/诊断报警 > 5.3 诊断报警,,,unknown,unknown,6ES7531-7QF00-0AB0,diagnostic_alarm_page,real_manual_page,True,True,
ASSET_0528,safeplc_assist_box/frontend/assets/demo_evidence_150/parameters/page_04402.jpg,page_04402.jpg,182177,f9fa06d1f274816ce9c826425be409e9d3d42ffaace37b29205238a87bc64b8a,993,1323,True,S7-1500/ET 200MP Manual Collection,A5E44792398-AA,4402,设备特定信息 > 模拟量模块 > 模拟量输入模块 > 模拟量输入模块 AI 8xU/I/R/RTD BA (6ES7531-7QF00-0AB0) > 6 技术规范,,,unknown,unknown,6ES7531-7QF00-0AB0,table_or_parameter_page,real_manual_page,True,True,
ASSET_0529,safeplc_assist_box/frontend/assets/demo_evidence_150/parameters/page_04411.jpg,page_04411.jpg,158340,61965119858baecce3ea1afca4b36f87e7abd0973201df35bb196e75c88029c2,993,1323,True,S7-1500/ET 200MP Manual Collection,A5E44792398-AA,4411,设备特定信息 > 模拟量模块 > 模拟量输入模块 > 模拟量输入模块 AI 8xU/I/R/RTD BA (6ES7531-7QF00-0AB0) > B 参数数据记录 > B.1 参数分配和参数数据记录的结构,,,unknown,unknown,6ES7531-7QF00-0AB0,table_or_parameter_page,real_manual_page,True,True,
ASSET_0530,safeplc_assist_box/frontend/assets/demo_evidence_150/module_layout/page_04420.jpg,page_04420.jpg,211170,0a24b62d11c85cb166baf6e34df7e491b8a30f46c2006a30467c49cbab3868de,993,1323,True,S7-1500/ET 200MP Manual Collection,A5E47052922-AA,4420,设备特定信息 > 模拟量模块 > 模拟量输入模块 > 模拟量输入模块 AI 16xI BA (6ES7531-7MH00-0AB0) > 前言 > 安全性信息,,,unknown,unknown,6ES7531-7MH00-0AB0,module_cpu_page,real_manual_page,True,True,
ASSET_0531,safeplc_assist_box/frontend/assets/demo_evidence_150/troubleshooting/page_04442.jpg,page_04442.jpg,225690,80154833ef25bad907e2fa1eaaf069c47b1de5c6ada294606c984631aa05591d,993,1323,True,S7-1500/ET 200MP Manual Collection,A5E47052922-AA,4442,设备特定信息 > 模拟量模块 > 模拟量输入模块 > 模拟量输入模块 AI 16xI BA (6ES7531-7MH00-0AB0) > 5 中断/诊断报警 > 5.3 诊断报警,,,unknown,unknown,6ES7531-7MH00-0AB0,diagnostic_alarm_page,real_manual_page,True,True,
ASSET_0532,safeplc_assist_box/frontend/assets/demo_evidence_150/parameters/page_04444.jpg,page_04444.jpg,162833,5ff333b0ce4b6f7b4168dad5e2e60eb674d86cdfe14dd0c2e37dc7bd23edb174,993,1323,True,S7-1500/ET 200MP Manual Collection,A5E47052922-AA,4444,设备特定信息 > 模拟量模块 > 模拟量输入模块 > 模拟量输入模块 AI 16xI BA (6ES7531-7MH00-0AB0) > 6 技术规范,,,unknown,unknown,6ES7531-7MH00-0AB0,table_or_parameter_page,real_manual_page,True,True,
ASSET_0533,safeplc_assist_box/frontend/assets/demo_evidence_150/module_layout/page_04457.jpg,page_04457.jpg,211264,865c8a41fbf32eaf523f2ce179a9958d41426213c2124d8f246459c631c41505,993,1323,True,S7-1500/ET 200MP Manual Collection,A5E47052757-AA,4457,设备特定信息 > 模拟量模块 > 模拟量输入模块 > 模拟量输入模块 AI 16xU BA (6ES7531-7LH00-0AB0) > 前言 > 安全性信息,,,unknown,unknown,6ES7531-7LH00-0AB0,module_cpu_page,real_manual_page,True,True,
ASSET_0534,safeplc_assist_box/frontend/assets/demo_evidence_150/troubleshooting/page_04478.jpg,page_04478.jpg,226174,dbbaa7b503a71189a83d5b11151b318a0c7e4735d6ee0801ced57435571b238d,993,1323,True,S7-1500/ET 200MP Manual Collection,A5E47052757-AA,4478,设备特定信息 > 模拟量模块 > 模拟量输入模块 > 模拟量输入模块 AI 16xU BA (6ES7531-7LH00-0AB0) > 5 中断/诊断报警 > 5.3 诊断报警,,,unknown,unknown,6ES7531-7LH00-0AB0,diagnostic_alarm_page,real_manual_page,True,True,
ASSET_0535,safeplc_assist_box/frontend/assets/demo_evidence_150/module_layout/page_04495.jpg,page_04495.jpg,173057,aa11205b8000f358d90ead89a7d3065e4e3d9dd8ecbaceb35f2289bb4de21415,993,1323,True,S7-1500/ET 200MP Manual Collection,A5E53553300-AA,4495,设备特定信息 > 模拟量模块 > 模拟量输入模块 > 模拟量输入模块 AI 24xCVM HF (6ES7531-7LK00-0AB0) > 1 简介 > 1.1 S7-1500/ET 200MP 文档指南 > 1.1.1 信息类 S7-1500/ET 200MP,,,ET 200MP,ET 200MP,6ES7531-7LK00-0AB0,module_cpu_page,real_manual_page,True,True,
ASSET_0536,safeplc_assist_box/frontend/assets/demo_evidence_150/module_layout/page_04496.jpg,page_04496.jpg,163082,143b0d9de18b18fc891d16e467ca900c4ac020874a12791fd38fa14dfdbe2237,993,1323,True,S7-1500/ET 200MP Manual Collection,A5E53553300-AA,4496,设备特定信息 > 模拟量模块 > 模拟量输入模块 > 模拟量输入模块 AI 24xCVM HF (6ES7531-7LK00-0AB0) > 1 简介 > 1.1 S7-1500/ET 200MP 文档指南 > 1.1.1 信息类 S7-1500/ET 200MP,,,ET 200MP,ET 200MP,6ES7531-7LK00-0AB0,module_cpu_page,real_manual_page,True,True,
ASSET_0537,safeplc_assist_box/frontend/assets/demo_evidence_150/topology/page_04498.jpg,page_04498.jpg,284390,99d7ea54a185158ffe44516e7e9363b112df7afa350be53f7947641dab44eab8,993,1323,True,S7-1500/ET 200MP Manual Collection,A5E53553300-AA,4498,设备特定信息 > 模拟量模块 > 模拟量输入模块 > 模拟量输入模块 AI 24xCVM HF (6ES7531-7LK00-0AB0) > 1 简介 > 1.1 S7-1500/ET 200MP 文档指南 > 1.1.2 基本工具,,,ET 200MP,ET 200MP,6ES7531-7LK00-0AB0,network_topology_page,real_manual_page,True,True,
ASSET_0538,safeplc_assist_box/frontend/assets/demo_evidence_150/wiring_terminal/page_04506.jpg,page_04506.jpg,207090,7ffcd04f51b1c1e46b4bc03a5a278748541f8ab16228ab7ab69ff528ed82f3cd,993,1323,True,S7-1500/ET 200MP Manual Collection,A5E53553300-AA,4506,设备特定信息 > 模拟量模块 > 模拟量输入模块 > 模拟量输入模块 AI 24xCVM HF (6ES7531-7LK00-0AB0) > 4 连接 > 4.1 接线图和方框图,图 2-956,用于具有 24 个通道的单元电压测量的电路示意图和连接器引脚分配,unknown,unknown,6ES7531-7LK00-0AB0,wiring_or_terminal_page,real_manual_page,True,True,
ASSET_0539,safeplc_assist_box/frontend/assets/demo_evidence_150/troubleshooting/page_04523.jpg,page_04523.jpg,167693,f0500b5da454c1724ba2fbb51c46fa3f5a2e89e9335f462efa380efaa72fc984,993,1323,True,S7-1500/ET 200MP Manual Collection,A5E53553300-AA,4523,设备特定信息 > 模拟量模块 > 模拟量输入模块 > 模拟量输入模块 AI 24xCVM HF (6ES7531-7LK00-0AB0) > 6 中断/诊断报警 > 6.3 诊断报警,,,unknown,unknown,6ES7531-7LK00-0AB0,diagnostic_alarm_page,real_manual_page,True,True,
ASSET_0540,safeplc_assist_box/frontend/assets/demo_evidence_150/module_layout/page_04541.jpg,page_04541.jpg,146746,694e5cb16f286060e445d51c6ed6fe9b5c4bada7ac9fd907c2e9848162388d03,993,1323,True,S7-1500/ET 200MP Manual Collection,A5E32366811-AD,4541,设备特定信息 > 模拟量模块 > 模拟量输出模块 > 模拟量输出模块 AQ 2xU/I ST (6ES7532-5NB00-0AB0) > 1 简介 > 1.1 S7-1500/ET 200MP 文档指南 > 1.1.1 S7-1500/ET 200MP 文档指南,,,ET 200MP,ET 200MP,6ES7532-5NB00-0AB0,module_cpu_page,real_manual_page,True,True,
ASSET_0541,safeplc_assist_box/frontend/assets/demo_evidence_150/wiring_terminal/page_04550.jpg,page_04550.jpg,109528,529d270bb41a3b646251759fbbcfed8938b8768f20cf3153431c7acf06e1523b,993,1323,True,S7-1500/ET 200MP Manual Collection,A5E32366811-AD,4550,设备特定信息 > 模拟量模块 > 模拟量输出模块 > 模拟量输出模块 AQ 2xU/I ST (6ES7532-5NB00-0AB0) > 4 接线 > 4.1 接线图和方框图,图 2-974,接线电源元件,unknown,unknown,6ES7532-5NB00-0AB0,wiring_or_terminal_page,real_manual_page,True,True,
ASSET_0542,safeplc_assist_box/frontend/assets/demo_evidence_150/parameters/page_04554.jpg,page_04554.jpg,209879,33790178eae60669f44825fadd88db5a8812e55aa529e150ac1f2b012a02b837,993,1323,True,S7-1500/ET 200MP Manual Collection,A5E32366811-AD,4554,设备特定信息 > 模拟量模块 > 模拟量输出模块 > 模拟量输出模块 AQ 2xU/I ST (6ES7532-5NB00-0AB0) > 5 参数/地址空间 > 5.2 参数,,,unknown,unknown,6ES7532-5NB00-0AB0,table_or_parameter_page,real_manual_page,True,True,
ASSET_0543,safeplc_assist_box/frontend/assets/demo_evidence_150/troubleshooting/page_04562.jpg,page_04562.jpg,172569,16dc2122a2a62b8ef4e41e821eedf6f74d593132eb6b2a1df970d60c8a48b631,993,1323,True,S7-1500/ET 200MP Manual Collection,A5E32366811-AD,4562,设备特定信息 > 模拟量模块 > 模拟量输出模块 > 模拟量输出模块 AQ 2xU/I ST (6ES7532-5NB00-0AB0) > 6 中断/诊断报警 > 6.3 诊断报警,,,unknown,unknown,6ES7532-5NB00-0AB0,diagnostic_alarm_page,real_manual_page,True,True,
ASSET_0544,safeplc_assist_box/frontend/assets/demo_evidence_150/parameters/page_04564.jpg,page_04564.jpg,128615,9a2dead248feb88c8834b81cac47a4a736d5cbc2690b01f9796480ee6102bbef,993,1323,True,S7-1500/ET 200MP Manual Collection,A5E32366811-AD,4564,设备特定信息 > 模拟量模块 > 模拟量输出模块 > 模拟量输出模块 AQ 2xU/I ST (6ES7532-5NB00-0AB0) > 7 技术数据,,,unknown,unknown,6ES7532-5NB00-0AB0,table_or_parameter_page,real_manual_page,True,True,
ASSET_0545,safeplc_assist_box/frontend/assets/demo_evidence_150/parameters/page_04576.jpg,page_04576.jpg,183892,1865adbd00da308b3bacc047611d8290346fa6c01086834dbb7ded29ddbb679b,993,1323,True,S7-1500/ET 200MP Manual Collection,A5E32366811-AD,4576,设备特定信息 > 模拟量模块 > 模拟量输出模块 > 模拟量输出模块 AQ 2xU/I ST (6ES7532-5NB00-0AB0) > C 模拟值表示 > C.3 电流输出范围内的模拟值表示,,,unknown,unknown,6ES7532-5NB00-0AB0,table_or_parameter_page,real_manual_page,True,True,
ASSET_0546,safeplc_assist_box/frontend/assets/demo_evidence_150/parameters/page_04581.jpg,page_04581.jpg,166965,6960564d3cd627f6e87f2803e49ff0422e5ab5ee273c16dfd09faee5cfc1dd52,993,1323,True,S7-1500/ET 200MP Manual Collection,A5E36633417-AB,4581,设备特定信息 > 模拟量模块 > 模拟量输出模块 > 模拟量输出模块 AQ 4xU/I HF (6ES7532-5ND00-0AB0) > 目录,,,unknown,unknown,6ES7532-5ND00-0AB0,table_or_parameter_page,real_manual_page,True,True,
ASSET_0547,safeplc_assist_box/frontend/assets/demo_evidence_150/wiring_terminal/page_04588.jpg,page_04588.jpg,120375,a7e040c0a52aea281277d01052ce504eb319e9db5d4a8335588811e4c49d93e3,993,1323,True,S7-1500/ET 200MP Manual Collection,A5E36633417-AB,4588,设备特定信息 > 模拟量模块 > 模拟量输出模块 > 模拟量输出模块 AQ 4xU/I HF (6ES7532-5ND00-0AB0) > 3 接线,图 2-986,接线电源元件,unknown,unknown,6ES7532-5ND00-0AB0,wiring_or_terminal_page,real_manual_page,True,True,
ASSET_0548,safeplc_assist_box/frontend/assets/demo_evidence_150/troubleshooting/page_04601.jpg,page_04601.jpg,193405,36681a2c09c268fefcffaffeb22ebb6e6995b8f975cd148be8e42e2d82eb7727,993,1323,True,S7-1500/ET 200MP Manual Collection,A5E36633417-AB,4601,设备特定信息 > 模拟量模块 > 模拟量输出模块 > 模拟量输出模块 AQ 4xU/I HF (6ES7532-5ND00-0AB0) > 5 中断/诊断报警 > 5.3 诊断报警,,,unknown,unknown,6ES7532-5ND00-0AB0,diagnostic_alarm_page,real_manual_page,True,True,
ASSET_0549,safeplc_assist_box/frontend/assets/demo_evidence_150/parameters/page_04603.jpg,page_04603.jpg,209313,b40599cb6a296e344b9de49e4a8a594bf840c767234f5a909bc630e7a63e482f,993,1323,True,S7-1500/ET 200MP Manual Collection,A5E36633417-AB,4603,设备特定信息 > 模拟量模块 > 模拟量输出模块 > 模拟量输出模块 AQ 4xU/I HF (6ES7532-5ND00-0AB0) > 6 技术规范,,,unknown,unknown,6ES7532-5ND00-0AB0,table_or_parameter_page,real_manual_page,True,True,
ASSET_0550,safeplc_assist_box/frontend/assets/demo_evidence_150/parameters/page_04615.jpg,page_04615.jpg,186157,43c68e2939dc58523af59010b76b2663e3cf2525f395b8b68143828349f168de,993,1323,True,S7-1500/ET 200MP Manual Collection,A5E36633417-AB,4615,设备特定信息 > 模拟量模块 > 模拟量输出模块 > 模拟量输出模块 AQ 4xU/I HF (6ES7532-5ND00-0AB0) > C 模拟值表示 > C.3 电流输出范围内的模拟值表示,,,unknown,unknown,6ES7532-5ND00-0AB0,table_or_parameter_page,real_manual_page,True,True,
ASSET_0551,safeplc_assist_box/frontend/assets/demo_evidence_150/parameters/page_04620.jpg,page_04620.jpg,167107,2884281ec00b282b882bb4d8e9fd552960fe3f1caa3607f43533ecb0e8b8bc73,993,1323,True,S7-1500/ET 200MP Manual Collection,A5E03484701-AE,4620,设备特定信息 > 模拟量模块 > 模拟量输出模块 > 模拟量输出模块 AQ 4xU/I ST (6ES7532-5HD00-0AB0) > 目录,,,unknown,unknown,6ES7532-5HD00-0AB0,table_or_parameter_page,real_manual_page,True,True,
ASSET_0552,safeplc_assist_box/frontend/assets/demo_evidence_150/parameters/page_04626.jpg,page_04626.jpg,179606,a7bee0e1db53f04143a7972f7bbd710c1783f0e0f13b09f559c2f0a79053150d,993,1323,True,S7-1500/ET 200MP Manual Collection,A5E03484701-AE,4626,设备特定信息 > 模拟量模块 > 模拟量输出模块 > 模拟量输出模块 AQ 4xU/I ST (6ES7532-5HD00-0AB0) > 2 产品总览 > 2.1 特性,,,unknown,unknown,6ES7532-5HD00-0AB0,table_or_parameter_page,real_manual_page,True,True,
ASSET_0553,safeplc_assist_box/frontend/assets/demo_evidence_150/wiring_terminal/page_04628.jpg,page_04628.jpg,120362,8f4e38049109086d8c76660a78a78c7b1e55d2f21bf8a39c4be3d01bbcb14cef,993,1323,True,S7-1500/ET 200MP Manual Collection,A5E03484701-AE,4628,设备特定信息 > 模拟量模块 > 模拟量输出模块 > 模拟量输出模块 AQ 4xU/I ST (6ES7532-5HD00-0AB0) > 3 接线,图 2-1000,接线电源元件,unknown,unknown,6ES7532-5HD00-0AB0,wiring_or_terminal_page,real_manual_page,True,True,
ASSET_0554,safeplc_assist_box/frontend/assets/demo_evidence_150/parameters/page_04632.jpg,page_04632.jpg,204293,5f6ec23e53c03c5a7b7bf637edd0fd8fcc9b175b7d819df2b1b791f94ebd472c,993,1323,True,S7-1500/ET 200MP Manual Collection,A5E03484701-AE,4632,设备特定信息 > 模拟量模块 > 模拟量输出模块 > 模拟量输出模块 AQ 4xU/I ST (6ES7532-5HD00-0AB0) > 4 参数/地址空间 > 4.2 参数,,,unknown,unknown,6ES7532-5HD00-0AB0,table_or_parameter_page,real_manual_page,True,True,
ASSET_0555,safeplc_assist_box/frontend/assets/demo_evidence_150/troubleshooting/page_04641.jpg,page_04641.jpg,193070,a2057f1990ada32e80432a7387b29aa9ce51c89a948a4529f0279644b5c5140f,993,1323,True,S7-1500/ET 200MP Manual Collection,A5E03484701-AE,4641,设备特定信息 > 模拟量模块 > 模拟量输出模块 > 模拟量输出模块 AQ 4xU/I ST (6ES7532-5HD00-0AB0) > 5 中断/诊断报警 > 5.3 诊断报警,,,unknown,unknown,6ES7532-5HD00-0AB0,diagnostic_alarm_page,real_manual_page,True,True,
ASSET_0556,safeplc_assist_box/frontend/assets/demo_evidence_150/parameters/page_04642.jpg,page_04642.jpg,148063,f8287906b8bc1efb8b7671718b9bb67e211899356216fef535cae010a8952ea1,993,1323,True,S7-1500/ET 200MP Manual Collection,A5E03484701-AE,4642,设备特定信息 > 模拟量模块 > 模拟量输出模块 > 模拟量输出模块 AQ 4xU/I ST (6ES7532-5HD00-0AB0) > 6 技术规范,,,unknown,unknown,6ES7532-5HD00-0AB0,table_or_parameter_page,real_manual_page,True,True,
ASSET_0557,safeplc_assist_box/frontend/assets/demo_evidence_150/parameters/page_04654.jpg,page_04654.jpg,186072,b20278c6afe535a583b17d3dcc618af288b4003a0dbe6813877863b46d48e185,993,1323,True,S7-1500/ET 200MP Manual Collection,A5E03484701-AE,4654,设备特定信息 > 模拟量模块 > 模拟量输出模块 > 模拟量输出模块 AQ 4xU/I ST (6ES7532-5HD00-0AB0) > C 模拟值表示 > C.3 电流输出范围内的模拟值表示,,,unknown,unknown,6ES7532-5HD00-0AB0,table_or_parameter_page,real_manual_page,True,True,
ASSET_0558,safeplc_assist_box/frontend/assets/demo_evidence_150/module_layout/page_04659.jpg,page_04659.jpg,183021,b0c2062be4e8a0fa34d491b8c06d457c3a4720b99a8ddd5ce202fb0e91a11f12,993,1323,True,S7-1500/ET 200MP Manual Collection,A5E51484328-AA,4659,设备特定信息 > 模拟量模块 > 模拟量输出模块 > 模拟量输出模块 AQ 8xHART HF (6ES7532-8TF00-0AB0) > 1 简介 > 1.1 S7-1500/ET 200MP 文档指南 > 1.1.1 信息类 S7-1500/ET 200MP,,,ET 200MP,ET 200MP,6ES7532-8TF00-0AB0,module_cpu_page,real_manual_page,True,True,
ASSET_0559,safeplc_assist_box/frontend/assets/demo_evidence_150/module_layout/page_04660.jpg,page_04660.jpg,163144,a860468e7cab3faa3b0b9d4dd2faed2c251e67b473311c7957b829861766c9ea,993,1323,True,S7-1500/ET 200MP Manual Collection,A5E51484328-AA,4660,设备特定信息 > 模拟量模块 > 模拟量输出模块 > 模拟量输出模块 AQ 8xHART HF (6ES7532-8TF00-0AB0) > 1 简介 > 1.1 S7-1500/ET 200MP 文档指南 > 1.1.1 信息类 S7-1500/ET 200MP,,,ET 200MP,ET 200MP,6ES7532-8TF00-0AB0,module_cpu_page,real_manual_page,True,True,
ASSET_0560,safeplc_assist_box/frontend/assets/demo_evidence_150/topology/page_04662.jpg,page_04662.jpg,284473,53d02ce415a0c118cd921a4e91edb4713a7725542148af8e185ca5a38f4fe61f,993,1323,True,S7-1500/ET 200MP Manual Collection,A5E51484328-AA,4662,设备特定信息 > 模拟量模块 > 模拟量输出模块 > 模拟量输出模块 AQ 8xHART HF (6ES7532-8TF00-0AB0) > 1 简介 > 1.1 S7-1500/ET 200MP 文档指南 > 1.1.2 基本工具,,,ET 200MP,ET 200MP,6ES7532-8TF00-0AB0,network_topology_page,real_manual_page,True,True,
ASSET_0561,safeplc_assist_box/frontend/assets/demo_evidence_150/wiring_terminal/page_04669.jpg,page_04669.jpg,123500,d3a973f643350488287ecddc1509a198c279d113c733efad7b053e4fc1a03cff,993,1323,True,S7-1500/ET 200MP Manual Collection,A5E51484328-AA,4669,设备特定信息 > 模拟量模块 > 模拟量输出模块 > 模拟量输出模块 AQ 8xHART HF (6ES7532-8TF00-0AB0) > 4 连接 > 4.1 接线图和方框图,图 2-1012,接线电源元件,unknown,unknown,6ES7532-8TF00-0AB0,wiring_or_terminal_page,real_manual_page,True,True,
ASSET_0562,safeplc_assist_box/frontend/assets/demo_evidence_150/parameters/page_04683.jpg,page_04683.jpg,198786,c66ba8f7ee6c2e6a25d56f6d86fad3ab0726a734e23f85b26ca587eb055eeff4,993,1323,True,S7-1500/ET 200MP Manual Collection,A5E51484328-AA,4683,设备特定信息 > 模拟量模块 > 模拟量输出模块 > 模拟量输出模块 AQ 8xHART HF (6ES7532-8TF00-0AB0) > 6 参数/地址空间 > 6.2 参数,,,unknown,unknown,6ES7532-8TF00-0AB0,table_or_parameter_page,real_manual_page,True,True,
ASSET_0563,safeplc_assist_box/frontend/assets/demo_evidence_150/parameters/page_04700.jpg,page_04700.jpg,230756,f9a8d7faad15169408251a7ec8a0b5bd457f8dbbf373a0425ecaa3422614e31b,993,1323,True,S7-1500/ET 200MP Manual Collection,A5E51484328-AA,4700,设备特定信息 > 模拟量模块 > 模拟量输出模块 > 模拟量输出模块 AQ 8xHART HF (6ES7532-8TF00-0AB0) > 7 中断/诊断报警 > 7.3 诊断报警,,,unknown,unknown,6ES7532-8TF00-0AB0,table_or_parameter_page,real_manual_page,True,True,
ASSET_0564,safeplc_assist_box/frontend/assets/demo_evidence_150/parameters/page_04702.jpg,page_04702.jpg,129276,554bfb71c23998edd9e811000f4a40e4e38306c37871ca41ce0051ec573bac5e,993,1323,True,S7-1500/ET 200MP Manual Collection,A5E51484328-AA,4702,设备特定信息 > 模拟量模块 > 模拟量输出模块 > 模拟量输出模块 AQ 8xHART HF (6ES7532-8TF00-0AB0) > 8 技术规范 > 8.1 技术规范,,,unknown,unknown,6ES7532-8TF00-0AB0,table_or_parameter_page,real_manual_page,True,True,
ASSET_0565,safeplc_assist_box/frontend/assets/demo_evidence_150/parameters/page_04732.jpg,page_04732.jpg,188396,ef18a3edc7fbf98021549006c613165e264f9988d96cd6162d742ddf32b7edfd,993,1323,True,S7-1500/ET 200MP Manual Collection,A5E03484780-AD,4732,设备特定信息 > 模拟量模块 > 模拟量输出模块 > 模拟量输出模块 AQ 8xU/I HS (6ES7532-5HF00-0AB0) > 目录,,,unknown,unknown,6ES7532-5HF00-0AB0,table_or_parameter_page,real_manual_page,True,True,
ASSET_0566,safeplc_assist_box/frontend/assets/demo_evidence_150/wiring_terminal/page_04740.jpg,page_04740.jpg,126614,6dd0deed75b2e085f976e0a09aa5fb17ec9804fea367092a935d711dfcc8f3cb,993,1323,True,S7-1500/ET 200MP Manual Collection,A5E03484780-AD,4740,设备特定信息 > 模拟量模块 > 模拟量输出模块 > 模拟量输出模块 AQ 8xU/I HS (6ES7532-5HF00-0AB0) > 3 接线,图 2-1041,接线电源元件,unknown,unknown,6ES7532-5HF00-0AB0,wiring_or_terminal_page,real_manual_page,True,True,
ASSET_0567,safeplc_assist_box/frontend/assets/demo_evidence_150/wiring_terminal/page_04741.jpg,page_04741.jpg,153859,cd608d0c812ded8679dc2e8f7d6dd9e4b8e18e378aaec7067d80fe592eb5c6eb,993,1323,True,S7-1500/ET 200MP Manual Collection,A5E03484780-AD,4741,设备特定信息 > 模拟量模块 > 模拟量输出模块 > 模拟量输出模块 AQ 8xU/I HS (6ES7532-5HF00-0AB0) > 3 接线,图 2-1042,电压输出的方框图和端子分配,unknown,unknown,6ES7532-5HF00-0AB0,wiring_or_terminal_page,real_manual_page,True,True,
ASSET_0568,safeplc_assist_box/frontend/assets/demo_evidence_150/parameters/page_04744.jpg,page_04744.jpg,210252,6d571987872a28e773e738858df9c706446a16f3392dec7cc65c1f65233dc780,993,1323,True,S7-1500/ET 200MP Manual Collection,A5E03484780-AD,4744,设备特定信息 > 模拟量模块 > 模拟量输出模块 > 模拟量输出模块 AQ 8xU/I HS (6ES7532-5HF00-0AB0) > 4 参数/地址空间 > 4.2 参数,,,unknown,unknown,6ES7532-5HF00-0AB0,table_or_parameter_page,real_manual_page,True,True,
ASSET_0569,safeplc_assist_box/frontend/assets/demo_evidence_150/troubleshooting/page_04756.jpg,page_04756.jpg,193298,0e8dee95f64868de117b33dd7bdba43cf369b8452776d4e4445b7ae242227340,993,1323,True,S7-1500/ET 200MP Manual Collection,A5E03484780-AD,4756,设备特定信息 > 模拟量模块 > 模拟量输出模块 > 模拟量输出模块 AQ 8xU/I HS (6ES7532-5HF00-0AB0) > 5 中断/诊断报警 > 5.3 诊断报警,,,unknown,unknown,6ES7532-5HF00-0AB0,diagnostic_alarm_page,real_manual_page,True,True,
ASSET_0570,safeplc_assist_box/frontend/assets/demo_evidence_150/parameters/page_04771.jpg,page_04771.jpg,185577,085f4d7d9bb0cfceec44566deb2c9cec2d274a9d97b47196aa64b273d191a30a,993,1323,True,S7-1500/ET 200MP Manual Collection,A5E03484780-AD,4771,设备特定信息 > 模拟量模块 > 模拟量输出模块 > 模拟量输出模块 AQ 8xU/I HS (6ES7532-5HF00-0AB0) > C 模拟值表示 > C.3 电流输出范围内的模拟值表示,,,unknown,unknown,6ES7532-5HF00-0AB0,table_or_parameter_page,real_manual_page,True,True,
ASSET_0571,safeplc_assist_box/frontend/assets/demo_evidence_150/module_layout/page_04774.jpg,page_04774.jpg,213069,505cd4825ca5d2b1ef26a967acc67fe1995454f0e7a1ab1acbd6734b83b318cc,993,1323,True,S7-1500/ET 200MP Manual Collection,A5E32368973-AC,4774,设备特定信息 > 模拟量模块 > 模拟量 I/O 模块 > 模拟量输入/输出模块 AI 4xU/I/RTD/TC/ AQ 2xU/I ST (6ES7534-7QE00-0AB0) > 前言 > 安全信息,,,unknown,unknown,6ES7534-7QE00-0AB0,module_cpu_page,real_manual_page,True,True,
ASSET_0572,safeplc_assist_box/frontend/assets/demo_evidence_150/parameters/page_04782.jpg,page_04782.jpg,182607,93bf23be6aee64aef20c26307a585f370f74a04503c04f47ab8f4a87d03febba,993,1323,True,S7-1500/ET 200MP Manual Collection,A5E32368973-AC,4782,设备特定信息 > 模拟量模块 > 模拟量 I/O 模块 > 模拟量输入/输出模块 AI 4xU/I/RTD/TC/ AQ 2xU/I ST (6ES7534-7QE00-0AB0) > 2 产品总览 > 2.1 特性,,,unknown,unknown,6ES7534-7QE00-0AB0,table_or_parameter_page,real_manual_page,True,True,
ASSET_0573,safeplc_assist_box/frontend/assets/demo_evidence_150/parameters/page_04797.jpg,page_04797.jpg,106321,ede0b5d944be6f5e36c0c9145860116e1e43950fb99da74c5fb907decb4647fd,993,1323,True,S7-1500/ET 200MP Manual Collection,A5E32368973-AC,4797,设备特定信息 > 模拟量模块 > 模拟量 I/O 模块 > 模拟量输入/输出模块 AI 4xU/I/RTD/TC/ AQ 2xU/I ST (6ES7534-7QE00-0AB0) > 4 参数/地址空间 > 4.2 输出类型和输出范围,,,unknown,unknown,6ES7534-7QE00-0AB0,table_or_parameter_page,real_manual_page,True,True,
ASSET_0574,safeplc_assist_box/frontend/assets/demo_evidence_150/parameters/page_04798.jpg,page_04798.jpg,238029,897ee9c3202f183ba1c75a4ee09352134b4379b77dc4069944347e650c34bc9a,993,1323,True,S7-1500/ET 200MP Manual Collection,A5E32368973-AC,4798,设备特定信息 > 模拟量模块 > 模拟量 I/O 模块 > 模拟量输入/输出模块 AI 4xU/I/RTD/TC/ AQ 2xU/I ST (6ES7534-7QE00-0AB0) > 4 参数/地址空间 > 4.3 参数,,,unknown,unknown,6ES7534-7QE00-0AB0,table_or_parameter_page,real_manual_page,True,True,
ASSET_0575,safeplc_assist_box/frontend/assets/demo_evidence_150/troubleshooting/page_04812.jpg,page_04812.jpg,161485,c0cca94794d376f4e049262192bfee53cd7be8db9ae5a641f4cd42eda064649d,993,1323,True,S7-1500/ET 200MP Manual Collection,A5E32368973-AC,4812,设备特定信息 > 模拟量模块 > 模拟量 I/O 模块 > 模拟量输入/输出模块 AI 4xU/I/RTD/TC/ AQ 2xU/I ST (6ES7534-7QE00-0AB0) > 5 中断/诊断报警 > 5.1 状态和错误显示,,,unknown,unknown,6ES7534-7QE00-0AB0,diagnostic_alarm_page,real_manual_page,True,True,
ASSET_0576,safeplc_assist_box/frontend/assets/demo_evidence_150/troubleshooting/page_04815.jpg,page_04815.jpg,250011,b1bb55182f3265c6beb3b7a91545e8bbefdb1e6301f3adb482b29c866bfc0739,993,1323,True,S7-1500/ET 200MP Manual Collection,A5E32368973-AC,4815,设备特定信息 > 模拟量模块 > 模拟量 I/O 模块 > 模拟量输入/输出模块 AI 4xU/I/RTD/TC/ AQ 2xU/I ST (6ES7534-7QE00-0AB0) > 5 中断/诊断报警 > 5.3 诊断报警,,,unknown,unknown,6ES7534-7QE00-0AB0,diagnostic_alarm_page,real_manual_page,True,True,
ASSET_0577,safeplc_assist_box/frontend/assets/demo_evidence_150/parameters/page_04817.jpg,page_04817.jpg,154482,50d1518051d914f041cf6de29df8f9f6648fe28a822071a00394359a4f83a1c5,993,1323,True,S7-1500/ET 200MP Manual Collection,A5E32368973-AC,4817,设备特定信息 > 模拟量模块 > 模拟量 I/O 模块 > 模拟量输入/输出模块 AI 4xU/I/RTD/TC/ AQ 2xU/I ST (6ES7534-7QE00-0AB0) > 6 技术数据,,,unknown,unknown,6ES7534-7QE00-0AB0,table_or_parameter_page,real_manual_page,True,True,
ASSET_0578,safeplc_assist_box/frontend/assets/demo_evidence_150/parameters/page_04832.jpg,page_04832.jpg,152439,0d9ce54316e50317b486203e0f41f45df52e9e05c251e28b792aa28f1c6af900,993,1323,True,S7-1500/ET 200MP Manual Collection,A5E32368973-AC,4832,设备特定信息 > 模拟量模块 > 模拟量 I/O 模块 > 模拟量输入/输出模块 AI 4xU/I/RTD/TC/ AQ 2xU/I ST (6ES7534-7QE00-0AB0) > B 参数数据记录 > B.2 输入通道的数据记录结构,,,unknown,unknown,6ES7534-7QE00-0AB0,table_or_parameter_page,real_manual_page,True,True,
ASSET_0579,safeplc_assist_box/frontend/assets/demo_evidence_150/parameters/page_04842.jpg,page_04842.jpg,184030,064549a6f89189c0aa0e934ac05d0fce3e5f0b01b276813326c448dbbd79dade,993,1323,True,S7-1500/ET 200MP Manual Collection,A5E32368973-AC,4842,设备特定信息 > 模拟量模块 > 模拟量 I/O 模块 > 模拟量输入/输出模块 AI 4xU/I/RTD/TC/ AQ 2xU/I ST (6ES7534-7QE00-0AB0) > C 模拟值处理 > C.1 输入范围表示 > C.1.2 电流测量范围内模拟值的表示,,,unknown,unknown,6ES7534-7QE00-0AB0,table_or_parameter_page,real_manual_page,True,True,
ASSET_0580,safeplc_assist_box/frontend/assets/demo_evidence_150/parameters/page_04850.jpg,page_04850.jpg,178250,5d4a8975a8cac99868dcbdc8a91755bdff92491d96c50e9005292999a25f4abe,993,1323,True,S7-1500/ET 200MP Manual Collection,A5E32368973-AC,4850,设备特定信息 > 模拟量模块 > 模拟量 I/O 模块 > 模拟量输入/输出模块 AI 4xU/I/RTD/TC/ AQ 2xU/I ST (6ES7534-7QE00-0AB0) > C 模拟值处理 > C.2 输出范围表示 > C.2.2 电流输出范围内的模拟值表示,,,unknown,unknown,6ES7534-7QE00-0AB0,table_or_parameter_page,real_manual_page,True,True,
ASSET_0581,safeplc_assist_box/frontend/assets/demo_evidence_150/parameters/page_04861.jpg,page_04861.jpg,206976,7f6a7468e851f53ef606ac86868bf31e76b551008dba6227a32210a66208b331,993,1323,True,S7-1500/ET 200MP Manual Collection,A5E31870375-AC,4861,设备特定信息 > 工艺模块 > 工艺模块 TM Count 2x24V (6ES7550-1AA01-0AB0) > 2 产品总览 > 2.1 属性,,,S7-1500 MODULE,TM COUNT,6ES7550-1AA01-0AB0,table_or_parameter_page,real_manual_page,True,True,
ASSET_0582,safeplc_assist_box/frontend/assets/demo_evidence_150/wiring_terminal/page_04866.jpg,page_04866.jpg,165557,b65a16bb828ed9983cabe00a70ca2f5616924461a12056ff0ca8be28bab32890,993,1323,True,S7-1500/ET 200MP Manual Collection,A5E31870375-AC,4866,设备特定信息 > 工艺模块 > 工艺模块 TM Count 2x24V (6ES7550-1AA01-0AB0) > 3 接线 > 3.1 引脚分配和方框图,图 2-1083,电源器件的连接,S7-1500 MODULE,TM COUNT,6ES7550-1AA01-0AB0,wiring_or_terminal_page,real_manual_page,True,True,
ASSET_0583,safeplc_assist_box/frontend/assets/demo_evidence_150/wiring_terminal/page_04867.jpg,page_04867.jpg,220393,8c986855f107bdf992b70e8274d5ad8355782fdb1b457db72e0788e5df04d12a,993,1323,True,S7-1500/ET 200MP Manual Collection,A5E31870375-AC,4867,设备特定信息 > 工艺模块 > 工艺模块 TM Count 2x24V (6ES7550-1AA01-0AB0) > 3 接线 > 3.1 引脚分配和方框图,,,S7-1500 MODULE,TM COUNT,6ES7550-1AA01-0AB0,wiring_or_terminal_page,real_manual_page,True,True,
ASSET_0584,safeplc_assist_box/frontend/assets/demo_evidence_150/troubleshooting/page_04906.jpg,page_04906.jpg,175509,aee23384e42b494f0632ce01c20755bc51f8ed86fbf25b240da28b6250e8dcfd,993,1323,True,S7-1500/ET 200MP Manual Collection,A5E31870375-AC,4906,设备特定信息 > 工艺模块 > 工艺模块 TM Count 2x24V (6ES7550-1AA01-0AB0) > 5 中断/诊断消息 > 5.1 状态和错误表示灯,,,S7-1500 MODULE,TM COUNT,6ES7550-1AA01-0AB0,diagnostic_alarm_page,real_manual_page,True,True,
ASSET_0585,safeplc_assist_box/frontend/assets/demo_evidence_150/troubleshooting/page_04907.jpg,page_04907.jpg,216104,035ad3d1f0f3b7fc71800b4554a4bd0548d280f78c535315f82602f9dc284b60,993,1323,True,S7-1500/ET 200MP Manual Collection,A5E31870375-AC,4907,设备特定信息 > 工艺模块 > 工艺模块 TM Count 2x24V (6ES7550-1AA01-0AB0) > 5 中断/诊断消息 > 5.2 诊断报警,,,S7-1500 MODULE,TM COUNT,6ES7550-1AA01-0AB0,diagnostic_alarm_page,real_manual_page,True,True,
ASSET_0586,safeplc_assist_box/frontend/assets/demo_evidence_150/installation_power/page_04911.jpg,page_04911.jpg,129389,41f421d7e01b4bb0941ec83764ccc1b9cf05de474c6f84ed0f45cdaa1efcda31,993,1323,True,S7-1500/ET 200MP Manual Collection,A5E31870375-AC,4911,设备特定信息 > 工艺模块 > 工艺模块 TM Count 2x24V (6ES7550-1AA01-0AB0) > 6 技术规范,,,S7-1500 MODULE,TM COUNT,6ES7550-1AA01-0AB0,installation_power_page,real_manual_page,True,True,
ASSET_0587,safeplc_assist_box/frontend/assets/demo_evidence_150/parameters/page_04912.jpg,page_04912.jpg,148021,44266737386ae2574b9f8b3be6b0e1b525e95b6ca5445ac5db4332f58b8d3f65,993,1323,True,S7-1500/ET 200MP Manual Collection,A5E31870375-AC,4912,设备特定信息 > 工艺模块 > 工艺模块 TM Count 2x24V (6ES7550-1AA01-0AB0) > 6 技术规范,,,S7-1500 MODULE,TM COUNT,6ES7550-1AA01-0AB0,table_or_parameter_page,real_manual_page,True,True,
ASSET_0588,safeplc_assist_box/frontend/assets/demo_evidence_150/parameters/page_04913.jpg,page_04913.jpg,145622,5ded30d23f64335e0ede0fba97690dfe2cd78a40e451ec5dfcc4fdd4f27e4590,993,1323,True,S7-1500/ET 200MP Manual Collection,A5E31870375-AC,4913,设备特定信息 > 工艺模块 > 工艺模块 TM Count 2x24V (6ES7550-1AA01-0AB0) > 6 技术规范,,,S7-1500 MODULE,TM COUNT,6ES7550-1AA01-0AB0,table_or_parameter_page,real_manual_page,True,True,
ASSET_0589,safeplc_assist_box/frontend/assets/demo_evidence_150/wiring_terminal/page_04949.jpg,page_04949.jpg,163699,1183869b6a62787acc1b7a2992068484ec29642db8f66941b6032c7b301f2058,993,1323,True,S7-1500/ET 200MP Manual Collection,A5E03982222-AC,4949,设备特定信息 > 工艺模块 > 工艺模块TM PosInput 2 (6ES7551-1AB01-0AB0) > 3 接线,图 2-1091,电源器件的连接,unknown,unknown,6ES7551-1AB01-0AB0,wiring_or_terminal_page,real_manual_page,True,True,
ASSET_0590,safeplc_assist_box/frontend/assets/demo_evidence_150/wiring_terminal/page_04951.jpg,page_04951.jpg,244228,0a53a83058dd799b45170db543a7714bcec7fae90741ab639a94e586eaf97a54,993,1323,True,S7-1500/ET 200MP Manual Collection,A5E03982222-AC,4951,设备特定信息 > 工艺模块 > 工艺模块TM PosInput 2 (6ES7551-1AB01-0AB0) > 3 接线 > 3.1 SSI 编码器信号,,,unknown,unknown,6ES7551-1AB01-0AB0,wiring_or_terminal_page,real_manual_page,True,True,
ASSET_0591,safeplc_assist_box/frontend/assets/demo_evidence_150/wiring_terminal/page_04953.jpg,page_04953.jpg,187832,e910479ef63664780f81fda8275edc9635c63606d3a4d3d894bd93c71ae67de9,993,1323,True,S7-1500/ET 200MP Manual Collection,A5E03982222-AC,4953,设备特定信息 > 工艺模块 > 工艺模块TM PosInput 2 (6ES7551-1AB01-0AB0) > 3 接线 > 3.1 SSI 编码器信号,图 2-1092,带 SSI 绝对值编码器的方框图,unknown,unknown,6ES7551-1AB01-0AB0,wiring_or_terminal_page,real_manual_page,True,True,
ASSET_0592,safeplc_assist_box/frontend/assets/demo_evidence_150/wiring_terminal/page_04957.jpg,page_04957.jpg,192140,fad2908be79d3cad9fd8a4aa357efb06b67c58e07258343c2ccba3edc1039e86,993,1323,True,S7-1500/ET 200MP Manual Collection,A5E03982222-AC,4957,设备特定信息 > 工艺模块 > 工艺模块TM PosInput 2 (6ES7551-1AB01-0AB0) > 3 接线 > 3.2 RS422 编码器信号,图 2-1093,带 RS422 增量编码器的方框图,unknown,unknown,6ES7551-1AB01-0AB0,wiring_or_terminal_page,real_manual_page,True,True,
ASSET_0593,safeplc_assist_box/frontend/assets/demo_evidence_150/troubleshooting/page_05003.jpg,page_05003.jpg,236106,05a1230cfc841baa9d281708e77e196847747542fd23be854dba040b8de19992,993,1323,True,S7-1500/ET 200MP Manual Collection,A5E03982222-AC,5003,设备特定信息 > 工艺模块 > 工艺模块TM PosInput 2 (6ES7551-1AB01-0AB0) > 5 中断/诊断消息 > 5.1 状态和错误表示灯,,,unknown,unknown,6ES7551-1AB01-0AB0,diagnostic_alarm_page,real_manual_page,True,True,
ASSET_0594,safeplc_assist_box/frontend/assets/demo_evidence_150/troubleshooting/page_05005.jpg,page_05005.jpg,274573,18444b84ee1add5ed2c1427bed458d74ae75e4f8288c4d1a1d163caf5bf917b9,993,1323,True,S7-1500/ET 200MP Manual Collection,A5E03982222-AC,5005,设备特定信息 > 工艺模块 > 工艺模块TM PosInput 2 (6ES7551-1AB01-0AB0) > 5 中断/诊断消息 > 5.2 诊断报警,,,unknown,unknown,6ES7551-1AB01-0AB0,diagnostic_alarm_page,real_manual_page,True,True,
ASSET_0595,safeplc_assist_box/frontend/assets/demo_evidence_150/installation_power/page_05008.jpg,page_05008.jpg,131381,bf35d6e955690b4565f68b142006d84f08733bd305d7ab1f4cbe0c3c6db548e0,993,1323,True,S7-1500/ET 200MP Manual Collection,A5E03982222-AC,5008,设备特定信息 > 工艺模块 > 工艺模块TM PosInput 2 (6ES7551-1AB01-0AB0) > 6 技术规范,,,unknown,unknown,6ES7551-1AB01-0AB0,installation_power_page,real_manual_page,True,True,
ASSET_0596,safeplc_assist_box/frontend/assets/demo_evidence_150/parameters/page_05009.jpg,page_05009.jpg,162411,a770adcd7fd59b6f006d5c13428ca0e2b1758c6c0ed6cb535f0933aa9773b27e,993,1323,True,S7-1500/ET 200MP Manual Collection,A5E03982222-AC,5009,设备特定信息 > 工艺模块 > 工艺模块TM PosInput 2 (6ES7551-1AB01-0AB0) > 6 技术规范,,,unknown,unknown,6ES7551-1AB01-0AB0,table_or_parameter_page,real_manual_page,True,True,
ASSET_0597,safeplc_assist_box/frontend/assets/demo_evidence_150/parameters/page_05010.jpg,page_05010.jpg,148453,da717efea49c0625e170ea10eb8ce2ca3089c5694d2df60970f9141b918764e3,993,1323,True,S7-1500/ET 200MP Manual Collection,A5E03982222-AC,5010,设备特定信息 > 工艺模块 > 工艺模块TM PosInput 2 (6ES7551-1AB01-0AB0) > 6 技术规范,,,unknown,unknown,6ES7551-1AB01-0AB0,table_or_parameter_page,real_manual_page,True,True,
ASSET_0598,safeplc_assist_box/frontend/assets/demo_evidence_150/module_layout/page_05036.jpg,page_05036.jpg,142660,26c1aa43ef5d4a17ef047ce685200105aa3dfa62437833864905c952788e2a76,993,1323,True,S7-1500/ET 200MP Manual Collection,A5E34078542-AB,5036,设备特定信息 > 工艺模块 > 工艺模块 TM Timer DIDQ 24x24V (6ES7552-1AA01-0AB0) > 1 S7-1500/ET 200MP 文档指南 > 1.1 S7-1500/ET 200MP 文档指南,,,unknown,unknown,6ES7552-1AA01-0AB0,module_cpu_page,real_manual_page,True,True,
ASSET_0599,safeplc_assist_box/frontend/assets/demo_evidence_150/parameters/page_05045.jpg,page_05045.jpg,213865,b37df49a01a3bee218d6ff3613eb290c9b918311325572d9fe31900c20df2a96,993,1323,True,S7-1500/ET 200MP Manual Collection,A5E34078542-AB,5045,设备特定信息 > 工艺模块 > 工艺模块 TM Timer DIDQ 24x24V (6ES7552-1AA01-0AB0) > 3 产品总览 > 3.1 属性,,,S7-1500 MODULE,TM TIMER,6ES7552-1AA01-0AB0,table_or_parameter_page,real_manual_page,True,True,
ASSET_0600,safeplc_assist_box/frontend/assets/demo_evidence_150/wiring_terminal/page_05050.jpg,page_05050.jpg,124521,af0868eb86c709b14cd26dc55972f9da4898ccfacbb00b63249557e49e32829b,993,1323,True,S7-1500/ET 200MP Manual Collection,A5E34078542-AB,5050,设备特定信息 > 工艺模块 > 工艺模块 TM Timer DIDQ 24x24V (6ES7552-1AA01-0AB0) > 4 连接 > 4.1 针脚分配,,,S7-1500 MODULE,TM TIMER,6ES7552-1AA01-0AB0,wiring_or_terminal_page,real_manual_page,True,True,
ASSET_0601,safeplc_assist_box/frontend/assets/demo_evidence_150/wiring_terminal/page_05055.jpg,page_05055.jpg,301450,457ea14b0bf9ed631a7f59bb2761c029efdfdc3280745e43e19f18a98b5b49b1,993,1323,True,S7-1500/ET 200MP Manual Collection,A5E34078542-AB,5055,设备特定信息 > 工艺模块 > 工艺模块 TM Timer DIDQ 24x24V (6ES7552-1AA01-0AB0) > 4 连接 > 4.1 针脚分配,,,S7-1500 MODULE,TM TIMER,6ES7552-1AA01-0AB0,wiring_or_terminal_page,real_manual_page,True,True,
ASSET_0602,safeplc_assist_box/frontend/assets/demo_evidence_150/wiring_terminal/page_05057.jpg,page_05057.jpg,178113,5692c187e49eb0035cdf2643e525af105f1d9026395d2088589bcf59311fb7ad,993,1323,True,S7-1500/ET 200MP Manual Collection,A5E34078542-AB,5057,设备特定信息 > 工艺模块 > 工艺模块 TM Timer DIDQ 24x24V (6ES7552-1AA01-0AB0) > 4 连接 > 4.1 针脚分配,图 2-1101,使用 8 个数字量输入和 16 个数字量输出的方框图,S7-1500 MODULE,TM TIMER,6ES7552-1AA01-0AB0,wiring_or_terminal_page,real_manual_page,True,True,
ASSET_0603,safeplc_assist_box/frontend/assets/demo_evidence_150/wiring_terminal/page_05058.jpg,page_05058.jpg,174953,66f6f99f1cf25ecc64ee5518c30e75ca52a9553b2ecce1bcc7d1d507ac73f862,993,1323,True,S7-1500/ET 200MP Manual Collection,A5E34078542-AB,5058,设备特定信息 > 工艺模块 > 工艺模块 TM Timer DIDQ 24x24V (6ES7552-1AA01-0AB0) > 4 连接 > 4.1 针脚分配,图 2-1102,使用 16 个数字量输出的方框图,S7-1500 MODULE,TM TIMER,6ES7552-1AA01-0AB0,wiring_or_terminal_page,real_manual_page,True,True,
ASSET_0604,safeplc_assist_box/frontend/assets/demo_evidence_150/wiring_terminal/page_05059.jpg,page_05059.jpg,176409,ff22062e2d5c36b50cfe893f4984e20d3741ec72e1d963e3828a4f6eace7565b,993,1323,True,S7-1500/ET 200MP Manual Collection,A5E34078542-AB,5059,设备特定信息 > 工艺模块 > 工艺模块 TM Timer DIDQ 24x24V (6ES7552-1AA01-0AB0) > 4 连接 > 4.1 针脚分配,图 2-1103,带增量编码器的方框图,S7-1500 MODULE,TM TIMER,6ES7552-1AA01-0AB0,wiring_or_terminal_page,real_manual_page,True,True,
ASSET_0605,safeplc_assist_box/frontend/assets/demo_evidence_150/wiring_terminal/page_05060.jpg,page_05060.jpg,172235,6b404c79326e93f8f15068c73d904c0a783df2a2191fe7095c1317cf79d06be6,993,1323,True,S7-1500/ET 200MP Manual Collection,A5E34078542-AB,5060,设备特定信息 > 工艺模块 > 工艺模块 TM Timer DIDQ 24x24V (6ES7552-1AA01-0AB0) > 4 连接 > 4.1 针脚分配,图 2-1104,带脉冲编码器和传感器的方框图,S7-1500 MODULE,TM TIMER,6ES7552-1AA01-0AB0,wiring_or_terminal_page,real_manual_page,True,True,
ASSET_0606,safeplc_assist_box/frontend/assets/demo_evidence_150/parameters/page_05063.jpg,page_05063.jpg,224851,883bcd9daa1ad00d944a606dd1e81c4bc7b16f59fab8c87fff560bf722c416ad,993,1323,True,S7-1500/ET 200MP Manual Collection,A5E34078542-AB,5063,设备特定信息 > 工艺模块 > 工艺模块 TM Timer DIDQ 24x24V (6ES7552-1AA01-0AB0) > 4 连接 > 4.1 针脚分配,,,S7-1500 MODULE,TM TIMER,6ES7552-1AA01-0AB0,table_or_parameter_page,real_manual_page,True,True,
ASSET_0607,safeplc_assist_box/frontend/assets/demo_evidence_150/troubleshooting/page_05081.jpg,page_05081.jpg,219432,cc015424639dff7b2ad74caa83fe48ffb865ff0a0a42d913e044514c5b762616,993,1323,True,S7-1500/ET 200MP Manual Collection,A5E34078542-AB,5081,设备特定信息 > 工艺模块 > 工艺模块 TM Timer DIDQ 24x24V (6ES7552-1AA01-0AB0) > 6 中断/诊断消息 > 6.1 状态和错误指示灯,,,S7-1500 MODULE,TM TIMER,6ES7552-1AA01-0AB0,diagnostic_alarm_page,real_manual_page,True,True,
ASSET_0608,safeplc_assist_box/frontend/assets/demo_evidence_150/troubleshooting/page_05082.jpg,page_05082.jpg,191951,7f63eef8d446c4d4e6d5a45b1df755533056cb7f0b160cf00d19a477d32ebfce,993,1323,True,S7-1500/ET 200MP Manual Collection,A5E34078542-AB,5082,设备特定信息 > 工艺模块 > 工艺模块 TM Timer DIDQ 24x24V (6ES7552-1AA01-0AB0) > 6 中断/诊断消息 > 6.2 诊断报警,,,S7-1500 MODULE,TM TIMER,6ES7552-1AA01-0AB0,diagnostic_alarm_page,real_manual_page,True,True,
ASSET_0609,safeplc_assist_box/frontend/assets/demo_evidence_150/parameters/page_05084.jpg,page_05084.jpg,161712,1f6001998f98c30caa61fe60e6af4be643970dc4e591741b6ce0a01a05f781e6,993,1323,True,S7-1500/ET 200MP Manual Collection,A5E34078542-AB,5084,设备特定信息 > 工艺模块 > 工艺模块 TM Timer DIDQ 24x24V (6ES7552-1AA01-0AB0) > 7 技术规范,,,S7-1500 MODULE,TM TIMER,6ES7552-1AA01-0AB0,table_or_parameter_page,real_manual_page,True,True,
ASSET_0610,safeplc_assist_box/frontend/assets/demo_evidence_150/parameters/page_05085.jpg,page_05085.jpg,151172,2a90d2448c43048db2d024b0122514482109fd31f9812528d801522b77b44f8d,993,1323,True,S7-1500/ET 200MP Manual Collection,A5E34078542-AB,5085,设备特定信息 > 工艺模块 > 工艺模块 TM Timer DIDQ 24x24V (6ES7552-1AA01-0AB0) > 7 技术规范,,,S7-1500 MODULE,TM TIMER,6ES7552-1AA01-0AB0,table_or_parameter_page,real_manual_page,True,True,
ASSET_0611,safeplc_assist_box/frontend/assets/demo_evidence_150/parameters/page_05086.jpg,page_05086.jpg,168674,3ba1e9d00dcabe296a0f2e718be76833bd4296dbfcc44b333aca65d4aee02217,993,1323,True,S7-1500/ET 200MP Manual Collection,A5E34078542-AB,5086,设备特定信息 > 工艺模块 > 工艺模块 TM Timer DIDQ 24x24V (6ES7552-1AA01-0AB0) > 7 技术规范,,,S7-1500 MODULE,TM TIMER,6ES7552-1AA01-0AB0,table_or_parameter_page,real_manual_page,True,True,
ASSET_0612,safeplc_assist_box/frontend/assets/demo_evidence_150/parameters/page_05089.jpg,page_05089.jpg,206459,a8c862f02d962a557401b2858897f239800456452af78f602de71add11c90278,993,1323,True,S7-1500/ET 200MP Manual Collection,A5E34078542-AB,5089,设备特定信息 > 工艺模块 > 工艺模块 TM Timer DIDQ 24x24V (6ES7552-1AA01-0AB0) > 7 技术规范,图 2-1106,取决于环境温度和安装位置的阻性负载的每个负载组的标准化总电流,S7-1500 MODULE,TM TIMER,6ES7552-1AA01-0AB0,table_or_parameter_page,real_manual_page,True,True,
ASSET_0613,safeplc_assist_box/frontend/assets/demo_evidence_150/parameters/page_05090.jpg,page_05090.jpg,144903,c697da306652fbdbb52701b0e40f9de8320d20094fa09139ac22935e7b4a0483,993,1323,True,S7-1500/ET 200MP Manual Collection,A5E34078542-AB,5090,设备特定信息 > 工艺模块 > 工艺模块 TM Timer DIDQ 24x24V (6ES7552-1AA01-0AB0) > 7 技术规范,,,S7-1500 MODULE,TM TIMER,6ES7552-1AA01-0AB0,table_or_parameter_page,real_manual_page,True,True,
ASSET_0614,safeplc_assist_box/frontend/assets/demo_evidence_150/module_layout/page_05105.jpg,page_05105.jpg,141432,f422d6c50eee36ef56e08b735078952123952625054ff518f6bfb475ccda785d,993,1323,True,S7-1500/ET 200MP Manual Collection,A5E38896707-AB,5105,设备特定信息 > 工艺模块 > TM PTO 4 工艺模块 (6ES7553-1AA01-0AB0) > 1 S7-1500/ET 200MP 文档指南 > 1.1 S7-1500/ET 200MP 文档指南,,,unknown,unknown,6ES7553-1AA01-0AB0,module_cpu_page,real_manual_page,True,True,
ASSET_0615,safeplc_assist_box/frontend/assets/demo_evidence_150/wiring_terminal/page_05118.jpg,page_05118.jpg,127366,8bb51d7989ec667ea586e262b6835121dd2cdb90aea657a77db721d6083a0a91,993,1323,True,S7-1500/ET 200MP Manual Collection,A5E38896707-AB,5118,设备特定信息 > 工艺模块 > TM PTO 4 工艺模块 (6ES7553-1AA01-0AB0) > 4 连接 > 4.1 针脚分配,,,S7-1500 MODULE,TM PTO,6ES7553-1AA01-0AB0,wiring_or_terminal_page,real_manual_page,True,True,
ASSET_0616,safeplc_assist_box/frontend/assets/demo_evidence_150/wiring_terminal/page_05121.jpg,page_05121.jpg,156382,44ceb6f54c1f338f13919eb6abb88da9baffd10d3e98ef2f82c21f21a801775b,993,1323,True,S7-1500/ET 200MP Manual Collection,A5E38896707-AB,5121,设备特定信息 > 工艺模块 > TM PTO 4 工艺模块 (6ES7553-1AA01-0AB0) > 4 连接 > 4.1 针脚分配,图 2-1110,供电器件接线,S7-1500 MODULE,TM PTO,6ES7553-1AA01-0AB0,wiring_or_terminal_page,real_manual_page,True,True,
ASSET_0617,safeplc_assist_box/frontend/assets/demo_evidence_150/wiring_terminal/page_05122.jpg,page_05122.jpg,224757,1ee3d0c1e268eb0dc05cf4924a9789a6235565491583085fa7c41bd14b8c66e0,993,1323,True,S7-1500/ET 200MP Manual Collection,A5E38896707-AB,5122,设备特定信息 > 工艺模块 > TM PTO 4 工艺模块 (6ES7553-1AA01-0AB0) > 4 连接 > 4.1 针脚分配,图 21,连接,S7-1500 MODULE,TM PTO,6ES7553-1AA01-0AB0,wiring_or_terminal_page,real_manual_page,True,True,
ASSET_0618,safeplc_assist_box/frontend/assets/demo_evidence_150/troubleshooting/page_05143.jpg,page_05143.jpg,219043,7e294b5b888662e8b34da3fd7fa21491730845413dec180d5fb8d2c45f67ec34,993,1323,True,S7-1500/ET 200MP Manual Collection,A5E38896707-AB,5143,设备特定信息 > 工艺模块 > TM PTO 4 工艺模块 (6ES7553-1AA01-0AB0) > 6 中断/诊断报警 > 6.1 状态和错误指示灯,,,S7-1500 MODULE,TM PTO,6ES7553-1AA01-0AB0,diagnostic_alarm_page,real_manual_page,True,True,
ASSET_0619,safeplc_assist_box/frontend/assets/demo_evidence_150/module_layout/page_05144.jpg,page_05144.jpg,229138,818c7ed29914adb172014e8ddf5f3635ec605f4e6f107ffdd103b7a9dc0d2b8e,993,1323,True,S7-1500/ET 200MP Manual Collection,A5E38896707-AB,5144,设备特定信息 > 工艺模块 > TM PTO 4 工艺模块 (6ES7553-1AA01-0AB0) > 6 中断/诊断报警 > 6.2 诊断报警,,,S7-1500 MODULE,TM PTO,6ES7553-1AA01-0AB0,module_cpu_page,real_manual_page,True,True,
ASSET_0620,safeplc_assist_box/frontend/assets/demo_evidence_150/installation_power/page_05146.jpg,page_05146.jpg,159194,1466b8403517e1aebb8004c49eb20008398253e220dc6e3f9bedaa31a5500d73,993,1323,True,S7-1500/ET 200MP Manual Collection,A5E38896707-AB,5146,设备特定信息 > 工艺模块 > TM PTO 4 工艺模块 (6ES7553-1AA01-0AB0) > 7 技术数据,,,S7-1500 MODULE,TM PTO,6ES7553-1AA01-0AB0,installation_power_page,real_manual_page,True,True,
ASSET_0621,safeplc_assist_box/frontend/assets/demo_evidence_150/module_layout/page_05166.jpg,page_05166.jpg,143206,a1c64a35a26fc5c3af0bd7f6e0f20ca244d91616f7b9a5bbe675124853e98fbf,993,1323,True,S7-1500/ET 200MP Manual Collection,A5E46385002-AE,5166,设备特定信息 > 工艺模块 > 工艺模块 TM NPU > 3 产品概述 > 3.1 S7-1500/ET 200MP 文档指南 > 3.1.1 信息类 S7-1500/ET 200MP > 3.1.1.1 S7-1500/ET 200MP 文档指南,,,unknown,unknown,unknown,module_cpu_page,real_manual_page,True,True,
ASSET_0622,safeplc_assist_box/frontend/assets/demo_evidence_150/topology/page_05169.jpg,page_05169.jpg,270150,bbcebbb23f0a3713a6009858d25b2d2c90647e29071160f345d3796f5be79e93,993,1323,True,S7-1500/ET 200MP Manual Collection,A5E46385002-AE,5169,设备特定信息 > 工艺模块 > 工艺模块 TM NPU > 3 产品概述 > 3.1 S7-1500/ET 200MP 文档指南 > 3.1.2 基本工具,,,unknown,unknown,unknown,network_topology_page,real_manual_page,True,True,
ASSET_0623,safeplc_assist_box/frontend/assets/demo_evidence_150/wiring_terminal/page_05176.jpg,page_05176.jpg,168803,5aaf7d9be3b63d65451cf104be7911b041142425506cb6d3d0f65002e41e656e,993,1323,True,S7-1500/ET 200MP Manual Collection,A5E46385002-AE,5176,设备特定信息 > 工艺模块 > 工艺模块 TM NPU > 4 接线 > 4.1 端子分配和接口说明 > 4.1.3 USB 3.1 接口,,,S7-1500 MODULE,TM NPU,unknown,wiring_or_terminal_page,real_manual_page,True,True,
ASSET_0624,safeplc_assist_box/frontend/assets/demo_evidence_150/wiring_terminal/page_05177.jpg,page_05177.jpg,233194,9cb8633e5a03b9af2993207b5173bce1cd1eb23bc23e97c08221ce783133212f,993,1323,True,S7-1500/ET 200MP Manual Collection,A5E46385002-AE,5177,设备特定信息 > 工艺模块 > 工艺模块 TM NPU > 4 接线 > 4.1 端子分配和接口说明 > 4.1.4 Gigabit Ethernet > 4.1.4.1 GigE Vision,,,S7-1500 MODULE,TM NPU,unknown,wiring_or_terminal_page,real_manual_page,True,True,
ASSET_0625,safeplc_assist_box/frontend/assets/demo_evidence_150/topology/page_05178.jpg,page_05178.jpg,285337,110c1fc2be595314c916dc6046af8f349e343ad9f38d81ddaa62b23ca99530a8,993,1323,True,S7-1500/ET 200MP Manual Collection,A5E46385002-AE,5178,设备特定信息 > 工艺模块 > 工艺模块 TM NPU > 4 接线 > 4.1 端子分配和接口说明 > 4.1.4 Gigabit Ethernet > 4.1.4.1 GigE Vision,,,S7-1500 MODULE,TM NPU,unknown,network_topology_page,real_manual_page,True,True,
ASSET_0626,safeplc_assist_box/frontend/assets/demo_evidence_150/wiring_terminal/page_05179.jpg,page_05179.jpg,179931,53658cfba88c2d7cd34045466d7e4d18c1641d539bd56e4ec678629e3f524c2e,993,1323,True,S7-1500/ET 200MP Manual Collection,A5E46385002-AE,5179,设备特定信息 > 工艺模块 > 工艺模块 TM NPU > 4 接线 > 4.1 端子分配和接口说明 > 4.1.4 Gigabit Ethernet > 4.1.4.3 通过 Web 服务器的调试模式,,,S7-1500 MODULE,TM NPU,unknown,wiring_or_terminal_page,real_manual_page,True,True,
ASSET_0627,safeplc_assist_box/frontend/assets/demo_evidence_150/troubleshooting/page_05200.jpg,page_05200.jpg,196835,dc23337f4dd26b0873b29964cfd57e805b0da53ae45fa3a4f09f3a8c73c00417,993,1323,True,S7-1500/ET 200MP Manual Collection,A5E46385002-AE,5200,设备特定信息 > 工艺模块 > 工艺模块 TM NPU > 7 诊断 > 7.2 诊断报警,,,S7-1500 MODULE,TM NPU,unknown,diagnostic_alarm_page,real_manual_page,True,True,
ASSET_0628,safeplc_assist_box/frontend/assets/demo_evidence_150/installation_power/page_05204.jpg,page_05204.jpg,154814,63a70b1dcaa46c0bd4aa7e96c0ac1eac0f90595b3404864e09cb7a9b0a74c8b4,993,1323,True,S7-1500/ET 200MP Manual Collection,A5E46385002-AE,5204,设备特定信息 > 工艺模块 > 工艺模块 TM NPU > 8 技术规范,,,S7-1500 MODULE,TM NPU,6ES7556-1AA00-0AB0,installation_power_page,real_manual_page,True,True,
ASSET_0629,safeplc_assist_box/frontend/assets/demo_evidence_150/safety/page_05224.jpg,page_05224.jpg,234907,5b0d48fe4017d7537d37f37cc9533ccdd0bebeea27db6f7645d04876536cd2e6,993,1323,True,S7-1500/ET 200MP Manual Collection,A5E39041333-AC,5224,设备特定信息 > 工艺模块 > SIWAREX WP521/WP522 > 目录,,,unknown,unknown,unknown,safety_risk_page,real_manual_page,True,True,
ASSET_0630,safeplc_assist_box/frontend/assets/demo_evidence_150/safety/page_05230.jpg,page_05230.jpg,186321,c00f84c3b5860a34171b455f00d81d83fe0004b7b9ba22f6a2a6be2efb896862,993,1323,True,S7-1500/ET 200MP Manual Collection,A5E39041333-AC,5230,设备特定信息 > 工艺模块 > SIWAREX WP521/WP522 > 1 前言 > 1.3 网络安全性信息,,,unknown,unknown,unknown,safety_risk_page,real_manual_page,True,True,
ASSET_0631,safeplc_assist_box/frontend/assets/demo_evidence_150/safety/page_05240.jpg,page_05240.jpg,171999,be52965c2044584e2474a11812430ef9c1f42d32e22c1d99d4118bef425abfd5,993,1323,True,S7-1500/ET 200MP Manual Collection,A5E39041333-AC,5240,设备特定信息 > 工艺模块 > SIWAREX WP521/WP522 > 4 安装和连接 > 4.1 基本安全注意事项 > 4.1.1 UL/FM 特殊使用条件,,,unknown,unknown,unknown,safety_risk_page,real_manual_page,True,True,
ASSET_0632,safeplc_assist_box/frontend/assets/demo_evidence_150/safety/page_05241.jpg,page_05241.jpg,136674,1833e711c3776454572fcc8eff98fd8d5daadd5e798b9b24bb5ecc44f64d227f,993,1323,True,S7-1500/ET 200MP Manual Collection,A5E39041333-AC,5241,设备特定信息 > 工艺模块 > SIWAREX WP521/WP522 > 4 安装和连接 > 4.1 基本安全注意事项 > 4.1.2 ATEX/IECx 的特殊使用条件,,,unknown,unknown,unknown,safety_risk_page,real_manual_page,True,True,
ASSET_0633,safeplc_assist_box/frontend/assets/demo_evidence_150/wiring_terminal/page_05242.jpg,page_05242.jpg,179881,da650d64024c142b036f44061dd80e1f7c596e156cd712e612ba41cd6e9b96d8,993,1323,True,S7-1500/ET 200MP Manual Collection,A5E39041333-AC,5242,设备特定信息 > 工艺模块 > SIWAREX WP521/WP522 > 4 安装和连接 > 4.3 针脚分配,,,unknown,unknown,unknown,wiring_or_terminal_page,real_manual_page,True,True,
ASSET_0634,safeplc_assist_box/frontend/assets/demo_evidence_150/installation_power/page_05245.jpg,page_05245.jpg,113381,8ae3bffb9a30ef7d52919d3ee5a52912eb29866dcc17a78ca09a7bab41f09d53,993,1323,True,S7-1500/ET 200MP Manual Collection,A5E39041333-AC,5245,设备特定信息 > 工艺模块 > SIWAREX WP521/WP522 > 4 安装和连接 > 4.4 连接称重传感器,图 2-1123,电源器件,unknown,unknown,unknown,installation_power_page,real_manual_page,True,True,
ASSET_0635,safeplc_assist_box/frontend/assets/demo_evidence_150/installation_power/page_05250.jpg,page_05250.jpg,125479,08c23dbb2a9a23eeecd3e877d91e321111a0621697456676059d57c302d5307e,993,1323,True,S7-1500/ET 200MP Manual Collection,A5E39041333-AC,5250,设备特定信息 > 工艺模块 > SIWAREX WP521/WP522 > 4 安装和连接 > 4.7 数字量输入 DI0、DI1 和 DI2,,,unknown,unknown,unknown,installation_power_page,real_manual_page,True,True,
ASSET_0636,safeplc_assist_box/frontend/assets/demo_evidence_150/parameters/page_05251.jpg,page_05251.jpg,193615,0a921d5baac5a8bc39fbae43417f9e2b33cb1cd2aeac945d636ced53f8692201,993,1323,True,S7-1500/ET 200MP Manual Collection,A5E39041333-AC,5251,设备特定信息 > 工艺模块 > SIWAREX WP521/WP522 > 4 安装和连接 > 4.9 RS485 串行接口的连接,,,unknown,unknown,unknown,table_or_parameter_page,real_manual_page,True,True,
ASSET_0637,safeplc_assist_box/frontend/assets/demo_evidence_150/topology/page_05268.jpg,page_05268.jpg,182834,e20cc6f3c21742f2946eac5ad066efebc55c59a78ebc3acbfe7929f3b64a14a5,993,1323,True,S7-1500/ET 200MP Manual Collection,A5E39041333-AC,5268,设备特定信息 > 工艺模块 > SIWAREX WP521/WP522 > 5 调试 > 5.7 使用 SIWATOOL 调试 > 5.7.1 SIWAREX 的 IP 地址,,,unknown,unknown,unknown,network_topology_page,real_manual_page,True,True,
ASSET_0638,safeplc_assist_box/frontend/assets/demo_evidence_150/troubleshooting/page_05355.jpg,page_05355.jpg,229614,9f82dad8b45d00430fd1b8f94cb66094c92c3d6e63a87dd07992f0f81f2d8473,993,1323,True,S7-1500/ET 200MP Manual Collection,A5E39041333-AC,5355,设备特定信息 > 工艺模块 > SIWAREX WP521/WP522 > 7 报警记录 > 7.5 消息列表 > 7.5.5 模块上的 LED 发出的消息,,,unknown,unknown,unknown,diagnostic_alarm_page,real_manual_page,True,True,
ASSET_0639,safeplc_assist_box/frontend/assets/demo_evidence_150/parameters/page_05377.jpg,page_05377.jpg,175596,7702ff01a3b92780922e6e18f901942077af1898990c45e470997563e13223e7,993,1323,True,S7-1500/ET 200MP Manual Collection,A5E39041333-AC,5377,设备特定信息 > 工艺模块 > SIWAREX WP521/WP522 > 11 技术规范 > 11.1 技术规范,,,unknown,unknown,unknown,table_or_parameter_page,real_manual_page,True,True,
ASSET_0640,safeplc_assist_box/frontend/assets/demo_evidence_150/parameters/page_05378.jpg,page_05378.jpg,207540,a63d0248dd51f7614eb412364f54f5d74eba26685d86cb4fd0ba258644042988,993,1323,True,S7-1500/ET 200MP Manual Collection,A5E39041333-AC,5378,设备特定信息 > 工艺模块 > SIWAREX WP521/WP522 > 11 技术规范 > 11.1 技术规范,,,unknown,unknown,unknown,table_or_parameter_page,real_manual_page,True,True,
ASSET_0641,safeplc_assist_box/frontend/assets/demo_evidence_150/parameters/page_05379.jpg,page_05379.jpg,175994,2c0f6c98d4e944e911095bdfc5d21cce784c8250120f657afb91248c618d25d2,993,1323,True,S7-1500/ET 200MP Manual Collection,A5E39041333-AC,5379,设备特定信息 > 工艺模块 > SIWAREX WP521/WP522 > 11 技术规范 > 11.1 技术规范,,,unknown,unknown,unknown,table_or_parameter_page,real_manual_page,True,True,
ASSET_0642,safeplc_assist_box/frontend/assets/demo_evidence_150/parameters/page_05381.jpg,page_05381.jpg,183691,2722f80bfdc37e0a9fd0b6869acbf07039a614856354350b3115b4b16d7342d5,993,1323,True,S7-1500/ET 200MP Manual Collection,A5E39041333-AC,5381,设备特定信息 > 工艺模块 > SIWAREX WP521/WP522 > 11 技术规范 > 11.2 电气、EMC 和气候要求,,,unknown,unknown,unknown,table_or_parameter_page,real_manual_page,True,True,
ASSET_0643,safeplc_assist_box/frontend/assets/demo_evidence_150/safety/page_05384.jpg,page_05384.jpg,169014,cc67e03d280c517eebc294ba736a46cf35e6725291ea0577906953b0fd2053a5,993,1323,True,S7-1500/ET 200MP Manual Collection,A5E39041333-AC,5384,设备特定信息 > 工艺模块 > SIWAREX WP521/WP522 > 11 技术规范 > 11.3 证书和认证,,,unknown,unknown,unknown,safety_risk_page,real_manual_page,True,True,
ASSET_0644,safeplc_assist_box/frontend/assets/demo_evidence_150/module_layout/page_05397.jpg,page_05397.jpg,135410,0e52fd5c1ca4472fc3834bde7db3d20dcc0e3f7ef3e34990fc71699d729cb7ad,993,1323,True,S7-1500/ET 200MP Manual Collection,A5E52301141-AB,5397,设备特定信息 > 工艺模块 > 工艺模块 TM FAST (6ES7554-1AA00-0AB0) > 1 S7-1500/ET 200MP 文档指南,,,unknown,unknown,6ES7554-1AA00-0AB0,module_cpu_page,real_manual_page,True,True,
ASSET_0645,safeplc_assist_box/frontend/assets/demo_evidence_150/wiring_terminal/page_05409.jpg,page_05409.jpg,176678,a15e8941a8ff7c457995672eeff2bc5cd3117bc87e1802cc2900ba82013083a3,993,1323,True,S7-1500/ET 200MP Manual Collection,A5E52301141-AB,5409,设备特定信息 > 工艺模块 > 工艺模块 TM FAST (6ES7554-1AA00-0AB0) > 4 连接 > 4.1 针脚分配,,,S7-1500 MODULE,TM FAST,6ES7554-1AA00-0AB0,wiring_or_terminal_page,real_manual_page,True,True,
ASSET_0646,safeplc_assist_box/frontend/assets/demo_evidence_150/wiring_terminal/page_05411.jpg,page_05411.jpg,155049,3874bc53c802c3ba7595d41313bf8346bdeebd54ab0a371f0d9452526afbfe33,993,1323,True,S7-1500/ET 200MP Manual Collection,A5E52301141-AB,5411,设备特定信息 > 工艺模块 > 工艺模块 TM FAST (6ES7554-1AA00-0AB0) > 4 连接 > 4.1 针脚分配,图 2-1165,电源器件接线,S7-1500 MODULE,TM FAST,6ES7554-1AA00-0AB0,wiring_or_terminal_page,real_manual_page,True,True,
ASSET_0647,safeplc_assist_box/frontend/assets/demo_evidence_150/troubleshooting/page_05437.jpg,page_05437.jpg,188438,15ccc10545ddcff39b53965efa0a0d438f4cc99612505d8f610f8bbfcb04db02,993,1323,True,S7-1500/ET 200MP Manual Collection,A5E52301141-AB,5437,设备特定信息 > 工艺模块 > 工艺模块 TM FAST (6ES7554-1AA00-0AB0) > 7 中断/诊断报警 > 7.1 状态和错误指示灯,,,S7-1500 MODULE,TM FAST,6ES7554-1AA00-0AB0,diagnostic_alarm_page,real_manual_page,True,True,
ASSET_0648,safeplc_assist_box/frontend/assets/demo_evidence_150/troubleshooting/page_05439.jpg,page_05439.jpg,254226,8678f24eb3087b81006c728bca54593fb9674225fa7329784298680994e1dd92,993,1323,True,S7-1500/ET 200MP Manual Collection,A5E52301141-AB,5439,设备特定信息 > 工艺模块 > 工艺模块 TM FAST (6ES7554-1AA00-0AB0) > 7 中断/诊断报警 > 7.2 诊断报警,,,S7-1500 MODULE,TM FAST,6ES7554-1AA00-0AB0,diagnostic_alarm_page,real_manual_page,True,True,
ASSET_0649,safeplc_assist_box/frontend/assets/demo_evidence_150/installation_power/page_05441.jpg,page_05441.jpg,145971,0576826de3b6d9bb1e58d51698bf6f755ff04249e529c7d276ad6ca6bf97f758,993,1323,True,S7-1500/ET 200MP Manual Collection,A5E52301141-AB,5441,设备特定信息 > 工艺模块 > 工艺模块 TM FAST (6ES7554-1AA00-0AB0) > 8 技术规范,,,S7-1500 MODULE,TM FAST,6ES7554-1AA00-0AB0,installation_power_page,real_manual_page,True,True,
ASSET_0650,safeplc_assist_box/frontend/assets/demo_evidence_150/parameters/page_05442.jpg,page_05442.jpg,164692,73132576d6c02c6c13ac4207bd31164aded672396e617b3eee1256289e05f5fa,993,1323,True,S7-1500/ET 200MP Manual Collection,A5E52301141-AB,5442,设备特定信息 > 工艺模块 > 工艺模块 TM FAST (6ES7554-1AA00-0AB0) > 8 技术规范,,,S7-1500 MODULE,TM FAST,6ES7554-1AA00-0AB0,table_or_parameter_page,real_manual_page,True,True,
ASSET_0651,safeplc_assist_box/frontend/assets/demo_evidence_150/parameters/page_05447.jpg,page_05447.jpg,209751,eb9e8aa87c8a52a8c39623be633197d928e056ff7966712843e60fb05958864b,993,1323,True,S7-1500/ET 200MP Manual Collection,A5E52301141-AB,5447,设备特定信息 > 工艺模块 > 工艺模块 TM FAST (6ES7554-1AA00-0AB0) > B 参数数据记录 > B.1 参数分配和参数数据记录的结构,,,S7-1500 MODULE,TM FAST,6ES7554-1AA00-0AB0,table_or_parameter_page,real_manual_page,True,True,
ASSET_0652,safeplc_assist_box/frontend/assets/demo_evidence_150/module_layout/page_05465.jpg,page_05465.jpg,207672,9141235b5ce63956f3b25dbcfcd4a782c474d4b0f26e326449f5d5462da9afe5,993,1323,True,S7-1500/ET 200MP Manual Collection,A5E52559861-AB,5465,设备特定信息 > 工艺模块 > Creating a TM FAST application > 1 Guide to S7-1500/ET 200MP documentation,,,unknown,unknown,unknown,module_cpu_page,real_manual_page,True,True,
ASSET_0653,safeplc_assist_box/frontend/assets/demo_evidence_150/module_layout/page_05528.jpg,page_05528.jpg,173744,1f3903398d9479d56237144083dc4282e7af1ef82b8dc0e61346987d9ffe5ee9,993,1323,True,S7-1500/ET 200MP Manual Collection,A5E52603241-AB,5528,设备特定信息 > 工艺模块 > 工艺模块 TM MFP > 1 简介 > 1.3 文档指南,,,S7-1500 MODULE,TM MFP,unknown,module_cpu_page,real_manual_page,True,True,
ASSET_0654,safeplc_assist_box/frontend/assets/demo_evidence_150/installation_power/page_05540.jpg,page_05540.jpg,134492,37115541741c8511306296b303ac80674587ee2025ef09532708f673586089cf,993,1323,True,S7-1500/ET 200MP Manual Collection,A5E52603241-AB,5540,设备特定信息 > 工艺模块 > 工艺模块 TM MFP > 4 安装与连接 > 4.1 安装和连接 TM MFP,图 2-1176,仰视图,S7-1500 MODULE,TM MFP,unknown,installation_power_page,real_manual_page,True,True,
ASSET_0655,safeplc_assist_box/frontend/assets/demo_evidence_150/indicators/page_05542.jpg,page_05542.jpg,120788,a20bd3b844877c0c541bb4ea8d58e7dd1b09de449d099c9c2bcd65125dbdb7cc,993,1323,True,S7-1500/ET 200MP Manual Collection,A5E52603241-AB,5542,设备特定信息 > 工艺模块 > 工艺模块 TM MFP > 4 安装与连接 > 4.2 电路示意图,图 2-1177,电路示意图,S7-1500 MODULE,TM MFP,unknown,front_panel_or_led_page,real_manual_page,True,True,
ASSET_0656,safeplc_assist_box/frontend/assets/demo_evidence_150/troubleshooting/page_05587.jpg,page_05587.jpg,279782,3a5f51d6d781423a48775003e409502228f654e0c8f4c1634cd024613cb53a1a,993,1323,True,S7-1500/ET 200MP Manual Collection,unknown,5587,设备特定信息 > 故障安全模块 > 模拟量输入模块 F-AI 8xI 0(4)..20mA (6ES7536-1MF00-0AB0) > 目录,,,unknown,unknown,6ES7536-1MF00-0AB0,diagnostic_alarm_page,real_manual_page,True,True,
ASSET_0657,safeplc_assist_box/frontend/assets/demo_evidence_150/module_layout/page_05591.jpg,page_05591.jpg,163434,497cc26da59a4a0e5f919c042a3306edc9e598e7db64c023cb7f03f909c79048,993,1323,True,S7-1500/ET 200MP Manual Collection,A5E51970422-AC,5591,设备特定信息 > 故障安全模块 > 模拟量输入模块 F-AI 8xI 0(4)..20mA (6ES7536-1MF00-0AB0) > 1 简介 > 1.1 S7-1500/ET 200MP 文档指南 > 1.1.1 S7-1500/ET 200MP 文档指南,,,ET 200MP,ET 200MP,6ES7536-1MF00-0AB0,module_cpu_page,real_manual_page,True,True,
ASSET_0658,safeplc_assist_box/frontend/assets/demo_evidence_150/wiring_terminal/page_05600.jpg,page_05600.jpg,116771,607d05b57f3e64b8d7f1ac80bc6ba5b7acab3672cc98a1966902d44d3bdd6f30,993,1323,True,S7-1500/ET 200MP Manual Collection,A5E51970422-AC,5600,设备特定信息 > 故障安全模块 > 模拟量输入模块 F-AI 8xI 0(4)..20mA (6ES7536-1MF00-0AB0) > 4 连接 > 4.1 方框图,图 2-1195,电源元件连接,unknown,unknown,6ES7536-1MF00-0AB0,wiring_or_terminal_page,real_manual_page,True,True,
ASSET_0659,safeplc_assist_box/frontend/assets/demo_evidence_150/troubleshooting/page_05602.jpg,page_05602.jpg,214010,6fee6129f81de65eba9a59db17cd5d135c3a5e24bfa4a97272abb3ea77879b4b,993,1323,True,S7-1500/ET 200MP Manual Collection,A5E51970422-AC,5602,设备特定信息 > 故障安全模块 > 模拟量输入模块 F-AI 8xI 0(4)..20mA (6ES7536-1MF00-0AB0) > 4 连接 > 4.1 方框图,图 2-1196,方框图,unknown,unknown,6ES7536-1MF00-0AB0,diagnostic_alarm_page,real_manual_page,True,True,
ASSET_0660,safeplc_assist_box/frontend/assets/demo_evidence_150/parameters/page_05618.jpg,page_05618.jpg,181378,223fd00b70deb330dfe45cb3c6f21a33591ed95497b2f22421c3dd44cca98dd7,993,1323,True,S7-1500/ET 200MP Manual Collection,A5E51970422-AC,5618,设备特定信息 > 故障安全模块 > 模拟量输入模块 F-AI 8xI 0(4)..20mA (6ES7536-1MF00-0AB0) > 6 参数/地址空间 > 6.2 参数,,,unknown,unknown,6ES7536-1MF00-0AB0,table_or_parameter_page,real_manual_page,True,True,
ASSET_0661,safeplc_assist_box/frontend/assets/demo_evidence_150/troubleshooting/page_05658.jpg,page_05658.jpg,200376,ce5ec9af9688a54ad8a44392c033947f0d0640b5a5e829a90d84ab0dbf86edfe,993,1323,True,S7-1500/ET 200MP Manual Collection,A5E51970422-AC,5658,设备特定信息 > 故障安全模块 > 模拟量输入模块 F-AI 8xI 0(4)..20mA (6ES7536-1MF00-0AB0) > 8 中断/诊断消息 > 8.2 中断,,,unknown,unknown,6ES7536-1MF00-0AB0,diagnostic_alarm_page,real_manual_page,True,True,
ASSET_0662,safeplc_assist_box/frontend/assets/demo_evidence_150/troubleshooting/page_05659.jpg,page_05659.jpg,187406,beabdeb4c4a687e8bb3d3a22f9ed2937e949cbb2fbca82b5993d5b1dcf69aca1,993,1323,True,S7-1500/ET 200MP Manual Collection,A5E51970422-AC,5659,设备特定信息 > 故障安全模块 > 模拟量输入模块 F-AI 8xI 0(4)..20mA (6ES7536-1MF00-0AB0) > 8 中断/诊断消息 > 8.2 中断,,,unknown,unknown,6ES7536-1MF00-0AB0,diagnostic_alarm_page,real_manual_page,True,True,
ASSET_0663,safeplc_assist_box/frontend/assets/demo_evidence_150/parameters/page_05660.jpg,page_05660.jpg,269332,82d2d8e31513033d7ebf3b190d4aacec0a9a7331a44c09bfca14c344e89d8e10,993,1323,True,S7-1500/ET 200MP Manual Collection,A5E51970422-AC,5660,设备特定信息 > 故障安全模块 > 模拟量输入模块 F-AI 8xI 0(4)..20mA (6ES7536-1MF00-0AB0) > 8 中断/诊断消息 > 8.3 诊断报警,,,unknown,unknown,6ES7536-1MF00-0AB0,table_or_parameter_page,real_manual_page,True,True,
ASSET_0664,safeplc_assist_box/frontend/assets/demo_evidence_150/parameters/page_05661.jpg,page_05661.jpg,284452,9bb0076d293905d6b630b663b59f2451f4de679361438d973944269e1c8da063,993,1323,True,S7-1500/ET 200MP Manual Collection,A5E51970422-AC,5661,设备特定信息 > 故障安全模块 > 模拟量输入模块 F-AI 8xI 0(4)..20mA (6ES7536-1MF00-0AB0) > 8 中断/诊断消息 > 8.3 诊断报警,,,unknown,unknown,6ES7536-1MF00-0AB0,table_or_parameter_page,real_manual_page,True,True,
ASSET_0665,safeplc_assist_box/frontend/assets/demo_evidence_150/troubleshooting/page_05663.jpg,page_05663.jpg,231325,d6c1541e8c599572c2ea3cbbc79787f9db1c19428b325a3d8f12acafd7e98bc9,993,1323,True,S7-1500/ET 200MP Manual Collection,A5E51970422-AC,5663,设备特定信息 > 故障安全模块 > 模拟量输入模块 F-AI 8xI 0(4)..20mA (6ES7536-1MF00-0AB0) > 8 中断/诊断消息 > 8.3 诊断报警,,,unknown,unknown,6ES7536-1MF00-0AB0,diagnostic_alarm_page,real_manual_page,True,True,
ASSET_0666,safeplc_assist_box/frontend/assets/demo_evidence_150/parameters/page_05665.jpg,page_05665.jpg,161778,927f687a090dd90569b2ad09e2c868b95cd656fa5d71a127938078f6e41ae478,993,1323,True,S7-1500/ET 200MP Manual Collection,A5E51970422-AC,5665,设备特定信息 > 故障安全模块 > 模拟量输入模块 F-AI 8xI 0(4)..20mA (6ES7536-1MF00-0AB0) > 9 技术规范,,,unknown,unknown,6ES7536-1MF00-0AB0,table_or_parameter_page,real_manual_page,True,True,
ASSET_0667,safeplc_assist_box/frontend/assets/demo_evidence_150/parameters/page_05666.jpg,page_05666.jpg,152586,9912f2fc1613a17b870032d94de569e2c827480436efa580c3953beea34542ab,993,1323,True,S7-1500/ET 200MP Manual Collection,A5E51970422-AC,5666,设备特定信息 > 故障安全模块 > 模拟量输入模块 F-AI 8xI 0(4)..20mA (6ES7536-1MF00-0AB0) > 9 技术规范,,,unknown,unknown,6ES7536-1MF00-0AB0,table_or_parameter_page,real_manual_page,True,True,
ASSET_0668,safeplc_assist_box/frontend/assets/demo_evidence_150/safety/page_05697.jpg,page_05697.jpg,157245,e9c404b5357bc49fdd53b1fe81db2adc1a43d55b7197017cc6dc48f9ca69363b,993,1323,True,S7-1500/ET 200MP Manual Collection,A5E34471964-AA,5697,设备特定信息 > 故障安全模块 > 数字量输入模块 F-DI 16x24VDC (6ES7526-1BH00-0AB0) > 2 产品概述 > 2.1 特性,,,unknown,unknown,6ES7526-1BH00-0AB0,safety_risk_page,real_manual_page,True,True,
ASSET_0669,safeplc_assist_box/frontend/assets/demo_evidence_150/wiring_terminal/page_05700.jpg,page_05700.jpg,203446,b99907bf5b08871b603b6ebe7eaae5e7d785d624a504b2fbb4e2f6df66cc877c,993,1323,True,S7-1500/ET 200MP Manual Collection,A5E34471964-AA,5700,设备特定信息 > 故障安全模块 > 数字量输入模块 F-DI 16x24VDC (6ES7526-1BH00-0AB0) > 3 连接 > 3.1 方框图,图 2-1215,F-DI 16x24VDC 的方框图,unknown,unknown,6ES7526-1BH00-0AB0,wiring_or_terminal_page,real_manual_page,True,True,
ASSET_0670,safeplc_assist_box/frontend/assets/demo_evidence_150/parameters/page_05736.jpg,page_05736.jpg,238302,51d44f18d329a97a8d84801465f2f4475bbe5b568107f05998aa63d8545aa890,993,1323,True,S7-1500/ET 200MP Manual Collection,A5E34471964-AA,5736,设备特定信息 > 故障安全模块 > 数字量输入模块 F-DI 16x24VDC (6ES7526-1BH00-0AB0) > 6 中断/诊断消息 > 6.3 诊断报警,,,unknown,unknown,6ES7526-1BH00-0AB0,table_or_parameter_page,real_manual_page,True,True,
ASSET_0671,safeplc_assist_box/frontend/assets/demo_evidence_150/troubleshooting/page_05738.jpg,page_05738.jpg,250201,6ea55e2927eea26a1c51d46ad5fc5981918825ec92188b74eede8e31d7613f0f,993,1323,True,S7-1500/ET 200MP Manual Collection,A5E34471964-AA,5738,设备特定信息 > 故障安全模块 > 数字量输入模块 F-DI 16x24VDC (6ES7526-1BH00-0AB0) > 6 中断/诊断消息 > 6.3 诊断报警,,,unknown,unknown,6ES7526-1BH00-0AB0,diagnostic_alarm_page,real_manual_page,True,True,
ASSET_0672,safeplc_assist_box/frontend/assets/demo_evidence_150/safety/page_05783.jpg,page_05783.jpg,265067,ebfc9840b9999b58691d11050c8c1b51fd9d6237462620d594c3b50539ba23d3,993,1323,True,S7-1500/ET 200MP Manual Collection,A5E34473010-AA,5783,设备特定信息 > 故障安全模块 > 数字量输出模块 F-DQ 8x24VDC/2A PPM (6ES7526-2BF00-0AB0) > 5 F-I/O 模块的应用 > 5.3 应用：连接每个数字量输出的负载与 L+ 和 M，PM 开关模式,图 2-1237,数字量输出模块 F-DQ 8x24VDC/2A PPM（PM 开关模式）中，2 个继电器连接 1 个 F-DQ 的接线图,unknown,unknown,6ES7526-2BF00-0AB0,safety_risk_page,real_manual_page,True,True,
ASSET_0673,safeplc_assist_box/frontend/assets/demo_evidence_150/parameters/page_05795.jpg,page_05795.jpg,232552,b9f21d047997fe508417cc51b651e19fc2a447798a3b050d63b4b9e81e645549,993,1323,True,S7-1500/ET 200MP Manual Collection,A5E34473010-AA,5795,设备特定信息 > 故障安全模块 > 数字量输出模块 F-DQ 8x24VDC/2A PPM (6ES7526-2BF00-0AB0) > 6 中断/诊断消息 > 6.3 诊断报警,,,unknown,unknown,6ES7526-2BF00-0AB0,table_or_parameter_page,real_manual_page,True,True,
ASSET_0674,safeplc_assist_box/frontend/assets/demo_evidence_150/troubleshooting/page_05797.jpg,page_05797.jpg,264960,063c1d75716a703c293e731884de8b85352322fbf6b6eb20dde0c269a16b3763,993,1323,True,S7-1500/ET 200MP Manual Collection,A5E34473010-AA,5797,设备特定信息 > 故障安全模块 > 数字量输出模块 F-DQ 8x24VDC/2A PPM (6ES7526-2BF00-0AB0) > 6 中断/诊断消息 > 6.3 诊断报警,,,unknown,unknown,6ES7526-2BF00-0AB0,diagnostic_alarm_page,real_manual_page,True,True,
ASSET_0675,safeplc_assist_box/frontend/assets/demo_evidence_150/troubleshooting/page_05799.jpg,page_05799.jpg,176082,52c80fa784a2d38d7cc230e3fd322d7949aa208d2157f0ffd6e889e0932224cc,993,1323,True,S7-1500/ET 200MP Manual Collection,A5E34473010-AA,5799,设备特定信息 > 故障安全模块 > 数字量输出模块 F-DQ 8x24VDC/2A PPM (6ES7526-2BF00-0AB0) > 7 技术规范,,,unknown,unknown,6ES7526-2BF00-0AB0,diagnostic_alarm_page,real_manual_page,True,True,
ASSET_0676,safeplc_assist_box/frontend/assets/demo_evidence_150/module_layout/page_05818.jpg,page_05818.jpg,282399,cf514beb918b0b6d7c4c9d4cff39915d7f5a9b0dca87f95cf1949f6f9afdf90c,993,1323,True,S7-1500/ET 200MP Manual Collection,A5E37968756-AA,5818,设备特定信息 > 故障安全模块 > Product information for the fail-safe modules > Content,,,unknown,unknown,unknown,module_cpu_page,real_manual_page,True,True,
ASSET_0677,safeplc_assist_box/frontend/assets/demo_evidence_150/safety/page_05822.jpg,page_05822.jpg,226635,4e8e9f5b74f9ce242c3f8b887a91a16f86cb1906ec46ffe1169ab1c9d1cbfbd2,993,1323,True,S7-1500/ET 200MP Manual Collection,A5E52003937-AC,5822,设备特定信息 > 故障安全模块 > 通过 GSD 文件对 ET 200MP 故障安全模块进行组态的依赖项 > 简介,,,ET 200MP,ET 200MP,unknown,safety_risk_page,real_manual_page,True,True,
ASSET_0678,safeplc_assist_box/frontend/assets/demo_evidence_150/module_layout/page_05832.jpg,page_05832.jpg,146085,181dfd9a31306f0525e3f157cbfd4dc9050cfc12ba05df6ca2bc7e440913dd59,993,1323,True,S7-1500/ET 200MP Manual Collection,A5E03777488-AB,5832,"设备特定信息 > 通信模块 > 通信模块 CM PtP RS422/485 BA (6ES7540-1AB01-0AA0), CM PtP RS422/485 HF （6ES7541-1AB01-0AB0） > 1 S7-1500/ET 200MP 文档指南 > 1.1 S7-1500/ET 200MP 文档指南",,,unknown,unknown,unknown,module_cpu_page,real_manual_page,True,True,
ASSET_0679,safeplc_assist_box/frontend/assets/demo_evidence_150/troubleshooting/page_05857.jpg,page_05857.jpg,158698,117a5e8233820c9be5213b9b9f4232fb3bb58eebb95cf4039e4b114deb5f6e3e,993,1323,True,S7-1500/ET 200MP Manual Collection,A5E03777488-AB,5857,"设备特定信息 > 通信模块 > 通信模块 CM PtP RS422/485 BA (6ES7540-1AB01-0AA0), CM PtP RS422/485 HF （6ES7541-1AB01-0AB0） > 6 中断/诊断消息 > 6.2 诊断报警",,,S7-1500 MODULE,CM PTP,unknown,diagnostic_alarm_page,real_manual_page,True,True,
ASSET_0680,safeplc_assist_box/frontend/assets/demo_evidence_150/troubleshooting/page_05858.jpg,page_05858.jpg,257545,d9a258d592b798175203d206f0245af6cde773d03b6a951cedf80d2872926782,993,1323,True,S7-1500/ET 200MP Manual Collection,A5E03777488-AB,5858,"设备特定信息 > 通信模块 > 通信模块 CM PtP RS422/485 BA (6ES7540-1AB01-0AA0), CM PtP RS422/485 HF （6ES7541-1AB01-0AB0） > 6 中断/诊断消息 > 6.3 通过 EventTracePtP 进行诊断",,,S7-1500 MODULE,CM PTP,unknown,diagnostic_alarm_page,real_manual_page,True,True,
ASSET_0681,safeplc_assist_box/frontend/assets/demo_evidence_150/parameters/page_05859.jpg,page_05859.jpg,194065,3efb05dd9ab4c7f8ca2817b2b888834789bb7326dd703dd7f4ddec90da177ba3,993,1323,True,S7-1500/ET 200MP Manual Collection,A5E03777488-AB,5859,"设备特定信息 > 通信模块 > 通信模块 CM PtP RS422/485 BA (6ES7540-1AB01-0AA0), CM PtP RS422/485 HF （6ES7541-1AB01-0AB0） > 7 技术规范",,,S7-1500 MODULE,CM PTP,unknown,table_or_parameter_page,real_manual_page,True,True,
ASSET_0682,safeplc_assist_box/frontend/assets/demo_evidence_150/module_layout/page_05868.jpg,page_05868.jpg,145484,c7557ad596391abb9b339ab1c7cc768eeca8161d1be7fcf5c7a2b470771e0ad3,993,1323,True,S7-1500/ET 200MP Manual Collection,A5E03777477-AB,5868,"设备特定信息 > 通信模块 > 通信模块 CM PtP RS232 BA (6ES7540-1AD01-0AA0), CM PtP RS232 HF (6ES7541-1AD01-0AB0) > 1 S7-1500/ET 200MP 文档指南 > 1.1 S7-1500/ET 200MP 文档指南",,,unknown,unknown,unknown,module_cpu_page,real_manual_page,True,True,
ASSET_0683,safeplc_assist_box/frontend/assets/demo_evidence_150/wiring_terminal/page_05879.jpg,page_05879.jpg,134482,f60e0ff183baddb7655e0829d9be4ddc8537e6a1756aa5762348371bda4ec78c,993,1323,True,S7-1500/ET 200MP Manual Collection,A5E03777477-AB,5879,"设备特定信息 > 通信模块 > 通信模块 CM PtP RS232 BA (6ES7540-1AD01-0AA0), CM PtP RS232 HF (6ES7541-1AD01-0AB0) > 3 连接 > 3.1 通信模块的 RS232 接口",,,S7-1500 MODULE,CM PTP,unknown,wiring_or_terminal_page,real_manual_page,True,True,
ASSET_0684,safeplc_assist_box/frontend/assets/demo_evidence_150/troubleshooting/page_05894.jpg,page_05894.jpg,201588,d3cf90419733c3ed587ca606ad316e4e590af624caf50f3d55e614f99d1e3b0f,993,1323,True,S7-1500/ET 200MP Manual Collection,A5E03777477-AB,5894,"设备特定信息 > 通信模块 > 通信模块 CM PtP RS232 BA (6ES7540-1AD01-0AA0), CM PtP RS232 HF (6ES7541-1AD01-0AB0) > 6 中断/诊断中断 > 6.2 诊断报警",,,S7-1500 MODULE,CM PTP,unknown,diagnostic_alarm_page,real_manual_page,True,True,
ASSET_0685,safeplc_assist_box/frontend/assets/demo_evidence_150/troubleshooting/page_05895.jpg,page_05895.jpg,256779,ceeb482d6b5b32177150c2d32a815745b1a2295946645ed212e7b4265581b032,993,1323,True,S7-1500/ET 200MP Manual Collection,A5E03777477-AB,5895,"设备特定信息 > 通信模块 > 通信模块 CM PtP RS232 BA (6ES7540-1AD01-0AA0), CM PtP RS232 HF (6ES7541-1AD01-0AB0) > 6 中断/诊断中断 > 6.3 通过 EventTracePtP 进行诊断",,,S7-1500 MODULE,CM PTP,unknown,diagnostic_alarm_page,real_manual_page,True,True,
ASSET_0686,safeplc_assist_box/frontend/assets/demo_evidence_150/parameters/page_05896.jpg,page_05896.jpg,179494,7b061f0751f445c3dbf00c42c5536cce433fa6c7d59116a2fd6031a4de9216c9,993,1323,True,S7-1500/ET 200MP Manual Collection,A5E03777477-AB,5896,"设备特定信息 > 通信模块 > 通信模块 CM PtP RS232 BA (6ES7540-1AD01-0AA0), CM PtP RS232 HF (6ES7541-1AD01-0AB0) > 7 技术规范",,,S7-1500 MODULE,CM PTP,unknown,table_or_parameter_page,real_manual_page,True,True,
ASSET_0687,safeplc_assist_box/frontend/assets/demo_evidence_150/module_layout/page_05905.jpg,page_05905.jpg,142894,3c551056451a1a03e34256cc15f4c70efa0c29cba7f69779d0075f56f3b0ac76,993,1323,True,S7-1500/ET 200MP Manual Collection,A5E45488607-AB,5905,设备特定信息 > 通信模块 > 通信模块 IO-Link 主站 CM 8xIO-Link (6ES7547-1JF00-0AB0) > 1 S7-1500/ET 200MP 文档指南 > 1.1 S7-1500/ET 200MP 文档指南,,,unknown,unknown,6ES7547-1JF00-0AB0,module_cpu_page,real_manual_page,True,True,
ASSET_0688,safeplc_assist_box/frontend/assets/demo_evidence_150/topology/page_05909.jpg,page_05909.jpg,276070,998457924d4cb3ffe80b340b616d32791639929ab24f3d25bb33ab3631b5361d,993,1323,True,S7-1500/ET 200MP Manual Collection,A5E45488607-AB,5909,设备特定信息 > 通信模块 > 通信模块 IO-Link 主站 CM 8xIO-Link (6ES7547-1JF00-0AB0) > 1 S7-1500/ET 200MP 文档指南 > 1.3 工具支持,,,unknown,unknown,6ES7547-1JF00-0AB0,network_topology_page,real_manual_page,True,True,
ASSET_0689,safeplc_assist_box/frontend/assets/demo_evidence_150/module_layout/page_05920.jpg,page_05920.jpg,154489,8ec37b1168707e9604b13299517a926f7f6f61bf3b3d263ed6ba96b49aca6589,993,1323,True,S7-1500/ET 200MP Manual Collection,A5E45488607-AB,5920,设备特定信息 > 通信模块 > 通信模块 IO-Link 主站 CM 8xIO-Link (6ES7547-1JF00-0AB0) > 4 参数/地址空间 > 4.3 地址空间,,,S7-1500 MODULE,CM 8XIO-LINK,6ES7547-1JF00-0AB0,module_cpu_page,real_manual_page,True,True,
ASSET_0690,safeplc_assist_box/frontend/assets/demo_evidence_150/safety/page_05946.jpg,page_05946.jpg,228003,6daefc1317adb7f7905d1e05783fad54fa932a72305d8b560c39c06a7943d5b5,993,1323,True,S7-1500/ET 200MP Manual Collection,unknown,5946,设备特定信息 > 通信模块 > SIMATIC CM 1542-1 > 目录,,,S7-1500 MODULE,CM 1542-1,unknown,safety_risk_page,real_manual_page,True,True,
ASSET_0691,safeplc_assist_box/frontend/assets/demo_evidence_150/topology/page_05950.jpg,page_05950.jpg,152842,c489be43429f9e3b45f97c2639e10a7a3d37c66b5a1d492eaecc71566768b61b,993,1323,True,S7-1500/ET 200MP Manual Collection,unknown,5950,设备特定信息 > 通信模块 > SIMATIC CM 1542-1 > 1 属性和功能 > 1.2 其它功能,,,S7-1500 MODULE,CM 1542-1,unknown,network_topology_page,real_manual_page,True,True,
ASSET_0692,safeplc_assist_box/frontend/assets/demo_evidence_150/indicators/page_05961.jpg,page_05961.jpg,150133,c89de97e5714892117017c898cf3632a2064e11e3d01c9f8ea27fc1864af31aa,993,1323,True,S7-1500/ET 200MP Manual Collection,unknown,5961,设备特定信息 > 通信模块 > SIMATIC CM 1542-1 > 2 LED、连接、二维码 > 2.1 LED 指示灯,,,S7-1500 MODULE,CM 1542-1,unknown,front_panel_or_led_page,real_manual_page,True,True,
ASSET_0693,safeplc_assist_box/frontend/assets/demo_evidence_150/safety/page_05965.jpg,page_05965.jpg,154080,68201e713c7d4641253e4a1d6580f4a32d986797eebe91e09db7e0470786a213,993,1323,True,S7-1500/ET 200MP Manual Collection,unknown,5965,设备特定信息 > 通信模块 > SIMATIC CM 1542-1 > 3 安装、连接、调试、操作 > 3.1 使用设备的重要注意事项 > 3.1.2 依据 ATEX / UKEX / IECEx / CCC-Ex 要求在危险区域使用的注意事项,,,S7-1500 MODULE,CM 1542-1,unknown,safety_risk_page,real_manual_page,True,True,
ASSET_0694,safeplc_assist_box/frontend/assets/demo_evidence_150/safety/page_05966.jpg,page_05966.jpg,172582,34b3538a6bf8e01277f806a1173796481a238e98f19e2601844e55ab60e865f0,993,1323,True,S7-1500/ET 200MP Manual Collection,unknown,5966,设备特定信息 > 通信模块 > SIMATIC CM 1542-1 > 3 安装、连接、调试、操作 > 3.1 使用设备的重要注意事项 > 3.1.3 依据 UL HazLoc 和 FM 要求在危险区域使用的注意事项,,,S7-1500 MODULE,CM 1542-1,unknown,safety_risk_page,real_manual_page,True,True,
ASSET_0695,safeplc_assist_box/frontend/assets/demo_evidence_150/safety/page_05968.jpg,page_05968.jpg,171653,48eee08b92614194bd248bc2c5c638daff362f4b2fd02789d7625fe9d0127aec,993,1323,True,S7-1500/ET 200MP Manual Collection,unknown,5968,设备特定信息 > 通信模块 > SIMATIC CM 1542-1 > 3 安装、连接、调试、操作 > 3.3 安装,,,S7-1500 MODULE,CM 1542-1,unknown,safety_risk_page,real_manual_page,True,True,
ASSET_0696,safeplc_assist_box/frontend/assets/demo_evidence_150/topology/page_05983.jpg,page_05983.jpg,165905,521d67418ff1ed1ad9812dbb67add449622597a6526c7b246d63b73ef64cb4b3,993,1323,True,S7-1500/ET 200MP Manual Collection,unknown,5983,设备特定信息 > 通信模块 > SIMATIC CM 1542-1 > 4 组态，程序块 > 4.7 用于 OUC 的程序块,,,S7-1500 MODULE,CM 1542-1,unknown,network_topology_page,real_manual_page,True,True,
ASSET_0697,safeplc_assist_box/frontend/assets/demo_evidence_150/indicators/page_05990.jpg,page_05990.jpg,164888,1ad7f087b7aa3384050e5d29d3850b4a67f3c627ecbdcf3461f57bace05ee362,993,1323,True,S7-1500/ET 200MP Manual Collection,unknown,5990,设备特定信息 > 通信模块 > SIMATIC CM 1542-1 > 5 诊断和保养 > 5.2 维护 > 5.2.2 复位为出厂设置,,,S7-1500 MODULE,CM 1542-1,unknown,front_panel_or_led_page,real_manual_page,True,True,
ASSET_0698,safeplc_assist_box/frontend/assets/demo_evidence_150/parameters/page_05992.jpg,page_05992.jpg,197067,51bb1b8641966d38a6f942cab5979b2a97c20122263541678af33838b75fc823,993,1323,True,S7-1500/ET 200MP Manual Collection,unknown,5992,设备特定信息 > 通信模块 > SIMATIC CM 1542-1 > 6 技术规范 > 6.1 CM (6GK7542-1AX00-0XE0) 的技术规范,,,S7-1500 MODULE,CM 1542-1,unknown,table_or_parameter_page,real_manual_page,True,True,
ASSET_0699,safeplc_assist_box/frontend/assets/demo_evidence_150/parameters/page_05993.jpg,page_05993.jpg,201521,95884a281b9a6fd158b7e9896654bd1d54183462d970fd02c06be560546b66b8,993,1323,True,S7-1500/ET 200MP Manual Collection,unknown,5993,设备特定信息 > 通信模块 > SIMATIC CM 1542-1 > 6 技术规范 > 6.2 CM (6GK7542-1AX10-0XE0) 的技术规范,,,S7-1500 MODULE,CM 1542-1,unknown,table_or_parameter_page,real_manual_page,True,True,
ASSET_0700,safeplc_assist_box/frontend/assets/demo_evidence_150/safety/page_05997.jpg,page_05997.jpg,214951,859fda9923d99844fed3d092cb8a73cd29f84791d9993f3efb881e546ed6ce59,993,1323,True,S7-1500/ET 200MP Manual Collection,unknown,5997,设备特定信息 > 通信模块 > SIMATIC CM 1542-1 > 7 认证,,,S7-1500 MODULE,CM 1542-1,unknown,safety_risk_page,real_manual_page,True,True,
ASSET_0701,safeplc_assist_box/frontend/assets/demo_evidence_150/safety/page_05999.jpg,page_05999.jpg,173986,fdacd45894087251c1f38dc3d60a2a51f62cdecd293a242bea877f12be48df1a,993,1323,True,S7-1500/ET 200MP Manual Collection,unknown,5999,设备特定信息 > 通信模块 > SIMATIC CM 1542-1 > 7 认证,,,S7-1500 MODULE,CM 1542-1,unknown,safety_risk_page,real_manual_page,True,True,
ASSET_0702,safeplc_assist_box/frontend/assets/demo_evidence_150/indicators/page_06026.jpg,page_06026.jpg,184660,5906959c0755bbd4575d028fc40b8bd80459fb56d7e51bc9e72f5e4d34546db7,993,1323,True,S7-1500/ET 200MP Manual Collection,unknown,6026,设备特定信息 > 通信模块 > SIMATIC CM 1542-5 > 2 LED、连接、二维码 > 2.2 PROFIBUS 接口,,,S7-1500 MODULE,CM 1542-5,unknown,front_panel_or_led_page,real_manual_page,True,True,
ASSET_0703,safeplc_assist_box/frontend/assets/demo_evidence_150/safety/page_06029.jpg,page_06029.jpg,115929,7a19370d939a232666faf417cc7261fe11ef6b01efb75922f0f89a1626693c8a,993,1323,True,S7-1500/ET 200MP Manual Collection,unknown,6029,设备特定信息 > 通信模块 > SIMATIC CM 1542-5 > 3 安装、接线、调试、操作、拆卸 > 3.1 使用设备的重要注意事项 > 3.1.1 有关在危险场所使用的注意事项,,,S7-1500 MODULE,CM 1542-5,unknown,safety_risk_page,real_manual_page,True,True,
ASSET_0704,safeplc_assist_box/frontend/assets/demo_evidence_150/safety/page_06030.jpg,page_06030.jpg,175058,a833cebb49c980eff2e3818486602580fdd3a1aa7a29bd0d0e2338454099eea9,993,1323,True,S7-1500/ET 200MP Manual Collection,unknown,6030,设备特定信息 > 通信模块 > SIMATIC CM 1542-5 > 3 安装、接线、调试、操作、拆卸 > 3.1 使用设备的重要注意事项 > 3.1.3 依据 UL HazLoc 和 FM 要求在危险区域使用的注意事项,,,S7-1500 MODULE,CM 1542-5,unknown,safety_risk_page,real_manual_page,True,True,
ASSET_0705,safeplc_assist_box/frontend/assets/demo_evidence_150/safety/page_06033.jpg,page_06033.jpg,152960,37378f2e80626fbaef4427260d9bd3c1dd95ccecbd4092d4249e5a021a9f1488,993,1323,True,S7-1500/ET 200MP Manual Collection,unknown,6033,设备特定信息 > 通信模块 > SIMATIC CM 1542-5 > 3 安装、接线、调试、操作、拆卸 > 3.3 安装、连接和调试,,,S7-1500 MODULE,CM 1542-5,unknown,safety_risk_page,real_manual_page,True,True,
ASSET_0706,safeplc_assist_box/frontend/assets/demo_evidence_150/troubleshooting/page_06051.jpg,page_06051.jpg,140701,f8ed5a0d5cb2ff084d3b5e98652a145ef44de2a0083273f977cd84363ce102b9,993,1323,True,S7-1500/ET 200MP Manual Collection,unknown,6051,设备特定信息 > 通信模块 > SIMATIC CM 1542-5 > 5 诊断和保养 > 5.1 诊断 > 5.1.1 诊断方法,,,S7-1500 MODULE,CM 1542-5,unknown,diagnostic_alarm_page,real_manual_page,True,True,
ASSET_0707,safeplc_assist_box/frontend/assets/demo_evidence_150/indicators/page_06061.jpg,page_06061.jpg,185485,28827c2846a66070c2e9b304af61166e470df50d20bfa24901bdfe949b7d3bad,993,1323,True,S7-1500/ET 200MP Manual Collection,unknown,6061,设备特定信息 > 通信模块 > SIMATIC CM 1542-5 > 5 诊断和保养 > 5.2 维护 > 5.2.2 模块更换,,,S7-1500 MODULE,CM 1542-5,unknown,front_panel_or_led_page,real_manual_page,True,True,
ASSET_0708,safeplc_assist_box/frontend/assets/demo_evidence_150/parameters/page_06063.jpg,page_06063.jpg,189898,da350e7d43770e4c26739341e815c73d0f42272dd977233a8417ba860c0dc451,993,1323,True,S7-1500/ET 200MP Manual Collection,unknown,6063,设备特定信息 > 通信模块 > SIMATIC CM 1542-5 > 6 技术规范 > 6.2 CM (6GK7542-5DX10-0XE0) 的技术规范,,,S7-1500 MODULE,CM 1542-5,unknown,table_or_parameter_page,real_manual_page,True,True,
ASSET_0709,safeplc_assist_box/frontend/assets/demo_evidence_150/safety/page_06067.jpg,page_06067.jpg,215274,9e973e623bee209eabcdf94af7ed835bc1a3f148f79222e18bf96d5e4a9bc8e9,993,1323,True,S7-1500/ET 200MP Manual Collection,unknown,6067,设备特定信息 > 通信模块 > SIMATIC CM 1542-5 > 7 认证,,,S7-1500 MODULE,CM 1542-5,unknown,safety_risk_page,real_manual_page,True,True,
ASSET_0710,safeplc_assist_box/frontend/assets/demo_evidence_150/safety/page_06069.jpg,page_06069.jpg,174151,869345a2185567a506730e02ce680575b4634934e5ce454f0ea54b830a765f89,993,1323,True,S7-1500/ET 200MP Manual Collection,unknown,6069,设备特定信息 > 通信模块 > SIMATIC CM 1542-5 > 7 认证,,,S7-1500 MODULE,CM 1542-5,unknown,safety_risk_page,real_manual_page,True,True,
ASSET_0711,safeplc_assist_box/frontend/assets/demo_evidence_150/indicators/page_06089.jpg,page_06089.jpg,128625,a01b117c2e06ae62063b55e768d13b75a78e68d349cfe13d9a9bdb783dc7fa08,993,1323,True,S7-1500/ET 200MP Manual Collection,unknown,6089,设备特定信息 > 通信模块 > SIMATIC CP 1542-5 > 2 产品总览、功能 > 2.5 LED,图 2-1281,CP 1542‑5 的 LED 指示灯（不带前盖）,S7-1500 MODULE,CP 1542-5,unknown,front_panel_or_led_page,real_manual_page,True,True,
ASSET_0712,safeplc_assist_box/frontend/assets/demo_evidence_150/indicators/page_06090.jpg,page_06090.jpg,123436,547b1e5ae62f8dccf1cc33930f6d1fd38975fc034089c1fe82d0739c82e47301,993,1323,True,S7-1500/ET 200MP Manual Collection,unknown,6090,设备特定信息 > 通信模块 > SIMATIC CP 1542-5 > 2 产品总览、功能 > 2.5 LED,,,S7-1500 MODULE,CP 1542-5,unknown,front_panel_or_led_page,real_manual_page,True,True,
ASSET_0713,safeplc_assist_box/frontend/assets/demo_evidence_150/safety/page_06091.jpg,page_06091.jpg,155796,3f6484a5a91207c43ed6e713a7b365e5cb4b2e6ae54553c1d3ed4631946fb38f,993,1323,True,S7-1500/ET 200MP Manual Collection,unknown,6091,设备特定信息 > 通信模块 > SIMATIC CP 1542-5 > 3 安装、接线、调试、操作、拆卸 > 3.1 使用设备时的重要注意事项 > 3.1.2 依据 ATEX / UKEX / IECEx / CCC-Ex 要求在危险区域使用的注意事项,,,S7-1500 MODULE,CP 1542-5,unknown,safety_risk_page,real_manual_page,True,True,
ASSET_0714,safeplc_assist_box/frontend/assets/demo_evidence_150/safety/page_06092.jpg,page_06092.jpg,167728,bddea3864debfdbbe35c9b2e3891a1ea819580f58a4bbf306e32178c43410f37,993,1323,True,S7-1500/ET 200MP Manual Collection,unknown,6092,设备特定信息 > 通信模块 > SIMATIC CP 1542-5 > 3 安装、接线、调试、操作、拆卸 > 3.1 使用设备时的重要注意事项 > 3.1.3 依据 UL HazLoc 和 FM 要求在危险区域使用的注意事项,,,S7-1500 MODULE,CP 1542-5,unknown,safety_risk_page,real_manual_page,True,True,
ASSET_0715,safeplc_assist_box/frontend/assets/demo_evidence_150/safety/page_06093.jpg,page_06093.jpg,160401,ebfc2b5448955565779e924a92754a46f6da187ec1b3ebe0e1d441ad85839e91,993,1323,True,S7-1500/ET 200MP Manual Collection,unknown,6093,设备特定信息 > 通信模块 > SIMATIC CP 1542-5 > 3 安装、接线、调试、操作、拆卸 > 3.2 在危险区域安装、拆卸和维修,,,S7-1500 MODULE,CP 1542-5,unknown,safety_risk_page,real_manual_page,True,True,
ASSET_0716,safeplc_assist_box/frontend/assets/demo_evidence_150/safety/page_06094.jpg,page_06094.jpg,143616,a726cf571d884af69ff88a2d2442c2400e08b121b210a0e5e33e916ba1210b32,993,1323,True,S7-1500/ET 200MP Manual Collection,unknown,6094,设备特定信息 > 通信模块 > SIMATIC CP 1542-5 > 3 安装、接线、调试、操作、拆卸 > 3.3 安装,,,S7-1500 MODULE,CP 1542-5,unknown,safety_risk_page,real_manual_page,True,True,
ASSET_0717,safeplc_assist_box/frontend/assets/demo_evidence_150/safety/page_06097.jpg,page_06097.jpg,181951,920c8ee588478bf032e450c0b061644afefa6d6db70ba88c444f2193244ffb84,993,1323,True,S7-1500/ET 200MP Manual Collection,unknown,6097,设备特定信息 > 通信模块 > SIMATIC CP 1542-5 > 3 安装、接线、调试、操作、拆卸 > 3.4 连接和调试,,,S7-1500 MODULE,CP 1542-5,unknown,safety_risk_page,real_manual_page,True,True,
ASSET_0718,safeplc_assist_box/frontend/assets/demo_evidence_150/wiring_terminal/page_06098.jpg,page_06098.jpg,161223,2388a7034c2b4f7acf95a0ddca444a1ec9348b2ca08b17610579c8af94cb3068,993,1323,True,S7-1500/ET 200MP Manual Collection,unknown,6098,设备特定信息 > 通信模块 > SIMATIC CP 1542-5 > 3 安装、接线、调试、操作、拆卸 > 3.5 CPU 模式 - 对 CP 的影响,,,S7-1500 MODULE,CP 1542-5,unknown,wiring_or_terminal_page,real_manual_page,True,True,
ASSET_0719,safeplc_assist_box/frontend/assets/demo_evidence_150/troubleshooting/page_06104.jpg,page_06104.jpg,200520,3720a44cb87193f9b2b426683e907892f05bd042202fa88eae2356ad9df43ebf,993,1323,True,S7-1500/ET 200MP Manual Collection,unknown,6104,设备特定信息 > 通信模块 > SIMATIC CP 1542-5 > 5 诊断和维护 > 5.1 诊断 > 5.1.3 标准诊断,,,S7-1500 MODULE,CP 1542-5,unknown,diagnostic_alarm_page,real_manual_page,True,True,
ASSET_0720,safeplc_assist_box/frontend/assets/demo_evidence_150/indicators/page_06111.jpg,page_06111.jpg,175364,1c61e456abc5d9b6af613873a8f3653e921ebcfb93b66e2a959f4ac819f36bfc,993,1323,True,S7-1500/ET 200MP Manual Collection,unknown,6111,设备特定信息 > 通信模块 > SIMATIC CP 1542-5 > 5 诊断和维护 > 5.2 维护 > 5.2.1 更新固件,,,S7-1500 MODULE,CP 1542-5,unknown,front_panel_or_led_page,real_manual_page,True,True,
ASSET_0721,safeplc_assist_box/frontend/assets/demo_evidence_150/indicators/page_06114.jpg,page_06114.jpg,185313,9073fe994422e9e05d9d9da1a583f0178bf4dd6a81419947a38dcb363762e9e2,993,1323,True,S7-1500/ET 200MP Manual Collection,unknown,6114,设备特定信息 > 通信模块 > SIMATIC CP 1542-5 > 5 诊断和维护 > 5.2 维护 > 5.2.3 模块更换,,,S7-1500 MODULE,CP 1542-5,unknown,front_panel_or_led_page,real_manual_page,True,True,
ASSET_0722,safeplc_assist_box/frontend/assets/demo_evidence_150/parameters/page_06116.jpg,page_06116.jpg,187097,5aef10061f929d5d7b28c572b3d60d583f0a87a3fbb48c5d9221230a29a2b466,993,1323,True,S7-1500/ET 200MP Manual Collection,unknown,6116,设备特定信息 > 通信模块 > SIMATIC CP 1542-5 > 6 技术规范 > 6.2 CP (6GK7542-5FX10-0XE0) 的技术规范,,,S7-1500 MODULE,CP 1542-5,unknown,table_or_parameter_page,real_manual_page,True,True,
ASSET_0723,safeplc_assist_box/frontend/assets/demo_evidence_150/safety/page_06120.jpg,page_06120.jpg,215026,409eb7cde8d3e8ac6c257c2b402bd2e4f29d54779a0b8cb2bc705f0570ac7b9d,993,1323,True,S7-1500/ET 200MP Manual Collection,unknown,6120,设备特定信息 > 通信模块 > SIMATIC CP 1542-5 > 7 认证,,,S7-1500 MODULE,CP 1542-5,unknown,safety_risk_page,real_manual_page,True,True,
ASSET_0724,safeplc_assist_box/frontend/assets/demo_evidence_150/safety/page_06135.jpg,page_06135.jpg,265424,a147592a34a72dd64faa5a0f07e682b51905c0fe62477c3ae5138957556aa384,993,1323,True,S7-1500/ET 200MP Manual Collection,unknown,6135,设备特定信息 > 通信模块 > SIMATIC CP 1543-1 > 目录,,,S7-1500 MODULE,CP 1543-1,unknown,safety_risk_page,real_manual_page,True,True,
ASSET_0725,safeplc_assist_box/frontend/assets/demo_evidence_150/safety/page_06154.jpg,page_06154.jpg,173329,48b4419ba46065b350f8ceaa70e51cff70344bbafdd1f7596909a2296d01f4a0,993,1323,True,S7-1500/ET 200MP Manual Collection,unknown,6154,设备特定信息 > 通信模块 > SIMATIC CP 1543-1 > 3 连接、安装、调试、拆卸 > 3.2 使用设备的重要注意事项 > 3.2.1 安全超低电压 + 冗余电源/无 NEC,,,S7-1500 MODULE,CP 1543-1,unknown,safety_risk_page,real_manual_page,True,True,
ASSET_0726,safeplc_assist_box/frontend/assets/demo_evidence_150/safety/page_06155.jpg,page_06155.jpg,186641,727af83aebd3c6320212bb744bd8dfa309c611a4a939fec93df75570e771bae5,993,1323,True,S7-1500/ET 200MP Manual Collection,unknown,6155,设备特定信息 > 通信模块 > SIMATIC CP 1543-1 > 3 连接、安装、调试、拆卸 > 3.2 使用设备的重要注意事项 > 3.2.4 依据 UL HazLoc 和 FM 要求在危险区域使用的注意事项,,,S7-1500 MODULE,CP 1543-1,unknown,safety_risk_page,real_manual_page,True,True,
ASSET_0727,safeplc_assist_box/frontend/assets/demo_evidence_150/safety/page_06158.jpg,page_06158.jpg,168995,ec17afad95c4f16daf1ada3f8c771209c8d2032cdc21f2d99c80571c91131b05,993,1323,True,S7-1500/ET 200MP Manual Collection,unknown,6158,设备特定信息 > 通信模块 > SIMATIC CP 1543-1 > 3 连接、安装、调试、拆卸 > 3.4 安装和调试 CP 1543-1,,,S7-1500 MODULE,CP 1543-1,unknown,safety_risk_page,real_manual_page,True,True,
ASSET_0728,safeplc_assist_box/frontend/assets/demo_evidence_150/topology/page_06169.jpg,page_06169.jpg,216427,b7154983db34f280a5517bdb4f379fcbaa2661462fb19932ce74f970a7cd4279,993,1323,True,S7-1500/ET 200MP Manual Collection,unknown,6169,设备特定信息 > 通信模块 > SIMATIC CP 1543-1 > 4 组态，程序块 > 4.5 IP 组态 > 4.5.5 CPU 的虚拟接口,图 2-1287,虚拟接口的原理,S7-1500 MODULE,CP 1543-1,unknown,network_topology_page,real_manual_page,True,True,
ASSET_0729,safeplc_assist_box/frontend/assets/demo_evidence_150/indicators/page_06211.jpg,page_06211.jpg,190186,a7f9dcef77b9ee2cad36bfba3b94b08d02b7dfc444d9d1e8c77d3af9c3fd5d33,993,1323,True,S7-1500/ET 200MP Manual Collection,unknown,6211,设备特定信息 > 通信模块 > SIMATIC CP 1543-1 > 5 诊断和保养 > 5.2 维护 > 5.2.2 在没有编程设备的情况下更换模块,,,S7-1500 MODULE,CP 1543-1,unknown,front_panel_or_led_page,real_manual_page,True,True,
ASSET_0730,safeplc_assist_box/frontend/assets/demo_evidence_150/safety/page_06218.jpg,page_06218.jpg,213370,a4e2c7ecc6b86a39dc34d6a8af8c9a42c16a121d6c055e26e2da80db648dd576,993,1323,True,S7-1500/ET 200MP Manual Collection,unknown,6218,设备特定信息 > 通信模块 > SIMATIC CP 1543-1 > 7 认证,,,S7-1500 MODULE,CP 1543-1,unknown,safety_risk_page,real_manual_page,True,True,
ASSET_0731,safeplc_assist_box/frontend/assets/demo_evidence_150/safety/page_06220.jpg,page_06220.jpg,173879,8c3a36594b4a0445226b4e8860f4da9f202e4a324eb9b9f0c4a4348a195b301f,993,1323,True,S7-1500/ET 200MP Manual Collection,unknown,6220,设备特定信息 > 通信模块 > SIMATIC CP 1543-1 > 7 认证,,,S7-1500 MODULE,CP 1543-1,unknown,safety_risk_page,real_manual_page,True,True,
ASSET_0732,safeplc_assist_box/frontend/assets/demo_evidence_150/module_layout/page_06238.jpg,page_06238.jpg,139046,d1b51069a02b00a71308d6ee73f810d85fa32eefb088d2d46bda2c7b610d6f26,993,1323,True,S7-1500/ET 200MP Manual Collection,A5E31825935-AD,6238,设备特定信息 > 系统功率模块 > PS 25W 24 V DC 电源模块 (6ES7505-0KA01-0AB0) > 1 简介,,,S7-1500 POWER,PS 25W 24VDC,6ES7505-0KA01-0AB0,module_cpu_page,real_manual_page,True,True,
ASSET_0733,safeplc_assist_box/frontend/assets/demo_evidence_150/module_layout/page_06239.jpg,page_06239.jpg,143804,e42fc1efe5d7d35e478313ccfe5f9d54961f6a923f2c77b8effdb7074486914b,993,1323,True,S7-1500/ET 200MP Manual Collection,A5E31825935-AD,6239,设备特定信息 > 系统功率模块 > PS 25W 24 V DC 电源模块 (6ES7505-0KA01-0AB0) > 1 简介 > 1.1 文档指南 > 1.1.1 信息类 S7-1500/ET 200MP > 1.1.1.1 S7-1500/ET 200MP 文档指南,,,unknown,unknown,6ES7505-0KA01-0AB0,module_cpu_page,real_manual_page,True,True,
ASSET_0734,safeplc_assist_box/frontend/assets/demo_evidence_150/topology/page_06242.jpg,page_06242.jpg,269737,f51e1dcdf2dc12ff317312a92b2929a3335fec286dae2d548416e7a2909e041f,993,1323,True,S7-1500/ET 200MP Manual Collection,A5E31825935-AD,6242,设备特定信息 > 系统功率模块 > PS 25W 24 V DC 电源模块 (6ES7505-0KA01-0AB0) > 1 简介 > 1.1 文档指南 > 1.1.2 基本工具,,,S7-1500 POWER,PS 25W 24VDC,6ES7505-0KA01-0AB0,network_topology_page,real_manual_page,True,True,
ASSET_0735,safeplc_assist_box/frontend/assets/demo_evidence_150/troubleshooting/page_06256.jpg,page_06256.jpg,161036,b8eecefbe3ed664bc3286c6ba92f497f5533bb5773a1fd93ee588c7572f12092,993,1323,True,S7-1500/ET 200MP Manual Collection,A5E31825935-AD,6256,设备特定信息 > 系统功率模块 > PS 25W 24 V DC 电源模块 (6ES7505-0KA01-0AB0) > 7 中断、诊断报警、错误和状态消息 > 7.2 中断,,,S7-1500 POWER,PS 25W 24VDC,6ES7505-0KA01-0AB0,diagnostic_alarm_page,real_manual_page,True,True,
ASSET_0736,safeplc_assist_box/frontend/assets/demo_evidence_150/troubleshooting/page_06257.jpg,page_06257.jpg,205196,6d3fc48bf7efe22c1227d4cb90f9d3376cccb266a49efa043825172c34096f30,993,1323,True,S7-1500/ET 200MP Manual Collection,A5E31825935-AD,6257,设备特定信息 > 系统功率模块 > PS 25W 24 V DC 电源模块 (6ES7505-0KA01-0AB0) > 7 中断、诊断报警、错误和状态消息 > 7.3 诊断报警,,,S7-1500 POWER,PS 25W 24VDC,6ES7505-0KA01-0AB0,diagnostic_alarm_page,real_manual_page,True,True,
ASSET_0737,safeplc_assist_box/frontend/assets/demo_evidence_150/installation_power/page_06260.jpg,page_06260.jpg,153754,88c7b437a1686c6e5ad61dc57e78a36b48d272861a6ee54eacead0f0f5b0ce72,993,1323,True,S7-1500/ET 200MP Manual Collection,A5E31825935-AD,6260,设备特定信息 > 系统功率模块 > PS 25W 24 V DC 电源模块 (6ES7505-0KA01-0AB0) > 9 技术规范,,,S7-1500 POWER,PS 25W 24VDC,6ES7505-0KA01-0AB0,installation_power_page,real_manual_page,True,True,
ASSET_0738,safeplc_assist_box/frontend/assets/demo_evidence_150/safety/page_06274.jpg,page_06274.jpg,101824,6a63d5ba71a59b1148d3e7b40f104acd9847f4912a8915c4a00f1689520d9c48,993,1323,True,S7-1500/ET 200MP Manual Collection,A5E31825935-AD,6274,设备特定信息 > 系统功率模块 > PS 25W 24 V DC 电源模块 (6ES7505-0KA01-0AB0) > C 认证 > C.1 认证,,,S7-1500 POWER,PS 25W 24VDC,6ES7505-0KA01-0AB0,safety_risk_page,real_manual_page,True,True,
ASSET_0739,safeplc_assist_box/frontend/assets/demo_evidence_150/module_layout/page_06276.jpg,page_06276.jpg,185326,e85e3b574c0251f09322c2f71a02e6143bbf1da40d8f333ca5caee95e57b9ab8,993,1323,True,S7-1500/ET 200MP Manual Collection,A5E31826013-AB,6276,设备特定信息 > 系统功率模块 > 电源模块 PS 60W 24/48/60VDC (6ES7505-0RA00-0AB0) > 前言 > 有个 IT 安全的注意事项,,,S7-1500 POWER,PS 60W 24/48/60VDC,6ES7505-0RA00-0AB0,module_cpu_page,real_manual_page,True,True,
ASSET_0740,safeplc_assist_box/frontend/assets/demo_evidence_150/troubleshooting/page_06286.jpg,page_06286.jpg,153033,3d1405ae62ac967be89cb3a2792da39acd148b09f564b9a9f74e9741667e04d5,993,1323,True,S7-1500/ET 200MP Manual Collection,A5E31826013-AB,6286,设备特定信息 > 系统功率模块 > 电源模块 PS 60W 24/48/60VDC (6ES7505-0RA00-0AB0) > 5 中断、诊断报警、错误和状态报警 > 5.1 状态和错误指示灯,图 2-1298,PS 60W 24/48/60VDC 上的 LED 指示灯,S7-1500 POWER,PS 60W 24/48/60VDC,6ES7505-0RA00-0AB0,diagnostic_alarm_page,real_manual_page,True,True,
ASSET_0741,safeplc_assist_box/frontend/assets/demo_evidence_150/troubleshooting/page_06287.jpg,page_06287.jpg,224790,78a535f29345f4b1f6a228fe897466b2d56096ba70ee54047705ce8bfbf5d60c,993,1323,True,S7-1500/ET 200MP Manual Collection,A5E31826013-AB,6287,设备特定信息 > 系统功率模块 > 电源模块 PS 60W 24/48/60VDC (6ES7505-0RA00-0AB0) > 5 中断、诊断报警、错误和状态报警 > 5.2 诊断报警,,,S7-1500 POWER,PS 60W 24/48/60VDC,6ES7505-0RA00-0AB0,diagnostic_alarm_page,real_manual_page,True,True,
ASSET_0742,safeplc_assist_box/frontend/assets/demo_evidence_150/troubleshooting/page_06288.jpg,page_06288.jpg,155150,7ccd9f09797d0b52bb06fdd5bc018f8013fe5dc395f8285ed7d6c5e59de78958,993,1323,True,S7-1500/ET 200MP Manual Collection,A5E31826013-AB,6288,设备特定信息 > 系统功率模块 > 电源模块 PS 60W 24/48/60VDC (6ES7505-0RA00-0AB0) > 5 中断、诊断报警、错误和状态报警 > 5.2 诊断报警,,,S7-1500 POWER,PS 60W 24/48/60VDC,6ES7505-0RA00-0AB0,diagnostic_alarm_page,real_manual_page,True,True,
ASSET_0743,safeplc_assist_box/frontend/assets/demo_evidence_150/installation_power/page_06291.jpg,page_06291.jpg,80096,ba3781353a5d51661abd811d756620c7338a7a30aab7aa7f1cc727f4252274f8,993,1323,True,S7-1500/ET 200MP Manual Collection,A5E31826013-AB,6291,设备特定信息 > 系统功率模块 > 电源模块 PS 60W 24/48/60VDC (6ES7505-0RA00-0AB0) > 6 技术规范,,,S7-1500 POWER,PS 60W 24/48/60VDC,6ES7505-0RA00-0AB0,installation_power_page,real_manual_page,True,True,
ASSET_0744,safeplc_assist_box/frontend/assets/demo_evidence_150/module_layout/page_06297.jpg,page_06297.jpg,104505,49cc35be6a2cf424fead8f55b9b2441167a432a6f4c69333548ea35c7f61d3f2,993,1323,True,S7-1500/ET 200MP Manual Collection,A5E39450011-AC,6297,设备特定信息 > 系统功率模块 > 电源模块 PS 60W 24/48/60VDC HF (6ES7505-0RB00-0AB0) > 前言 > 前言,,,S7-1500 POWER,PS 60W 24/48/60VDC HF,6ES7505-0RB00-0AB0,module_cpu_page,real_manual_page,True,True,
ASSET_0745,safeplc_assist_box/frontend/assets/demo_evidence_150/module_layout/page_06304.jpg,page_06304.jpg,154771,9a5801c4e1dd3966f0bff1e10bdad577e1d3e16228f1a38ab2fcba63c7ddeb46,993,1323,True,S7-1500/ET 200MP Manual Collection,A5E39450011-AC,6304,设备特定信息 > 系统功率模块 > 电源模块 PS 60W 24/48/60VDC HF (6ES7505-0RB00-0AB0) > 2 产品概述 > 2.1 特性,,,S7-1500 POWER,PS 60W 24/48/60VDC HF,6ES7505-0RB00-0AB0,module_cpu_page,real_manual_page,True,True,
ASSET_0746,safeplc_assist_box/frontend/assets/demo_evidence_150/module_layout/page_06308.jpg,page_06308.jpg,182434,acaa287cbada034e0dc811b81d4259bb0303f198791ad4aa9639809abe316bdf,993,1323,True,S7-1500/ET 200MP Manual Collection,A5E39450011-AC,6308,设备特定信息 > 系统功率模块 > 电源模块 PS 60W 24/48/60VDC HF (6ES7505-0RB00-0AB0) > 4 参数 > 4.1 参数,,,S7-1500 POWER,PS 60W 24/48/60VDC HF,6ES7505-0RB00-0AB0,module_cpu_page,real_manual_page,True,True,
ASSET_0747,safeplc_assist_box/frontend/assets/demo_evidence_150/troubleshooting/page_06309.jpg,page_06309.jpg,152334,4e5b0d50b3a0aabeafad5da1f85cdc3e81a1f56ccaccb06c7e5283d3160eb490,993,1323,True,S7-1500/ET 200MP Manual Collection,A5E39450011-AC,6309,设备特定信息 > 系统功率模块 > 电源模块 PS 60W 24/48/60VDC HF (6ES7505-0RB00-0AB0) > 5 中断、诊断报警、错误和状态报警 > 5.1 状态和错误指示灯,图 2-1304,PS 60W 24/48/60VDC HF 的 LED 指示灯,S7-1500 POWER,PS 60W 24/48/60VDC HF,6ES7505-0RB00-0AB0,diagnostic_alarm_page,real_manual_page,True,True,
ASSET_0748,safeplc_assist_box/frontend/assets/demo_evidence_150/troubleshooting/page_06310.jpg,page_06310.jpg,207958,9f4160e1bf5fdf1a27f52b99176d894507c63703cfddeaa99096858893d058c5,993,1323,True,S7-1500/ET 200MP Manual Collection,A5E39450011-AC,6310,设备特定信息 > 系统功率模块 > 电源模块 PS 60W 24/48/60VDC HF (6ES7505-0RB00-0AB0) > 5 中断、诊断报警、错误和状态报警 > 5.2 诊断报警,,,S7-1500 POWER,PS 60W 24/48/60VDC HF,6ES7505-0RB00-0AB0,diagnostic_alarm_page,real_manual_page,True,True,
ASSET_0749,safeplc_assist_box/frontend/assets/demo_evidence_150/parameters/page_06313.png,page_06313.png,198736,ec8078bd1566f4bc4ec6599094660df42af19efe43bb71215b8e201dd9b54d82,1241,1654,True,PS 60W 24/48/60VDC HF device manual,A5E39450011-AC,6313,设备特定信息 > 系统功率模块 > PS 60W 24/48/60VDC HF > 6 技术规范,,PS 60W 24/48/60VDC HF 技术规范表,S7-1500 POWER,PS 60W 24/48/60VDC HF,6ES7505-0RB00-0AB0,table_or_parameter_page,real_manual_page,True,True,
ASSET_0750,safeplc_assist_box/frontend/assets/demo_evidence_150/module_layout/page_06320.jpg,page_06320.jpg,185562,4a3f1da69284331264ac727c2606f98a1e79552ec6b2eec96115ac557f879d91,993,1323,True,S7-1500/ET 200MP Manual Collection,A5E31826077-AB,6320,设备特定信息 > 系统功率模块 > 电源模块 PS 60W 120/230V AC/DC (6ES7507-0RA00-0AB0) > 前言 > 有个 IT 安全的注意事项,,,S7-1500 POWER,PS 60W 120/230VAC/DC,6ES7507-0RA00-0AB0,module_cpu_page,real_manual_page,True,True,
ASSET_0751,safeplc_assist_box/frontend/assets/demo_evidence_150/troubleshooting/page_06330.jpg,page_06330.jpg,154463,2e57fde7b2158be82cd776411c04f8c351fec9d2e8dbaf803e5fe2d25cc662ef,993,1323,True,S7-1500/ET 200MP Manual Collection,A5E31826077-AB,6330,设备特定信息 > 系统功率模块 > 电源模块 PS 60W 120/230V AC/DC (6ES7507-0RA00-0AB0) > 5 中断、诊断报警、错误和状态报警 > 5.1 状态和错误指示灯,图 2-1310,PS 60W 120/230V AC/DC 模块上的 LED 指示灯,S7-1500 POWER,PS 60W 120/230VAC/DC,6ES7507-0RA00-0AB0,diagnostic_alarm_page,real_manual_page,True,True,
ASSET_0752,safeplc_assist_box/frontend/assets/demo_evidence_150/troubleshooting/page_06331.jpg,page_06331.jpg,221158,58d03ac5d0f8afbcdc695b34547d685b407df2bf95903e6177d9db5c4af9ea3a,993,1323,True,S7-1500/ET 200MP Manual Collection,A5E31826077-AB,6331,设备特定信息 > 系统功率模块 > 电源模块 PS 60W 120/230V AC/DC (6ES7507-0RA00-0AB0) > 5 中断、诊断报警、错误和状态报警 > 5.2 诊断报警,,,S7-1500 POWER,PS 60W 120/230VAC/DC,6ES7507-0RA00-0AB0,diagnostic_alarm_page,real_manual_page,True,True,
ASSET_0753,safeplc_assist_box/frontend/assets/demo_evidence_150/installation_power/page_06335.jpg,page_06335.jpg,107303,6a66d997e591edd686d1fcc85aadf1d8bcf3d6efbc605074fb6939c4ccf99286,993,1323,True,S7-1500/ET 200MP Manual Collection,A5E31826077-AB,6335,设备特定信息 > 系统功率模块 > 电源模块 PS 60W 120/230V AC/DC (6ES7507-0RA00-0AB0) > 6 技术规范,,,S7-1500 POWER,PS 60W 120/230VAC/DC,6ES7507-0RA00-0AB0,installation_power_page,real_manual_page,True,True,
ASSET_0754,safeplc_assist_box/frontend/assets/demo_evidence_150/module_layout/page_06341.jpg,page_06341.jpg,249386,0c158ffa66abbe2537fa81459619acf1880b7e588adc677a19474e5983567ede,993,1323,True,S7-1500/ET 200MP Manual Collection,A5E31691431,6341,设备特定信息 > 负载功率模块 > Laststromversorgungsmodul PM 70 W 120/230VAC > Vorwort > Hinweis zur IT-Security,,,S7-1500 POWER,PM 70W 120/230VAC,unknown,module_cpu_page,real_manual_page,True,True,
ASSET_0755,safeplc_assist_box/frontend/assets/demo_evidence_150/module_layout/page_06358.jpg,page_06358.jpg,249555,30726f8fd695e4871c870cbd8e3cb59c8fd49cc06fa2aca6ac3f531b00c875a7,993,1323,True,S7-1500/ET 200MP Manual Collection,A5E31691092,6358,设备特定信息 > 负载功率模块 > Laststromversorgungsmodul PM 190 W 120/230 VAC > Vorwort > Hinweis zur IT-Security,,,S7-1500 POWER,PM 190W 120/230VAC,unknown,module_cpu_page,real_manual_page,True,True,
ASSET_0756,safeplc_assist_box/frontend/assets/demo_evidence_150/safety/page_06480.jpg,page_06480.jpg,196297,fda431ec6ed2ea882a22c64da26935f575c57f8a04d98dbcee80eba4b00eb9d8,993,1323,True,S7-1500/ET 200MP Manual Collection,A5E49949905,6480,设备特定信息 > 数字量模块和模拟量模块的系统布线 > System cabling for S7-1500 and ET 200MP Supplement for 64-channel I/O modules > 1 Safety instructions / Consignes de sécurité,,,ET 200MP,ET 200MP,unknown,safety_risk_page,real_manual_page,True,True,
ASSET_0757,safeplc_assist_box/frontend/assets/demo_evidence_150/installation_power/page_06498.jpg,page_06498.jpg,203815,0d1c50f3d8f44dd26fc40c7b5123736ef253d04e87088d93f038d9a0b58670fa,993,1323,True,S7-1500/ET 200MP Manual Collection,A5E49949905,6498,设备特定信息 > 数字量模块和模拟量模块的系统布线 > System cabling for S7-1500 and ET 200MP Supplement for 64-channel I/O modules > 6 Technical specifications > 6.6 Technical specifications for terminal modules,,,ET 200MP,ET 200MP,unknown,installation_power_page,real_manual_page,True,True,
ASSET_0758,safeplc_assist_box/frontend/assets/demo_evidence_150/installation_power/page_06499.jpg,page_06499.jpg,203430,13d082780be1656aa93cc97ea1cff167b12d4cfff4cdd25d5fac5adc7610debc,993,1323,True,S7-1500/ET 200MP Manual Collection,A5E49949905,6499,设备特定信息 > 数字量模块和模拟量模块的系统布线 > System cabling for S7-1500 and ET 200MP Supplement for 64-channel I/O modules > 6 Technical specifications > 6.6 Technical specifications for terminal modules,,,ET 200MP,ET 200MP,unknown,installation_power_page,real_manual_page,True,True,
ASSET_0759,safeplc_assist_box/frontend/assets/demo_evidence_150/module_layout/page_06515.jpg,page_06515.jpg,150653,4c2a30457d76e3774b480e6e58699219b5e95e61293d4c388ff215a0fac52fb2,993,1323,True,S7-1500/ET 200MP Manual Collection,A5E46240574-AD,6515,设备特定信息 > 有源背板总线 > 有源背板总线 ST 1+12 插槽，有源背板总线 ST 1+8 插槽，有源背板总线 ST 1+4 插槽 > 1 简介,,,unknown,unknown,unknown,module_cpu_page,real_manual_page,True,True,
ASSET_0760,safeplc_assist_box/frontend/assets/demo_evidence_150/module_layout/page_06516.jpg,page_06516.jpg,148114,740a2075919061fbddcc64ea3890949612e13ff905b556d049f345074ba9303b,993,1323,True,S7-1500/ET 200MP Manual Collection,A5E46240574-AD,6516,设备特定信息 > 有源背板总线 > 有源背板总线 ST 1+12 插槽，有源背板总线 ST 1+8 插槽，有源背板总线 ST 1+4 插槽 > 1 简介 > 1.1  S7-1500/ET 200MP 文档指南 > 1.1.1 信息类 S7-1500/ET 200MP,,,ET 200MP,ET 200MP,unknown,module_cpu_page,real_manual_page,True,True,
ASSET_0761,safeplc_assist_box/frontend/assets/demo_evidence_150/module_layout/page_06524.jpg,page_06524.jpg,192616,be34a7d50d912545c0aba35c3725b811cd95fbce9f757c04cfe12311956b8433,993,1323,True,S7-1500/ET 200MP Manual Collection,A5E46240574-AD,6524,设备特定信息 > 有源背板总线 > 有源背板总线 ST 1+12 插槽，有源背板总线 ST 1+8 插槽，有源背板总线 ST 1+4 插槽 > 3 产品总览 > 3.3 特性,,,unknown,unknown,unknown,module_cpu_page,real_manual_page,True,True,
ASSET_0762,safeplc_assist_box/frontend/assets/demo_evidence_150/installation_power/page_06528.jpg,page_06528.jpg,160088,a1d573e62669a4ed4d18a413bbc5e47f536367e5c63dc76062cbae66524a2fd4,993,1323,True,S7-1500/ET 200MP Manual Collection,A5E46240574-AD,6528,设备特定信息 > 有源背板总线 > 有源背板总线 ST 1+12 插槽，有源背板总线 ST 1+8 插槽，有源背板总线 ST 1+4 插槽 > 4 安装 > 4.2 安装,图 2-1400,将有源背板总线插入安装导轨,unknown,unknown,unknown,installation_power_page,real_manual_page,True,True,
ASSET_0763,safeplc_assist_box/frontend/assets/demo_evidence_150/installation_power/page_06532.jpg,page_06532.jpg,224958,968ea4f9677e7bb2f044289ec674707e03a4f98371661e17843c0ac4b49447f6,993,1323,True,S7-1500/ET 200MP Manual Collection,A5E46240574-AD,6532,设备特定信息 > 有源背板总线 > 有源背板总线 ST 1+12 插槽，有源背板总线 ST 1+8 插槽，有源背板总线 ST 1+4 插槽 > 5 操作,,,unknown,unknown,unknown,installation_power_page,real_manual_page,True,True,
ASSET_0764,safeplc_assist_box/frontend/assets/demo_evidence_150/topology/page_06557.jpg,page_06557.jpg,248645,162c569f537311c653b8413563f70059541e861452f955dbea23e88f8eee4278,993,1323,True,S7-1500/ET 200MP Manual Collection,A5E41449098-AC,6557,设备特定信息 > 总线适配器 > BusAdapter > 1 简介 > 1.3 MultiFieldbus Configuration Tool (MFCT),,,unknown,unknown,unknown,network_topology_page,real_manual_page,True,True,
ASSET_0765,safeplc_assist_box/frontend/assets/demo_evidence_150/installation_power/page_06591.jpg,page_06591.jpg,138079,ecda903d129de5e00d422a459f95a5b025400f684a6b8355a3717d514378d762,993,1323,True,S7-1500/ET 200MP Manual Collection,A5E41449098-AC,6591,设备特定信息 > 总线适配器 > BusAdapter > 8 BusAdapter BA 2xLC > 8.2 连接,,,unknown,unknown,unknown,installation_power_page,real_manual_page,True,True,
ASSET_0766,safeplc_assist_box/frontend/assets/demo_evidence_150/module_layout/page_06652.jpg,page_06652.jpg,197400,5577d0429dab77b810d5d3f14412233574e3df549606ba443f4cc2f0dbc40770,993,1323,True,S7-1500/ET 200MP Manual Collection,A5E03461511-AJ,6652,综合信息 > 《CPU 功能手册》 > 循环和响应时间 > 1 简介 > 1.1 功能手册文档指南 > 1.1.1 信息类“功能手册”,,,unknown,unknown,unknown,module_cpu_page,real_manual_page,True,True,
ASSET_0767,safeplc_assist_box/frontend/assets/demo_evidence_150/topology/page_06654.jpg,page_06654.jpg,268546,d20b97d42ee747e5fb850d12b0594cea6b26c1b90eeec7d315c31f80e0914216,993,1323,True,S7-1500/ET 200MP Manual Collection,A5E03461511-AJ,6654,综合信息 > 《CPU 功能手册》 > 循环和响应时间 > 1 简介 > 1.1 功能手册文档指南 > 1.1.2 基本工具,,,unknown,unknown,unknown,network_topology_page,real_manual_page,True,True,
ASSET_0768,safeplc_assist_box/frontend/assets/demo_evidence_150/troubleshooting/page_06661.jpg,page_06661.jpg,240997,7bf7d4fc054884e758c799e1ebb2bf47ba288e5c4400093f27e2f82eb60ea5df,993,1323,True,S7-1500/ET 200MP Manual Collection,A5E03461511-AJ,6661,综合信息 > 《CPU 功能手册》 > 循环和响应时间 > 3 程序执行 > 3.2 过载特性,图 3-2,过载特性的参数分配示例,unknown,unknown,unknown,diagnostic_alarm_page,real_manual_page,True,True,
ASSET_0769,safeplc_assist_box/frontend/assets/demo_evidence_150/topology/page_06692.jpg,page_06692.jpg,192650,44ccd21d278fa32bef538e6c7a6a571136836b69b8fe6b5085af57b0a40cf3ff,993,1323,True,S7-1500/ET 200MP Manual Collection,A5E03461511-AJ,6692,综合信息 > 《CPU 功能手册》 > 循环和响应时间 > 4 循环程序的执行 > 4.2 循环时间 > 4.2.2 循环时间的影响因素 > 4.2.2.5 在第 2 个 PROFINET 接口 (X2) 上组态 PROFINET IO 通信时应遵循的特别注意事项,,,unknown,unknown,6ES751X-XXX03-0AB0,network_topology_page,real_manual_page,True,True,
ASSET_0770,safeplc_assist_box/frontend/assets/demo_evidence_150/module_layout/page_06730.jpg,page_06730.jpg,166683,ac84bdb4c15f6a0d83935585348190cc0d5374be56e77bffd27e1bd0e0be4ddc,993,1323,True,S7-1500/ET 200MP Manual Collection,A5E03461669-AE,6730,综合信息 > 《CPU 功能手册》 > CPU 存储器的结构和使用 > 1 简介 > 1.1 功能手册文档指南 > 1.1.1 信息类“功能手册”,,,unknown,unknown,unknown,module_cpu_page,real_manual_page,True,True,
ASSET_0771,safeplc_assist_box/frontend/assets/demo_evidence_150/topology/page_06733.jpg,page_06733.jpg,269214,6e91bfa5fb5f3d820c22fff6892f658e7090163f77e1d68c107ff3c7b1137814,993,1323,True,S7-1500/ET 200MP Manual Collection,A5E03461669-AE,6733,综合信息 > 《CPU 功能手册》 > CPU 存储器的结构和使用 > 1 简介 > 1.1 功能手册文档指南 > 1.1.2 基本工具,,,unknown,unknown,unknown,network_topology_page,real_manual_page,True,True,
ASSET_0772,safeplc_assist_box/frontend/assets/demo_evidence_150/troubleshooting/page_06795.jpg,page_06795.jpg,278891,9994e23bcbd0ef62c11e46c6b8576637a0034e56036e99220126e5925ba13a51,993,1323,True,S7-1500/ET 200MP Manual Collection,A5E03484629-AK,6795,综合信息 > 《CPU 功能手册》 > Web 服务器 > 1 简介,,,unknown,unknown,unknown,diagnostic_alarm_page,real_manual_page,True,True,
ASSET_0773,safeplc_assist_box/frontend/assets/demo_evidence_150/module_layout/page_06797.jpg,page_06797.jpg,161508,30e55617a9d80b71c91da6bdfbc1837c29d965055e1e8477c13440cf0c670b0e,993,1323,True,S7-1500/ET 200MP Manual Collection,A5E03484629-AK,6797,综合信息 > 《CPU 功能手册》 > Web 服务器 > 1 简介 > 1.1 功能手册文档指南 > 1.1.1 信息类“功能手册”,,,unknown,unknown,unknown,module_cpu_page,real_manual_page,True,True,
ASSET_0774,safeplc_assist_box/frontend/assets/demo_evidence_150/topology/page_06800.jpg,page_06800.jpg,268458,b451a7a1bd1f52e53bca06cb1dcc37a20c320d913ec8efe0e29adf22ade4a071,993,1323,True,S7-1500/ET 200MP Manual Collection,A5E03484629-AK,6800,综合信息 > 《CPU 功能手册》 > Web 服务器 > 1 简介 > 1.1 功能手册文档指南 > 1.1.2 基本工具,,,unknown,unknown,unknown,network_topology_page,real_manual_page,True,True,
ASSET_0775,safeplc_assist_box/frontend/assets/demo_evidence_150/safety/page_06810.jpg,page_06810.jpg,266224,a592e548d73f05790cbfbea6dbca7713e0cfcc7f592b132d022e1b9a996ec15c,993,1323,True,S7-1500/ET 200MP Manual Collection,A5E03484629-AK,6810,综合信息 > 《CPU 功能手册》 > Web 服务器 > 3 常规信息 > 3.2 组态 Web 服务器,,,unknown,unknown,unknown,safety_risk_page,real_manual_page,True,True,
ASSET_0776,safeplc_assist_box/frontend/assets/demo_evidence_150/safety/page_06825.jpg,page_06825.jpg,256883,93b383de2a1656c7f096a04d1c2c5bd2582f1955bd04d12135d8fda717d90613,993,1323,True,S7-1500/ET 200MP Manual Collection,A5E03484629-AK,6825,综合信息 > 《CPU 功能手册》 > Web 服务器 > 3 常规信息 > 3.5 用户管理,,,unknown,unknown,unknown,safety_risk_page,real_manual_page,True,True,
ASSET_0777,safeplc_assist_box/frontend/assets/demo_evidence_150/troubleshooting/page_06843.jpg,page_06843.jpg,202130,d02bda03274acc1e3c2c5d8668b588a57fe53758d587dfde03977c33855cffe8,993,1323,True,S7-1500/ET 200MP Manual Collection,A5E03484629-AK,6843,综合信息 > 《CPU 功能手册》 > Web 服务器 > 4 Web 页面 > 4.3 诊断缓冲区,图 3-95,诊断缓冲区,unknown,unknown,unknown,diagnostic_alarm_page,real_manual_page,True,True,
ASSET_0778,safeplc_assist_box/frontend/assets/demo_evidence_150/topology/page_06861.jpg,page_06861.jpg,99767,116cbadb06f56f77746781a4afb35af0d7598fceb1b0c51105c246a13a11ac5d,993,1323,True,S7-1500/ET 200MP Manual Collection,A5E03484629-AK,6861,综合信息 > 《CPU 功能手册》 > Web 服务器 > 4 Web 页面 > 4.8 通信,,,unknown,unknown,unknown,network_topology_page,real_manual_page,True,True,
ASSET_0779,safeplc_assist_box/frontend/assets/demo_evidence_150/troubleshooting/page_06870.jpg,page_06870.jpg,130592,741f436deb8b3426d4a97e74049259541ba57e38a194bdbe19dd45daf54e6e30,993,1323,True,S7-1500/ET 200MP Manual Collection,A5E03484629-AK,6870,综合信息 > 《CPU 功能手册》 > Web 服务器 > 4 Web 页面 > 4.9 拓扑结构 > 4.9.3 表格视图,,,unknown,unknown,unknown,diagnostic_alarm_page,real_manual_page,True,True,
ASSET_0780,safeplc_assist_box/frontend/assets/demo_evidence_150/troubleshooting/page_06954.jpg,page_06954.jpg,209392,27cebdf37c84172018d20cf096ce705868a9b2f2595ad7e073775b0afd5b47f0,993,1323,True,S7-1500/ET 200MP Manual Collection,A5E03484629-AK,6954,综合信息 > 《CPU 功能手册》 > Web 服务器 > 5 API（应用程序编程接口） > 5.4 Web API 基本功能 > 5.4.2 Api.GetPermissions,,,unknown,unknown,unknown,diagnostic_alarm_page,real_manual_page,True,True,
ASSET_0781,safeplc_assist_box/frontend/assets/demo_evidence_150/module_layout/page_07057.jpg,page_07057.jpg,162059,d8a63b7550b796ff239de328fb01fe5e2a12e9e10ec6e63fc3858976b395b597,993,1323,True,S7-1500/ET 200MP Manual Collection,A5E53797732-AB,7057,综合信息 > 《CPU 功能手册》 > Web 服务器 > 1 简介 > 1.2 功能手册文档指南 > 1.2.1 信息类“功能手册”,,,unknown,unknown,unknown,module_cpu_page,real_manual_page,True,True,
ASSET_0782,safeplc_assist_box/frontend/assets/demo_evidence_150/topology/page_07060.jpg,page_07060.jpg,267935,562f7ef67e247079e45343a7987283c21250ad74d5e0927e9bee643a54c99406,993,1323,True,S7-1500/ET 200MP Manual Collection,A5E53797732-AB,7060,综合信息 > 《CPU 功能手册》 > Web 服务器 > 1 简介 > 1.2 功能手册文档指南 > 1.2.2 基本工具,,,unknown,unknown,unknown,network_topology_page,real_manual_page,True,True,
ASSET_0783,safeplc_assist_box/frontend/assets/demo_evidence_150/topology/page_07067.jpg,page_07067.jpg,231208,d94d41cc63f8b8511066e730be7830484784795c2af3c172360bf5938c84e156,993,1323,True,S7-1500/ET 200MP Manual Collection,A5E53797732-AB,7067,综合信息 > 《CPU 功能手册》 > Web 服务器 > 4 设置并调用 Web 服务器 > 4.2 组态 Web 服务器,图 3-156,在 STEP 7 中激活 Web 服务器时的安全注意事项,unknown,unknown,unknown,network_topology_page,real_manual_page,True,True,
ASSET_0784,safeplc_assist_box/frontend/assets/demo_evidence_150/safety/page_07092.jpg,page_07092.jpg,245971,dd986566c74febc342fd92ac7e8ef7497335732708253b61b5f7deb5a474632b,993,1323,True,S7-1500/ET 200MP Manual Collection,A5E53797732-AB,7092,综合信息 > 《CPU 功能手册》 > Web 服务器 > 4 设置并调用 Web 服务器 > 4.6 用户管理,,,unknown,unknown,unknown,safety_risk_page,real_manual_page,True,True,
ASSET_0785,safeplc_assist_box/frontend/assets/demo_evidence_150/safety/page_07156.jpg,page_07156.jpg,219546,75e06bdcc5f6b9cf86116f9527075d88caf8e2c88687ef3945bd7e463f1aaba2,993,1323,True,S7-1500/ET 200MP Manual Collection,A5E53797732-AB,7156,综合信息 > 《CPU 功能手册》 > Web 服务器 > 6 API（应用程序编程接口） > 6.4 Web API 基本功能 > 6.4.1 Api.Login,,,unknown,unknown,unknown,safety_risk_page,real_manual_page,True,True,
ASSET_0786,safeplc_assist_box/frontend/assets/demo_evidence_150/troubleshooting/page_07256.jpg,page_07256.jpg,149874,db01bea01f8c169b2e9bc8fba3cfdf72927741ef75ba3268b1284cd4c82c7a2c,993,1323,True,S7-1500/ET 200MP Manual Collection,A5E53797732-AB,7256,综合信息 > 《CPU 功能手册》 > Web 服务器 > 6 API（应用程序编程接口） > 6.12 读取诊断和服务数据 > 6.12.2 Alarms.Browse,,,unknown,unknown,unknown,diagnostic_alarm_page,real_manual_page,True,True,
ASSET_0787,safeplc_assist_box/frontend/assets/demo_evidence_150/module_layout/page_07433.jpg,page_07433.jpg,190077,7c596fd275c648fc2bb55a9a1442af1d0426b4e4b5a09073f0c4cb0ffc4a9197,993,1323,True,S7-1500/ET 200MP Manual Collection,A5E38915112-AQ,7433,综合信息 > 《CPU 功能手册》 > SIMATIC Target for Simulink® V6.0 Service Pack 2 > 1 Introduction > 1.2 S7-1500/ET 200MP Documentation Guide > 1.2.1 S7-1500/ET 200MP documentation guide,,,ET 200MP,ET 200MP,unknown,module_cpu_page,real_manual_page,True,True,
ASSET_0788,safeplc_assist_box/frontend/assets/demo_evidence_150/module_layout/page_07568.jpg,page_07568.jpg,161859,f20c071b1106af69af0a455afd45df39ce8b0ad4c81ad6fcaec85fcb8f8748a6,993,1323,True,S7-1500/ET 200MP Manual Collection,A5E42356257-AH,7568,综合信息 > 《CPU 功能手册》 > 开放式开发工具包 1500S V2.5 SP4 > 1 简介 > 1.1 S7-1500/ET 200MP 文档指南 > 1.1.1 S7-1500/ET 200MP 文档指南,,,ET 200MP,ET 200MP,unknown,module_cpu_page,real_manual_page,True,True,
ASSET_0789,safeplc_assist_box/frontend/assets/demo_evidence_150/safety/page_07714.jpg,page_07714.jpg,219877,6d3221f842ad4fb9002a412ca1e980f9ecbb95bbc75176593a22d45c6aff0372,993,1323,True,S7-1500/ET 200MP Manual Collection,A5E37039512-AK,7714,综合信息 > 《CPU 功能手册》 > S7-PLCSIM Advanced  > 2 Industrial cybersecurity > 2.3 Operational application environment and security assumptions > 2.3.1 Intended use,,,unknown,unknown,unknown,safety_risk_page,real_manual_page,True,True,
ASSET_0790,safeplc_assist_box/frontend/assets/demo_evidence_150/module_layout/page_07809.jpg,page_07809.jpg,161298,82e34e083bf48a5ccca20bfb725f82880ae2fb069ccc49512df43cdbcd51378e,993,1323,True,S7-1500/ET 200MP Manual Collection,A5E03735842-AJ,7809,综合信息 > 《诊断功能手册》 > 诊断 > 1 简介 > 1.1 功能手册文档指南 > 1.1.1 信息类“功能手册”,,,unknown,unknown,unknown,module_cpu_page,real_manual_page,True,True,
ASSET_0791,safeplc_assist_box/frontend/assets/demo_evidence_150/topology/page_07812.jpg,page_07812.jpg,267338,11d1210aa92af5a906ea25646e5080044840ec4f99711cbc0dc6e899b0b29842,993,1323,True,S7-1500/ET 200MP Manual Collection,A5E03735842-AJ,7812,综合信息 > 《诊断功能手册》 > 诊断 > 1 简介 > 1.1 功能手册文档指南 > 1.1.2 基本工具,,,unknown,unknown,unknown,network_topology_page,real_manual_page,True,True,
ASSET_0792,safeplc_assist_box/frontend/assets/demo_evidence_150/troubleshooting/page_07828.jpg,page_07828.jpg,189907,25c8e6f285b952b28dd52646b385fbf8d5081c8d7d461b6b813e8b6c2238b5ef,993,1323,True,S7-1500/ET 200MP Manual Collection,A5E03735842-AJ,7828,综合信息 > 《诊断功能手册》 > 诊断 > 5 组态和确定系统诊断 > 5.1 在 CPU 属性中组态系统诊断,图 3-333,CPU 属性中的系统诊断,unknown,unknown,unknown,diagnostic_alarm_page,real_manual_page,True,True,
ASSET_0793,safeplc_assist_box/frontend/assets/demo_evidence_150/indicators/page_07831.jpg,page_07831.jpg,237569,ecf1858d18cee235a05ca39ef0811bdb8d8712ef42f4c30edc84db9a3bd9be26,993,1323,True,S7-1500/ET 200MP Manual Collection,A5E03735842-AJ,7831,综合信息 > 《诊断功能手册》 > 诊断 > 5 组态和确定系统诊断 > 5.3 系统诊断的显示方式 > 5.3.1 设备上的诊断信息 > 5.3.1.1 LED 指示灯,,,unknown,unknown,unknown,front_panel_or_led_page,real_manual_page,True,True,
ASSET_0794,safeplc_assist_box/frontend/assets/demo_evidence_150/troubleshooting/page_07875.jpg,page_07875.jpg,212141,4aae2dfb7f0cea8306cecd1c7aa932f7c8c791aa9732ace9377d0e8fb5bed449,993,1323,True,S7-1500/ET 200MP Manual Collection,A5E03735842-AJ,7875,综合信息 > 《诊断功能手册》 > 诊断 > 6 通过用户程序进行系统诊断 > 6.1 用户程序中的系统诊断选项,,,unknown,unknown,unknown,diagnostic_alarm_page,real_manual_page,True,True,
ASSET_0795,safeplc_assist_box/frontend/assets/demo_evidence_150/module_layout/page_07906.jpg,page_07906.jpg,190813,c7b9c899fa50387e1035f7a8fb757ce16d83e2c3060fb3abebefafec3fb7c20f,993,1323,True,S7-1500/ET 200MP Manual Collection,A5E03735842-AJ,7906,综合信息 > 《诊断功能手册》 > 诊断 > 8 S7-1500R/H 冗余系统的诊断 > 8.1 “在线和诊断视图”,图 3-397,“冗余”(Redundancy) 对话框窗口的视图,unknown,unknown,unknown,module_cpu_page,real_manual_page,True,True,
ASSET_0796,safeplc_assist_box/frontend/assets/demo_evidence_150/troubleshooting/page_07922.jpg,page_07922.jpg,177696,93ffc773ada5dfb9e5b5d64b2c4816466909bbdb12bc937293d3e4dddaf90c13,993,1323,True,S7-1500/ET 200MP Manual Collection,A5E03735842-AJ,7922,综合信息 > 《诊断功能手册》 > 诊断 > 8 S7-1500R/H 冗余系统的诊断 > 8.4 RUN-Redundant 系统状态下的诊断,,,unknown,unknown,unknown,diagnostic_alarm_page,real_manual_page,True,True,
ASSET_0797,safeplc_assist_box/frontend/assets/demo_evidence_150/module_layout/page_07933.jpg,page_07933.jpg,162270,e99ac358594ed770177ac7943b0290460f0e82bf7b4361fb5ee77fcc04316699,993,1323,True,S7-1500/ET 200MP Manual Collection,A5E31277296-AL,7933,综合信息 > 《诊断功能手册》 > 轨迹和逻辑分析器功能 > 1 简介 > 1.1 功能手册文档指南 > 1.1.1 信息类“功能手册”,,,unknown,unknown,unknown,module_cpu_page,real_manual_page,True,True,
ASSET_0798,safeplc_assist_box/frontend/assets/demo_evidence_150/topology/page_07936.jpg,page_07936.jpg,269152,fc4dfbbb773b1329ef5ed2b76b34193227c05e5d61eb9601401cdb11812ad9d0,993,1323,True,S7-1500/ET 200MP Manual Collection,A5E31277296-AL,7936,综合信息 > 《诊断功能手册》 > 轨迹和逻辑分析器功能 > 1 简介 > 1.1 功能手册文档指南 > 1.1.2 基本工具,,,unknown,unknown,unknown,network_topology_page,real_manual_page,True,True,
ASSET_0799,safeplc_assist_box/frontend/assets/demo_evidence_150/module_layout/page_08057.jpg,page_08057.jpg,196772,7c9f78e276961a0a44e371e5918e92c8a36a5663cfb80285c6f5ed79d1292713,993,1323,True,S7-1500/ET 200MP Manual Collection,A5E03735819-AN,8057,综合信息 > 《通信功能手册》 > 通信 > 1 简介 > 1.2 功能手册文档指南 > 1.2.1 信息类“功能手册”,,,unknown,unknown,unknown,module_cpu_page,real_manual_page,True,True,
ASSET_0800,safeplc_assist_box/frontend/assets/demo_evidence_150/topology/page_08059.jpg,page_08059.jpg,267419,498f0dc33c7ed9bb136e5cd2437a5b41625ea100e4d24b789de704bb3c9c023e,993,1323,True,S7-1500/ET 200MP Manual Collection,A5E03735819-AN,8059,综合信息 > 《通信功能手册》 > 通信 > 1 简介 > 1.2 功能手册文档指南 > 1.2.2 基本工具,,,unknown,unknown,unknown,network_topology_page,real_manual_page,True,True,
ASSET_0801,safeplc_assist_box/frontend/assets/demo_evidence_150/topology/page_08075.jpg,page_08075.jpg,302289,e44fec107ba455f09619f35fc089bcce6c2641fd78aa5321be391a2387c4f7a8,993,1323,True,S7-1500/ET 200MP Manual Collection,A5E03735819-AN,8075,综合信息 > 《通信功能手册》 > 通信 > 5 通信服务 > 5.2 以太网通信的通信协议和端口号,,,unknown,unknown,unknown,network_topology_page,real_manual_page,True,True,
ASSET_0802,safeplc_assist_box/frontend/assets/demo_evidence_150/topology/page_08078.jpg,page_08078.jpg,266571,bae4fdc4a13c2b66b1ba18d8acb30a1888a8ec2955ebc2d514acf23c6d6e4255,993,1323,True,S7-1500/ET 200MP Manual Collection,A5E03735819-AN,8078,综合信息 > 《通信功能手册》 > 通信 > 5 通信服务 > 5.2 以太网通信的通信协议和端口号,,,unknown,unknown,unknown,network_topology_page,real_manual_page,True,True,
